multi-notes,multi-sylphones,rhyme density,rhyme distance,rhyme strength,longnote-stress,longnote-nonstop,longnote-longvowel
1,1,0.0,0.9999997615814209,1.0,0.6999999284744263,0.5999999642372131,0.3999999761581421
1,1,0.0,0.9999997615814209,1.0,0.9999998807907104,0.4999999403953552,0.6999999284744263
1,1,0.0,0.9999997615814209,1.0,0.9999998807907104,0.6999999284744263,0.8999999165534973
1,1,0.0,0.9999997615814209,1.0,0.4999999403953552,0.5999999642372131,0.5999999642372131
1,1,0.49999987500003124,0.49999988079071045,0.2500001249999375,0.8999999165534973,0.5999999642372131,0.6999999284744263
1,1,0.0,0.9999997615814209,1.0,0.7333332896232605,0.5999999642372131,0.3999999761581421
1,1,0.0,0.9999997615814209,1.0,0.7999999523162842,0.46666663885116577,0.5999999642372131
1,1,0.0,0.9999997615814209,1.0,0.7999999523162842,0.5999999642372131,0.6666666269302368
1,1,0.0,0.9999997615814209,1.0,0.7333332896232605,0.5999999642372131,0.6666666269302368
1,1,0.49999987500003124,0.49999988079071045,0.2500001249999375,0.7333332896232605,0.5333333015441895,0.46666663885116577
1,1,0.0,0.9999995231628418,1.0,0.9999998807907104,0.8571427464485168,0.7142856121063232
1,1,0.49999987500003124,0.0,0.2500001249999375,0.7142856121063232,0.7142856121063232,0.4285713732242584
1,1,0.7499998125000469,0.33333322405815125,0.3333333888888703,0.7142856121063232,0.1428571194410324,0.5714284777641296
1,1,0.0,0.9999995231628418,1.0,0.9999998807907104,0.4285713732242584,0.8571427464485168
1,1,0.49999987500003124,0.0,0.2500001249999375,0.7142856121063232,0.5714284777641296,0.4285713732242584
1,1,0.0,0.0,1.0,0.8749998807907104,0.3749999701976776,0.3749999701976776
1,1,0.0,0.0,1.0,0.7499999403953552,0.3749999701976776,0.3749999701976776
1,1,0.0,0.0,1.0,0.6249999403953552,0.4999999403953552,0.3749999701976776
1,1,0.0,0.0,1.0,0.8749998807907104,0.3749999701976776,0.7499999403953552
1,1,0.7499998125000469,0.9999997019767761,0.3333333888888703,0.7499999403953552,0.7499999403953552,0.4999999403953552
1,1,0.49999987500003124,0.7499998211860657,0.5000001249999375,0.5999999046325684,0.7999998331069946,0.7999998331069946
1,1,0.49999987500003124,0.7499998211860657,0.5000001249999375,0.7999998331069946,0.7999998331069946,0.5999999046325684
1,1,0.0,0.9999997019767761,1.0,0.9999998211860657,0.5999999046325684,0.5999999046325684
1,1,0.49999987500003124,0.33333322405815125,0.5000001249999375,0.7999998331069946,0.7999998331069946,0.19999995827674866
1,1,0.49999987500003124,0.33333322405815125,0.2500001249999375,0.7999998331069946,0.3999999165534973,0.5999999046325684
1,1,0.49999987500003124,0.49999988079071045,0.2500001249999375,0.8999999165534973,0.7999999523162842,0.3999999761581421
1,1,0.7499998125000469,0.24999994039535522,0.5000000456214295,0.6999999284744263,0.6999999284744263,0.3999999761581421
1,1,0.49999987500003124,0.49999988079071045,0.2500001249999375,0.6999999284744263,0.5999999642372131,0.4999999403953552
1,1,0.0,0.9999997615814209,1.0,0.9999998807907104,0.5999999642372131,0.4999999403953552
1,1,0.49999987500003124,0.49999988079071045,0.2500001249999375,0.5999999642372131,0.5999999642372131,0.5999999642372131
1,1,0.49999987500003124,0.49999988079071045,0.5000001249999375,0.5999999046325684,0.7999998331069946,0.3999999165534973
1,1,0.0,0.9999997615814209,1.0,0.9999998211860657,0.5999999046325684,0.5999999046325684
1,1,0.49999987500003124,0.49999988079071045,0.2500001249999375,0.9999998211860657,0.9999998211860657,0.3999999165534973
1,1,0.0,0.9999997615814209,1.0,0.9999998211860657,0.9999998211860657,0.5999999046325684
1,1,0.0,0.9999997615814209,1.0,0.7999998331069946,0.19999995827674866,0.5999999046325684
1,1,0.0,0.9999995231628418,1.0,0.7142856121063232,0.9999998807907104,0.8571427464485168
1,1,0.49999987500003124,0.0,0.2500001249999375,0.5714284777641296,0.2857142388820648,0.4285713732242584
1,1,0.7499998125000469,0.33333322405815125,0.3333333888888703,0.7142856121063232,0.2857142388820648,0.7142856121063232
1,1,0.0,0.9999995231628418,1.0,0.9999998807907104,0.4285713732242584,0.5714284777641296
1,1,0.49999987500003124,0.0,0.2500001249999375,0.8571427464485168,0.8571427464485168,0.8571427464485168
1,1,0.49999987500003124,0.9999995231628418,0.2500001249999375,0.7999999523162842,0.4999999403953552,0.6499999165534973
1,1,0.0,0.0,1.0,0.7999999523162842,0.6499999165534973,0.5499999523162842
1,1,0.49999987500003124,0.9999995231628418,0.2500001249999375,0.7499999403953552,0.4999999403953552,0.5499999523162842
1,1,0.0,0.0,1.0,0.7999999523162842,0.3999999761581421,0.5499999523162842
1,1,0.0,0.0,1.0,0.5999999642372131,0.5499999523162842,0.4999999403953552
1,1,0.49999987500003124,0.6666664481163025,0.2500001249999375,0.5833333134651184,0.5833333134651184,0.4166666269302368
1,1,0.49999987500003124,0.6666664481163025,0.2500001249999375,0.9999999403953552,0.7499999403953552,0.5833333134651184
1,1,0.0,0.9999995231628418,1.0,0.7499999403953552,0.4999999701976776,0.4999999701976776
1,1,0.0,0.9999995231628418,1.0,0.6666666269302368,0.4166666269302368,0.4166666269302368
1,1,0.0,0.9999995231628418,1.0,0.6666666269302368,0.4999999701976776,0.5833333134651184
1,1,0.0,0.9999995231628418,1.0,0.5999999642372131,0.5999999642372131,0.5999999642372131
1,1,0.49999987500003124,0.6666664481163025,0.2500001249999375,0.7999999523162842,0.7999999523162842,0.5999999642372131
1,1,0.0,0.9999995231628418,1.0,0.8999999165534973,0.8999999165534973,0.6999999284744263
1,1,0.0,0.9999995231628418,1.0,0.7999999523162842,0.3999999761581421,0.5999999642372131
1,1,0.49999987500003124,0.0,0.2500001249999375,0.6999999284744263,0.6999999284744263,0.3999999761581421
1,1,0.49999987500003124,0.0,0.2500001249999375,0.5714284777641296,0.8571427464485168,0.7142856121063232
1,1,0.49999987500003124,0.9999997615814209,0.2500001249999375,0.9999998807907104,0.7142856121063232,0.5714284777641296
1,1,0.0,0.9999995231628418,1.0,0.8571427464485168,0.4285713732242584,0.7142856121063232
1,1,0.0,0.9999995231628418,1.0,0.4285713732242584,0.4285713732242584,0.1428571194410324
1,1,0.0,0.9999995231628418,1.0,0.8571427464485168,0.5714284777641296,0.5714284777641296
1,1,0.0,0.9999995231628418,1.0,0.8749998807907104,0.7499999403953552,0.6249999403953552
1,1,0.49999987500003124,0.6666664481163025,0.2500001249999375,0.8749998807907104,0.3749999701976776,0.6249999403953552
1,1,0.7499998125000469,0.33333322405815125,0.3333333888888703,0.8749998807907104,0.3749999701976776,0.7499999403953552
1,1,0.0,0.9999995231628418,1.0,0.9999998807907104,0.4999999403953552,0.6249999403953552
1,1,0.49999987500003124,0.6666664481163025,0.2500001249999375,0.7499999403953552,0.4999999403953552,0.4999999403953552
1,1,0.0,0.9999995231628418,1.0,0.4999999403953552,0.2499999701976776,0.2499999701976776
1,1,0.0,0.9999995231628418,1.0,0.8749998807907104,0.4999999403953552,0.6249999403953552
1,1,0.49999987500003124,0.6666664481163025,0.5000001249999375,0.9999998807907104,0.7499999403953552,0.6249999403953552
1,1,0.0,0.9999995231628418,1.0,0.8749998807907104,0.7499999403953552,0.6249999403953552
1,1,0.0,0.9999995231628418,1.0,0.7499999403953552,0.3749999701976776,0.3749999701976776
1,1,0.49999987500003124,0.9999995231628418,0.5000001249999375,0.9999998211860657,0.5999999046325684,0.5999999046325684
1,1,0.49999987500003124,0.9999995231628418,0.5000001249999375,0.5999999046325684,0.5999999046325684,0.3999999165534973
1,1,0.0,0.0,1.0,0.5999999046325684,0.7999998331069946,0.3999999165534973
1,1,0.49999987500003124,0.9999995231628418,0.5000001249999375,0.9999998211860657,0.7999998331069946,0.3999999165534973
1,1,0.49999987500003124,0.9999995231628418,0.2500001249999375,0.7999998331069946,0.9999998211860657,0.5999999046325684
1,1,0.49999987500003124,0.6666664481163025,0.5000001249999375,0.7999998331069946,0.7999998331069946,0.7999998331069946
1,1,0.49999987500003124,0.0,0.5000001249999375,0.7999998331069946,0.9999998211860657,0.5999999046325684
1,1,0.0,0.9999995231628418,1.0,0.9999998211860657,0.7999998331069946,0.7999998331069946
1,1,0.49999987500003124,0.6666664481163025,0.5000001249999375,0.9999998211860657,0.7999998331069946,0.3999999165534973
1,1,0.49999987500003124,0.6666664481163025,0.2500001249999375,0.7999998331069946,0.3999999165534973,0.3999999165534973
1,1,0.49999987500003124,0.7499998211860657,0.5000001249999375,0.9999998211860657,0.5999999046325684,0.5999999046325684
1,1,0.49999987500003124,0.7499998211860657,0.5000001249999375,0.7999998331069946,0.7999998331069946,0.5999999046325684
1,1,0.0,0.9999997019767761,1.0,0.7999998331069946,0.7999998331069946,0.5999999046325684
1,1,0.49999987500003124,0.33333322405815125,0.5000001249999375,0.9999998211860657,0.7999998331069946,0.5999999046325684
1,1,0.49999987500003124,0.33333322405815125,0.2500001249999375,0.7999998331069946,0.7999998331069946,0.5999999046325684
1,1,0.0,0.9999997615814209,1.0,0.5999999046325684,0.5999999046325684,0.5999999046325684
1,1,0.7499998125000469,0.24999994039535522,0.3333333888888703,0.7999998331069946,0.9999998211860657,0.19999995827674866
1,1,0.0,0.9999997615814209,1.0,0.5999999046325684,0.7999998331069946,0.7999998331069946
1,1,0.0,0.9999997615814209,1.0,0.5999999046325684,0.5999999046325684,0.3999999165534973
1,1,0.7499998125000469,0.24999994039535522,0.5000000456214295,0.5999999046325684,0.5999999046325684,0.5999999046325684
1,1,0.49999987500003124,0.6666664481163025,0.2500001249999375,0.7999999523162842,0.6999999284744263,0.6999999284744263
1,1,0.49999987500003124,0.6666664481163025,0.2500001249999375,0.8999999165534973,0.5999999642372131,0.3999999761581421
1,1,0.0,0.9999995231628418,1.0,0.7999999523162842,0.29999998211860657,0.3999999761581421
1,1,0.0,0.9999995231628418,1.0,0.6999999284744263,0.5999999642372131,0.3999999761581421
1,1,0.0,0.9999995231628418,1.0,0.8999999165534973,0.6999999284744263,0.6999999284744263
1,1,0.0,0.0,1.0,0.8499999046325684,0.4999999403953552,0.4999999403953552
1,1,0.0,0.0,1.0,0.6499999165534973,0.5999999642372131,0.44999995827674866
1,1,0.0,0.0,1.0,0.7499999403953552,0.6499999165534973,0.3999999761581421
1,1,0.0,0.0,1.0,0.8999999165534973,0.4999999403953552,0.4999999403953552
1,1,0.7499998125000469,0.9999997019767761,0.3333333888888703,0.6999999284744263,0.8499999046325684,0.4999999403953552
1,1,0.0,0.0,1.0,0.7777776718139648,0.4444443881511688,0.555555522441864
1,1,0.0,0.0,1.0,0.666666567325592,0.4444443881511688,0.333333283662796
1,1,0.49999987500003124,0.9999995231628418,0.5000001249999375,0.8888887763023376,0.555555522441864,0.7777776718139648
1,1,0.0,0.0,1.0,0.7777776718139648,0.666666567325592,0.666666567325592
1,1,0.0,0.0,1.0,0.7777776718139648,0.555555522441864,0.2222221940755844
1,1,0.49999987500003124,0.9999995231628418,0.2500001249999375,0.7499999403953552,0.44999995827674866,0.5499999523162842
1,1,0.0,0.0,1.0,0.7499999403953552,0.6999999284744263,0.5499999523162842
1,1,0.49999987500003124,0.9999995231628418,0.2500001249999375,0.7999999523162842,0.4999999403953552,0.6499999165534973
1,1,0.0,0.0,1.0,0.8499999046325684,0.4999999403953552,0.4999999403953552
1,1,0.0,0.0,1.0,0.6499999165534973,0.5999999642372131,0.44999995827674866
1,1,0.0,0.9999995231628418,1.0,0.7999998331069946,0.3999999165534973,0.3999999165534973
1,1,0.49999987500003124,0.6666664481163025,0.5000001249999375,0.7999998331069946,0.5999999046325684,0.5999999046325684
1,1,0.0,0.9999995231628418,1.0,0.3999999165534973,0.7999998331069946,0.19999995827674866
1,1,0.0,0.9999995231628418,1.0,0.5999999046325684,0.5999999046325684,0.3999999165534973
1,1,0.49999987500003124,0.6666664481163025,0.2500001249999375,0.19999995827674866,0.3999999165534973,0.3999999165534973
1,1,0.0,0.9999995231628418,1.0,0.5999999046325684,0.3999999165534973,0.3999999165534973
1,1,0.49999987500003124,0.0,0.5000001249999375,0.7999998331069946,0.5999999046325684,0.5999999046325684
1,1,0.0,0.9999995231628418,1.0,0.3999999165534973,0.5999999046325684,0.19999995827674866
1,1,0.0,0.9999995231628418,1.0,0.5999999046325684,0.5999999046325684,0.3999999165534973
1,1,0.49999987500003124,0.9999997615814209,0.2500001249999375,0.19999995827674866,0.3999999165534973,0.3999999165534973
1,1,0.7499998125000469,0.7499998211860657,0.5000000456214295,0.8749998807907104,0.6249999403953552,0.4999999403953552
1,1,0.49999987500003124,0.6666664481163025,0.2500001249999375,0.7499999403953552,0.4999999403953552,0.7499999403953552
1,1,0.49999987500003124,0.6666664481163025,0.2500001249999375,0.6249999403953552,0.7499999403953552,0.4999999403953552
1,1,0.0,0.9999995231628418,1.0,0.4999999403953552,0.4999999403953552,0.4999999403953552
1,1,0.0,0.9999995231628418,1.0,0.8749998807907104,0.6249999403953552,0.4999999403953552
1,1,0.0,0.9999995231628418,1.0,0.5384615063667297,0.5384615063667297,0.38461536169052124
1,1,0.0,0.9999995231628418,1.0,0.7692307233810425,0.5384615063667297,0.5384615063667297
1,1,0.49999987500003124,0.6666664481163025,0.5000001249999375,0.923076868057251,0.6923076510429382,0.615384578704834
1,1,0.0,0.9999995231628418,1.0,0.8461537957191467,0.7692307233810425,0.4615384340286255
1,1,0.0,0.9999995231628418,1.0,0.7692307233810425,0.5384615063667297,0.4615384340286255
1,1,0.0,0.9999995231628418,1.0,0.6666666269302368,0.5833333134651184,0.4166666269302368
1,1,0.49999987500003124,0.6666664481163025,0.2500001249999375,0.5833333134651184,0.4166666269302368,0.2499999850988388
1,1,0.7499998125000469,0.33333322405815125,0.3333333888888703,0.6666666269302368,0.4999999701976776,0.4166666269302368
1,1,0.0,0.9999995231628418,1.0,0.9999999403953552,0.3333333134651184,0.6666666269302368
1,1,0.49999987500003124,0.6666664481163025,0.2500001249999375,0.8333332538604736,0.7499999403953552,0.4999999701976776
1,1,0.0,0.0,1.0,0.666666567325592,0.4444443881511688,0.555555522441864
1,1,0.0,0.0,1.0,0.8888887763023376,0.666666567325592,0.4444443881511688
1,1,0.49999987500003124,0.9999995231628418,0.5000001249999375,0.666666567325592,0.7777776718139648,0.4444443881511688
1,1,0.0,0.0,1.0,0.7777776718139648,0.555555522441864,0.4444443881511688
1,1,0.0,0.0,1.0,0.7777776718139648,0.666666567325592,0.333333283662796
1,1,0.0,0.0,1.0,0.666666567325592,0.666666567325592,0.9999998211860657
1,1,0.49999987500003124,0.9999995231628418,0.2500001249999375,0.8333331942558289,0.666666567325592,0.49999991059303284
1,1,0.0,0.0,1.0,0.8333331942558289,0.8333331942558289,0.8333331942558289
1,1,0.0,0.0,1.0,0.8333331942558289,0.49999991059303284,0.8333331942558289
1,1,0.49999987500003124,0.9999995231628418,0.2500001249999375,0.8333331942558289,0.49999991059303284,0.49999991059303284
1,1,0.0,0.9999997019767761,1.0,0.8749998807907104,0.6249999403953552,0.7499999403953552
1,1,0.0,0.9999997019767761,1.0,0.8749998807907104,0.6249999403953552,0.3749999701976776
1,1,0.0,0.9999997019767761,1.0,0.4999999403953552,0.7499999403953552,0.2499999701976776
1,1,0.0,0.9999997019767761,1.0,0.8749998807907104,0.6249999403953552,0.4999999403953552
1,1,0.7499998125000469,0.49999988079071045,0.3333333888888703,0.7499999403953552,0.8749998807907104,0.4999999403953552
1,1,0.7499998125000469,0.7499998211860657,0.5000000456214295,0.8888887763023376,0.7777776718139648,0.333333283662796
1,1,0.49999987500003124,0.0,0.2500001249999375,0.7777776718139648,0.4444443881511688,0.555555522441864
1,1,0.49999987500003124,0.6666664481163025,0.2500001249999375,0.7777776718139648,0.333333283662796,0.4444443881511688
1,1,0.0,0.9999995231628418,1.0,0.555555522441864,0.666666567325592,0.555555522441864
1,1,0.0,0.9999995231628418,1.0,0.666666567325592,0.666666567325592,0.2222221940755844
1,1,0.49999987500003124,0.9999997615814209,0.5000001249999375,0.916666567325592,0.5833333134651184,0.3333333134651184
1,1,0.0,0.9999995231628418,1.0,0.9999999403953552,0.4166666269302368,0.5833333134651184
1,1,0.0,0.9999995231628418,1.0,0.7499999403953552,0.6666666269302368,0.4166666269302368
1,1,0.0,0.9999995231628418,1.0,0.5833333134651184,0.7499999403953552,0.5833333134651184
1,1,0.49999987500003124,0.6666664481163025,0.5000001249999375,0.7499999403953552,0.4166666269302368,0.7499999403953552
1,1,0.0,0.9999995231628418,1.0,0.4999999701976776,0.6666666269302368,0.4999999701976776
1,1,0.49999987500003124,0.6666664481163025,0.2500001249999375,0.7499999403953552,0.6666666269302368,0.4166666269302368
1,1,0.0,0.9999995231628418,1.0,0.916666567325592,0.8333332538604736,0.6666666269302368
1,1,0.0,0.9999995231628418,1.0,0.916666567325592,0.5833333134651184,0.7499999403953552
1,1,0.49999987500003124,0.6666664481163025,0.2500001249999375,0.4166666269302368,0.4999999701976776,0.3333333134651184
1,1,0.49999987500003124,0.9999995231628418,0.2500001249999375,0.6363635659217834,0.7272726893424988,0.3636363446712494
1,1,0.49999987500003124,0.9999995231628418,0.2500001249999375,0.9090908169746399,0.8181817531585693,0.5454545021057129
1,1,0.0,0.0,1.0,0.6363635659217834,0.27272725105285645,0.5454545021057129
1,1,0.0,0.0,1.0,0.5454545021057129,0.6363635659217834,0.27272725105285645
1,1,0.0,0.0,1.0,0.6363635659217834,0.7272726893424988,0.5454545021057129
1,1,0.0,0.0,1.0,0.5999999046325684,0.5999999046325684,0.7999998331069946
1,1,0.0,0.0,1.0,0.9999998211860657,0.9999998211860657,0.5999999046325684
1,1,0.49999987500003124,0.9999995231628418,0.2500001249999375,0.9999998211860657,0.7999998331069946,0.7999998331069946
1,1,0.0,0.0,1.0,0.9999998211860657,0.5999999046325684,0.3999999165534973
1,1,0.49999987500003124,0.9999995231628418,0.5000001249999375,0.7999998331069946,0.7999998331069946,0.5999999046325684
1,1,0.0,0.9999995231628418,1.0,0.8571427464485168,0.5714284777641296,0.7142856121063232
1,1,0.0,0.9999995231628418,1.0,0.5714284777641296,0.7142856121063232,0.5714284777641296
1,1,0.0,0.9999995231628418,1.0,0.9999998807907104,0.7142856121063232,0.5714284777641296
1,1,0.0,0.9999995231628418,1.0,0.8571427464485168,0.1428571194410324,0.4285713732242584
1,1,0.7499998125000469,0.7499998211860657,0.3333333888888703,0.5714284777641296,0.8571427464485168,0.2857142388820648
1,1,0.49999987500003124,0.9999995231628418,0.2500001249999375,0.7999999523162842,0.5999999642372131,0.4999999403953552
1,1,0.49999987500003124,0.9999995231628418,0.2500001249999375,0.8999999165534973,0.4999999403953552,0.4999999403953552
1,1,0.0,0.0,1.0,0.7999999523162842,0.6999999284744263,0.4999999403953552
1,1,0.0,0.0,1.0,0.6999999284744263,0.4999999403953552,0.3999999761581421
1,1,0.0,0.0,1.0,0.6999999284744263,0.4999999403953552,0.6999999284744263
1,1,0.49999987500003124,0.6666664481163025,0.2500001249999375,0.8571427464485168,0.8571427464485168,0.5714284777641296
1,1,0.0,0.9999995231628418,1.0,0.7142856121063232,0.9999998807907104,0.4285713732242584
1,1,0.49999987500003124,0.6666664481163025,0.2500001249999375,0.7142856121063232,0.4285713732242584,0.7142856121063232
1,1,0.0,0.9999995231628418,1.0,0.7142856121063232,0.7142856121063232,0.2857142388820648
1,1,0.0,0.9999995231628418,1.0,0.5714284777641296,0.5714284777641296,0.4285713732242584
1,1,0.0,0.0,1.0,0.6923076510429382,0.615384578704834,0.615384578704834
1,1,0.49999987500003124,0.9999995231628418,0.5000001249999375,0.8461537957191467,0.615384578704834,0.5384615063667297
1,1,0.0,0.0,1.0,0.9999999403953552,0.5384615063667297,0.8461537957191467
1,1,0.49999987500003124,0.9999995231628418,0.2500001249999375,0.6923076510429382,0.615384578704834,0.38461536169052124
1,1,0.0,0.0,1.0,0.7692307233810425,0.8461537957191467,0.23076921701431274
1,1,0.0,0.0,1.0,0.7272726893424988,0.5454545021057129,0.5454545021057129
1,1,0.49999987500003124,0.9999995231628418,0.2500001249999375,0.9090908169746399,0.7272726893424988,0.5454545021057129
1,1,0.0,0.0,1.0,0.7272726893424988,0.9999999403953552,0.5454545021057129
1,1,0.0,0.0,1.0,0.9090908169746399,0.3636363446712494,0.5454545021057129
1,1,0.49999987500003124,0.9999995231628418,0.2500001249999375,0.6363635659217834,0.6363635659217834,0.45454540848731995
1,1,0.0,0.9999995231628418,1.0,0.9999998807907104,0.5714284777641296,0.8571427464485168
1,1,0.0,0.9999995231628418,1.0,0.7142856121063232,0.9999998807907104,0.7142856121063232
1,1,0.0,0.9999995231628418,1.0,0.7142856121063232,0.5714284777641296,0.7142856121063232
1,1,0.0,0.9999995231628418,1.0,0.7142856121063232,0.4285713732242584,0.2857142388820648
1,1,0.7499998125000469,0.7499998211860657,0.3333333888888703,0.7142856121063232,0.7142856121063232,0.7142856121063232
1,1,0.7499998125000469,0.49999988079071045,0.5000000456214295,0.6923076510429382,0.6923076510429382,0.38461536169052124
1,1,0.49999987500003124,0.33333322405815125,0.2500001249999375,0.923076868057251,0.38461536169052124,0.615384578704834
1,1,0.49999987500003124,0.33333322405815125,0.2500001249999375,0.6923076510429382,0.4615384340286255,0.38461536169052124
1,1,0.0,0.9999997019767761,1.0,0.6923076510429382,0.7692307233810425,0.615384578704834
1,1,0.0,0.9999997019767761,1.0,0.6923076510429382,0.615384578704834,0.23076921701431274
1,1,0.49999987500003124,0.9999995231628418,0.2500001249999375,0.8749998807907104,0.7499999403953552,0.7499999403953552
1,1,0.0,0.0,1.0,0.8749998807907104,0.6249999403953552,0.7499999403953552
1,1,0.49999987500003124,0.9999995231628418,0.2500001249999375,0.7499999403953552,0.4999999403953552,0.6249999403953552
1,1,0.0,0.0,1.0,0.7499999403953552,0.3749999701976776,0.7499999403953552
1,1,0.0,0.0,1.0,0.4999999403953552,0.4999999403953552,0.4999999403953552
1,1,0.49999987500003124,0.9999997615814209,0.2500001249999375,0.8749998807907104,0.8749998807907104,0.3749999701976776
1,1,0.49999987500003124,0.0,0.2500001249999375,0.8749998807907104,0.7499999403953552,0.4999999403953552
1,1,0.0,0.9999995231628418,1.0,0.6249999403953552,0.4999999403953552,0.3749999701976776
1,1,0.0,0.9999995231628418,1.0,0.7499999403953552,0.9999998807907104,0.3749999701976776
1,1,0.0,0.9999995231628418,1.0,0.4999999403953552,0.7499999403953552,0.7499999403953552
1,1,0.0,0.9999995231628418,1.0,0.8333331942558289,0.8333331942558289,0.666666567325592
1,1,0.49999987500003124,0.6666664481163025,0.2500001249999375,0.8333331942558289,0.8333331942558289,0.8333331942558289
1,1,0.0,0.9999995231628418,1.0,0.666666567325592,0.8333331942558289,0.49999991059303284
1,1,0.0,0.9999995231628418,1.0,0.666666567325592,0.49999991059303284,0.49999991059303284
1,1,0.49999987500003124,0.9999997615814209,0.2500001249999375,0.666666567325592,0.666666567325592,0.333333283662796
1,1,0.49999987500003124,0.0,0.2500001249999375,0.9999997615814209,0.7499998211860657,0.24999994039535522
1,1,0.49999987500003124,0.6666664481163025,0.5000001249999375,0.7499998211860657,0.49999988079071045,0.49999988079071045
1,1,0.7499998125000469,0.33333322405815125,0.6666667172551499,0.7499998211860657,0.0,0.7499998211860657
1,1,0.49999987500003124,0.0,0.2500001249999375,0.7499998211860657,0.49999988079071045,0.24999994039535522
1,1,0.0,0.9999995231628418,1.0,0.7499998211860657,0.49999988079071045,0.24999994039535522
1,1,0.0,0.9999997019767761,1.0,0.8333331942558289,0.9999998211860657,0.666666567325592
1,1,0.49999987500003124,0.33333322405815125,0.5000001249999375,0.8333331942558289,0.666666567325592,0.333333283662796
1,1,0.0,0.9999997019767761,1.0,0.666666567325592,0.166666641831398,0.666666567325592
1,1,0.0,0.9999997019767761,1.0,0.9999998211860657,0.49999991059303284,0.8333331942558289
1,1,0.49999987500003124,0.7499998211860657,0.2500001249999375,0.8333331942558289,0.666666567325592,0.49999991059303284
1,1,0.0,0.9999995231628418,1.0,0.5999999046325684,0.7999998331069946,0.3999999165534973
1,1,0.0,0.9999995231628418,1.0,0.7999998331069946,0.7999998331069946,0.5999999046325684
1,1,0.49999987500003124,0.6666664481163025,0.2500001249999375,0.9999998211860657,0.5999999046325684,0.9999998211860657
1,1,0.0,0.9999995231628418,1.0,0.9999998211860657,0.5999999046325684,0.7999998331069946
1,1,0.49999987500003124,0.0,0.5000001249999375,0.5999999046325684,0.5999999046325684,0.19999995827674866
1,1,0.49999987500003124,0.9999997615814209,0.2500001249999375,0.4999999403953552,0.6249999403953552,0.4999999403953552
1,1,0.0,0.9999995231628418,1.0,0.8749998807907104,0.6249999403953552,0.3749999701976776
1,1,0.49999987500003124,0.9999997615814209,0.2500001249999375,0.6249999403953552,0.4999999403953552,0.6249999403953552
1,1,0.0,0.9999995231628418,1.0,0.7499999403953552,0.4999999403953552,0.3749999701976776
1,1,0.0,0.9999995231628418,1.0,0.7499999403953552,0.4999999403953552,0.4999999403953552
1,1,0.0,0.9999995231628418,1.0,0.8333331942558289,0.8333331942558289,0.666666567325592
1,1,0.49999987500003124,0.9999997615814209,0.2500001249999375,0.8333331942558289,0.666666567325592,0.49999991059303284
1,1,0.7499998125000469,0.7499998211860657,0.3333333888888703,0.8333331942558289,0.49999991059303284,0.9999998211860657
1,1,0.0,0.9999995231628418,1.0,0.9999998211860657,0.666666567325592,0.666666567325592
1,1,0.49999987500003124,0.9999997615814209,0.2500001249999375,0.49999991059303284,0.666666567325592,0.666666567325592
1,1,0.0,0.9999995231628418,1.0,0.4999999403953552,0.6249999403953552,0.3749999701976776
1,1,0.0,0.9999995231628418,1.0,0.7499999403953552,0.4999999403953552,0.4999999403953552
1,1,0.49999987500003124,0.6666664481163025,0.2500001249999375,0.8749998807907104,0.7499999403953552,0.8749998807907104
1,1,0.0,0.9999995231628418,1.0,0.7499999403953552,0.6249999403953552,0.3749999701976776
1,1,0.49999987500003124,0.0,0.5000001249999375,0.7499999403953552,0.6249999403953552,0.2499999701976776
1,1,0.49999987500003124,0.6666664481163025,0.2500001249999375,0.9999997615814209,0.7499998211860657,0.49999988079071045
1,1,0.49999987500003124,0.0,0.5000001249999375,0.7499998211860657,0.0,0.49999988079071045
1,1,0.7499998125000469,0.7499998211860657,0.6666667172551499,0.9999997615814209,0.0,0.7499998211860657
1,1,0.49999987500003124,0.6666664481163025,0.2500001249999375,0.7499998211860657,0.49999988079071045,0.7499998211860657
1,1,0.0,0.9999995231628418,1.0,0.7499998211860657,0.49999988079071045,0.49999988079071045
1,1,0.49999987500003124,0.9999997615814209,0.2500001249999375,0.7499998211860657,0.49999988079071045,0.49999988079071045
1,1,0.49999987500003124,0.6666664481163025,0.5000001249999375,0.7499998211860657,0.0,0.24999994039535522
1,1,0.7499998125000469,0.7499998211860657,0.6666667172551499,0.49999988079071045,0.24999994039535522,0.24999994039535522
1,1,0.49999987500003124,0.9999997615814209,0.2500001249999375,0.49999988079071045,0.24999994039535522,0.49999988079071045
1,1,0.0,0.9999995231628418,1.0,0.7499998211860657,0.24999994039535522,0.49999988079071045
1,1,0.0,0.0,1.0,0.7499998211860657,0.7499998211860657,0.24999994039535522
1,1,0.49999987500003124,0.9999995231628418,0.2500001249999375,0.7499998211860657,0.9999997615814209,0.0
1,1,0.0,0.0,1.0,0.7499998211860657,0.9999997615814209,0.7499998211860657
1,1,0.49999987500003124,0.9999995231628418,0.5000001249999375,0.9999997615814209,0.49999988079071045,0.7499998211860657
1,1,0.0,0.0,1.0,0.7499998211860657,0.7499998211860657,0.49999988079071045
1,1,0.0,0.9999995231628418,1.0,0.7999998331069946,0.5999999046325684,0.19999995827674866
1,1,0.7499998125000469,0.33333322405815125,0.3333333888888703,0.7999998331069946,0.5999999046325684,0.3999999165534973
1,1,0.0,0.9999995231628418,1.0,0.9999998211860657,0.7999998331069946,0.5999999046325684
1,1,0.0,0.9999995231628418,1.0,0.5999999046325684,0.19999995827674866,0.3999999165534973
1,1,0.7499998125000469,0.33333322405815125,0.5000000456214295,0.5999999046325684,0.5999999046325684,0.5999999046325684
1,1,0.0,0.9999995231628418,1.0,0.9999998211860657,0.8333331942558289,0.49999991059303284
1,1,0.7499998125000469,0.33333322405815125,0.3333333888888703,0.49999991059303284,0.8333331942558289,0.333333283662796
1,1,0.0,0.9999995231628418,1.0,0.8333331942558289,0.333333283662796,0.49999991059303284
1,1,0.0,0.9999995231628418,1.0,0.49999991059303284,0.333333283662796,0.49999991059303284
1,1,0.7499998125000469,0.33333322405815125,0.5000000456214295,0.49999991059303284,0.49999991059303284,0.666666567325592
1,1,0.49999987500003124,0.7499998211860657,0.2500001249999375,0.8888887763023376,0.666666567325592,0.555555522441864
1,1,0.49999987500003124,0.33333322405815125,0.2500001249999375,0.9999998807907104,0.555555522441864,0.555555522441864
1,1,0.0,0.9999997019767761,1.0,0.8888887763023376,0.4444443881511688,0.666666567325592
1,1,0.0,0.9999997019767761,1.0,0.555555522441864,0.555555522441864,0.1111110970377922
1,1,0.0,0.9999997019767761,1.0,0.666666567325592,0.7777776718139648,0.7777776718139648
1,1,0.49999987500003124,0.0,0.2500001249999375,0.8999999165534973,0.5999999642372131,0.3999999761581421
1,1,0.49999987500003124,0.9999997615814209,0.2500001249999375,0.7999999523162842,0.4999999403953552,0.3999999761581421
1,1,0.0,0.9999995231628418,1.0,0.6999999284744263,0.4999999403953552,0.3999999761581421
1,1,0.0,0.9999995231628418,1.0,0.6999999284744263,0.6999999284744263,0.29999998211860657
1,1,0.0,0.9999995231628418,1.0,0.7999999523162842,0.7999999523162842,0.7999999523162842
1,1,0.7499998125000469,0.24999994039535522,0.5000000456214295,0.7777776718139648,0.555555522441864,0.333333283662796
1,1,0.49999987500003124,0.49999988079071045,0.2500001249999375,0.7777776718139648,0.555555522441864,0.666666567325592
1,1,0.49999987500003124,0.49999988079071045,0.2500001249999375,0.555555522441864,0.333333283662796,0.4444443881511688
1,1,0.0,0.9999997615814209,1.0,0.8888887763023376,0.666666567325592,0.555555522441864
1,1,0.0,0.9999997615814209,1.0,0.555555522441864,0.555555522441864,0.2222221940755844
1,1,0.0,0.9999997019767761,1.0,0.7499999403953552,0.5833333134651184,0.5833333134651184
1,1,0.49999987500003124,0.33333322405815125,0.2500001249999375,0.916666567325592,0.7499999403953552,0.5833333134651184
1,1,0.49999987500003124,0.7499998211860657,0.5000001249999375,0.7499999403953552,0.5833333134651184,0.4166666269302368
1,1,0.9999997500000625,0.24999994039535522,0.2500000624999844,0.7499999403953552,0.6666666269302368,0.3333333134651184
1,1,0.0,0.9999997019767761,1.0,0.6666666269302368,0.916666567325592,0.4166666269302368
1,1,0.0,0.9999997615814209,1.0,0.9999998807907104,0.8749998807907104,0.7499999403953552
1,1,0.49999987500003124,0.49999988079071045,0.2500001249999375,0.6249999403953552,0.3749999701976776,0.6249999403953552
1,1,0.7499998125000469,0.24999994039535522,0.3333333888888703,0.6249999403953552,0.3749999701976776,0.6249999403953552
1,1,0.0,0.9999997615814209,1.0,0.9999998807907104,0.4999999403953552,0.7499999403953552
1,1,0.49999987500003124,0.49999988079071045,0.2500001249999375,0.8749998807907104,0.7499999403953552,0.4999999403953552
1,1,0.0,0.9999997615814209,1.0,0.8571427464485168,0.7142856121063232,0.5714284777641296
1,1,0.0,0.9999997615814209,1.0,0.5714284777641296,0.4285713732242584,0.4285713732242584
1,1,0.49999987500003124,0.49999988079071045,0.5000001249999375,0.7142856121063232,0.7142856121063232,0.5714284777641296
1,1,0.49999987500003124,0.49999988079071045,0.5000001249999375,0.7142856121063232,0.5714284777641296,0.8571427464485168
1,1,0.49999987500003124,0.49999988079071045,0.5000001249999375,0.7142856121063232,0.2857142388820648,0.5714284777641296
1,1,0.0,0.9999995231628418,1.0,0.8749998807907104,0.7499999403953552,0.4999999403953552
1,1,0.0,0.9999995231628418,1.0,0.8749998807907104,0.6249999403953552,0.7499999403953552
1,1,0.49999987500003124,0.0,0.5000001249999375,0.7499999403953552,0.8749998807907104,0.4999999403953552
1,1,0.49999987500003124,0.6666664481163025,0.5000001249999375,0.7499999403953552,0.8749998807907104,0.2499999701976776
1,1,0.49999987500003124,0.6666664481163025,0.5000001249999375,0.8749998807907104,0.4999999403953552,0.2499999701976776
1,1,0.49999987500003124,0.9999997615814209,0.2500001249999375,0.7857142090797424,0.4999999701976776,0.6428570747375488
1,1,0.0,0.9999995231628418,1.0,0.7857142090797424,0.6428570747375488,0.4999999701976776
1,1,0.0,0.9999995231628418,1.0,0.6428570747375488,0.7857142090797424,0.6428570747375488
1,1,0.49999987500003124,0.9999997615814209,0.2500001249999375,0.6428570747375488,0.714285671710968,0.357142835855484
1,1,0.49999987500003124,0.6666664481163025,0.5000001249999375,0.7857142090797424,0.6428570747375488,0.5714285373687744
1,1,0.49999987500003124,0.6666664481163025,0.2500001249999375,0.8333331942558289,0.666666567325592,0.49999991059303284
1,1,0.0,0.9999995231628418,1.0,0.9999998211860657,0.49999991059303284,0.9999998211860657
1,1,0.0,0.9999995231628418,1.0,0.49999991059303284,0.9999998211860657,0.333333283662796
1,1,0.49999987500003124,0.0,0.5000001249999375,0.8333331942558289,0.666666567325592,0.666666567325592
1,1,0.0,0.9999995231628418,1.0,0.8333331942558289,0.666666567325592,0.666666567325592
1,1,0.49999987500003124,0.9999997615814209,0.2500001249999375,0.555555522441864,0.4444443881511688,0.333333283662796
1,1,0.49999987500003124,0.0,0.2500001249999375,0.9999998807907104,0.7777776718139648,0.666666567325592
1,1,0.0,0.9999995231628418,1.0,0.666666567325592,0.333333283662796,0.555555522441864
1,1,0.0,0.9999995231628418,1.0,0.555555522441864,0.4444443881511688,0.4444443881511688
1,1,0.0,0.9999995231628418,1.0,0.666666567325592,0.666666567325592,0.555555522441864
1,1,0.49999987500003124,0.7499998211860657,0.2500001249999375,0.7499999403953552,0.3749999701976776,0.3749999701976776
1,1,0.0,0.9999997019767761,1.0,0.7499999403953552,0.3749999701976776,0.4999999403953552
1,1,0.0,0.9999997019767761,1.0,0.7499999403953552,0.3749999701976776,0.6249999403953552
1,1,0.49999987500003124,0.7499998211860657,0.5000001249999375,0.7499999403953552,0.6249999403953552,0.7499999403953552
1,1,0.0,0.9999997019767761,1.0,0.8749998807907104,0.4999999403953552,0.6249999403953552
1,1,0.0,0.0,1.0,0.7692307233810425,0.38461536169052124,0.615384578704834
1,1,0.0,0.0,1.0,0.8461537957191467,0.38461536169052124,0.5384615063667297
1,1,0.0,0.0,1.0,0.8461537957191467,0.7692307233810425,0.5384615063667297
1,1,0.0,0.0,1.0,0.6923076510429382,0.5384615063667297,0.615384578704834
1,1,0.49999987500003124,0.9999995231628418,0.2500001249999375,0.8461537957191467,0.8461537957191467,0.7692307233810425
1,1,0.0,0.0,1.0,0.8749998807907104,0.6249999403953552,0.6249999403953552
1,1,0.49999987500003124,0.9999995231628418,0.5000001249999375,0.9999998807907104,0.8749998807907104,0.7499999403953552
1,1,0.0,0.0,1.0,0.6249999403953552,0.2499999701976776,0.6249999403953552
1,1,0.49999987500003124,0.9999995231628418,0.2500001249999375,0.8749998807907104,0.4999999403953552,0.4999999403953552
1,1,0.0,0.0,1.0,0.8749998807907104,0.7499999403953552,0.6249999403953552
1,1,0.49999987500003124,0.9999997615814209,0.2500001249999375,0.8749998807907104,0.3749999701976776,0.7499999403953552
1,1,0.0,0.9999995231628418,1.0,0.9999998807907104,0.7499999403953552,0.3749999701976776
1,1,0.49999987500003124,0.6666664481163025,0.2500001249999375,0.6249999403953552,0.4999999403953552,0.4999999403953552
1,1,0.0,0.9999995231628418,1.0,0.8749998807907104,0.2499999701976776,0.4999999403953552
1,1,0.0,0.9999995231628418,1.0,0.6249999403953552,0.4999999403953552,0.6249999403953552
1,1,0.7499998125000469,0.7499998211860657,0.5000000456214295,0.7999999523162842,0.3999999761581421,0.3999999761581421
1,1,0.49999987500003124,0.6666664481163025,0.2500001249999375,0.9999998807907104,0.3999999761581421,0.7999999523162842
1,1,0.49999987500003124,0.9999997615814209,0.2500001249999375,0.6999999284744263,0.4999999403953552,0.5999999642372131
1,1,0.0,0.9999995231628418,1.0,0.4999999403953552,0.7999999523162842,0.5999999642372131
1,1,0.0,0.9999995231628418,1.0,0.7999999523162842,0.4999999403953552,0.3999999761581421
1,1,0.7499998125000469,0.33333322405815125,0.5000000456214295,0.8181817531585693,0.8181817531585693,0.3636363446712494
1,1,0.49999987500003124,0.6666664481163025,0.2500001249999375,0.6363635659217834,0.5454545021057129,0.6363635659217834
1,1,0.49999987500003124,0.6666664481163025,0.2500001249999375,0.9090908169746399,0.45454540848731995,0.5454545021057129
1,1,0.0,0.9999995231628418,1.0,0.5454545021057129,0.6363635659217834,0.6363635659217834
1,1,0.0,0.9999995231628418,1.0,0.8181817531585693,0.7272726893424988,0.5454545021057129
1,1,0.0,0.0,1.0,0.5999999046325684,0.3999999165534973,0.19999995827674866
1,1,0.49999987500003124,0.9999995231628418,0.5000001249999375,0.5999999046325684,0.7999998331069946,0.3999999165534973
1,1,0.0,0.0,1.0,0.5999999046325684,0.5999999046325684,0.3999999165534973
1,1,0.0,0.0,1.0,0.3999999165534973,0.5999999046325684,0.3999999165534973
1,1,0.49999987500003124,0.9999995231628418,0.2500001249999375,0.5999999046325684,0.3999999165534973,0.3999999165534973
1,1,0.0,0.9999995231628418,1.0,0.7142856121063232,0.7142856121063232,0.5714284777641296
1,1,0.49999987500003124,0.6666664481163025,0.2500001249999375,0.5714284777641296,0.5714284777641296,0.1428571194410324
1,1,0.7499998125000469,0.33333322405815125,0.3333333888888703,0.7142856121063232,0.5714284777641296,0.2857142388820648
1,1,0.0,0.9999995231628418,1.0,0.9999998807907104,0.2857142388820648,0.5714284777641296
1,1,0.49999987500003124,0.6666664481163025,0.2500001249999375,0.7142856121063232,0.2857142388820648,0.5714284777641296
1,1,0.0,0.9999997019767761,1.0,0.7272726893424988,0.45454540848731995,0.3636363446712494
1,1,0.0,0.9999997019767761,1.0,0.7272726893424988,0.6363635659217834,0.5454545021057129
1,1,0.0,0.9999997019767761,1.0,0.8181817531585693,0.45454540848731995,0.3636363446712494
1,1,0.0,0.9999997019767761,1.0,0.7272726893424988,0.45454540848731995,0.45454540848731995
1,1,0.7499998125000469,0.49999988079071045,0.3333333888888703,0.7272726893424988,0.6363635659217834,0.3636363446712494
1,1,0.0,0.9999997615814209,1.0,0.8571427464485168,0.5714284777641296,0.5714284777641296
1,1,0.49999987500003124,0.49999988079071045,0.2500001249999375,0.8571427464485168,0.5714284777641296,0.4285713732242584
1,1,0.0,0.9999997615814209,1.0,0.9999998807907104,0.9999998807907104,0.7142856121063232
1,1,0.0,0.9999997615814209,1.0,0.9999998807907104,0.5714284777641296,0.5714284777641296
1,1,0.49999987500003124,0.49999988079071045,0.2500001249999375,0.5714284777641296,0.4285713732242584,0.5714284777641296
1,1,0.7499998125000469,0.49999988079071045,0.5000000456214295,0.9090908169746399,0.5454545021057129,0.45454540848731995
1,1,0.49999987500003124,0.7499998211860657,0.2500001249999375,0.8181817531585693,0.5454545021057129,0.5454545021057129
1,1,0.49999987500003124,0.7499998211860657,0.2500001249999375,0.5454545021057129,0.3636363446712494,0.45454540848731995
1,1,0.0,0.9999997019767761,1.0,0.6363635659217834,0.6363635659217834,0.6363635659217834
1,1,0.0,0.9999997019767761,1.0,0.6363635659217834,0.5454545021057129,0.3636363446712494
1,1,0.0,0.0,1.0,0.7499999403953552,0.7499999403953552,0.6249999403953552
1,1,0.49999987500003124,0.9999995231628418,0.2500001249999375,0.7499999403953552,0.4999999403953552,0.3749999701976776
1,1,0.0,0.0,1.0,0.7499999403953552,0.9999998807907104,0.4999999403953552
1,1,0.0,0.0,1.0,0.8749998807907104,0.6249999403953552,0.7499999403953552
1,1,0.49999987500003124,0.9999995231628418,0.2500001249999375,0.7499999403953552,0.6249999403953552,0.6249999403953552
1,1,0.49999987500003124,0.9999995231628418,0.2500001249999375,0.5714284777641296,0.7142856121063232,0.5714284777641296
1,1,0.0,0.0,1.0,0.9999998807907104,0.8571427464485168,0.7142856121063232
1,1,0.49999987500003124,0.9999995231628418,0.2500001249999375,0.5714284777641296,0.5714284777641296,0.5714284777641296
1,1,0.0,0.0,1.0,0.7142856121063232,0.4285713732242584,0.2857142388820648
1,1,0.0,0.0,1.0,0.5714284777641296,0.5714284777641296,0.4285713732242584
1,1,0.0,0.9999995231628418,1.0,0.8333331942558289,0.49999991059303284,0.49999991059303284
1,1,0.49999987500003124,0.6666664481163025,0.2500001249999375,0.8333331942558289,0.49999991059303284,0.333333283662796
1,1,0.0,0.9999995231628418,1.0,0.8333331942558289,0.8333331942558289,0.49999991059303284
1,1,0.0,0.9999995231628418,1.0,0.8333331942558289,0.49999991059303284,0.49999991059303284
1,1,0.49999987500003124,0.9999997615814209,0.2500001249999375,0.49999991059303284,0.49999991059303284,0.333333283662796
1,1,0.49999987500003124,0.6666664481163025,0.2500001249999375,0.7142856121063232,0.5714284777641296,0.5714284777641296
1,1,0.49999987500003124,0.6666664481163025,0.2500001249999375,0.8571427464485168,0.4285713732242584,0.7142856121063232
1,1,0.0,0.9999995231628418,1.0,0.7142856121063232,0.5714284777641296,0.4285713732242584
1,1,0.0,0.9999995231628418,1.0,0.7142856121063232,0.4285713732242584,0.4285713732242584
1,1,0.0,0.9999995231628418,1.0,0.5714284777641296,0.5714284777641296,0.7142856121063232
1,1,0.49999987500003124,0.33333322405815125,0.2500001249999375,0.7499999403953552,0.2499999701976776,0.6249999403953552
1,1,0.0,0.9999997019767761,1.0,0.6249999403953552,0.7499999403953552,0.3749999701976776
1,1,0.49999987500003124,0.33333322405815125,0.2500001249999375,0.8749998807907104,0.7499999403953552,0.6249999403953552
1,1,0.0,0.9999997019767761,1.0,0.8749998807907104,0.3749999701976776,0.7499999403953552
1,1,0.0,0.9999997019767761,1.0,0.6249999403953552,0.4999999403953552,0.4999999403953552
1,1,0.49999987500003124,0.6666664481163025,0.2500001249999375,0.9999998807907104,0.8749998807907104,0.8749998807907104
1,1,0.0,0.9999995231628418,1.0,0.8749998807907104,0.6249999403953552,0.4999999403953552
1,1,0.49999987500003124,0.6666664481163025,0.2500001249999375,0.4999999403953552,0.6249999403953552,0.2499999701976776
1,1,0.0,0.9999995231628418,1.0,0.4999999403953552,0.4999999403953552,0.4999999403953552
1,1,0.0,0.9999995231628418,1.0,0.4999999403953552,0.4999999403953552,0.1249999850988388
1,1,0.0,0.9999995231628418,1.0,0.6249999403953552,0.5624999403953552,0.4999999403953552
1,1,0.49999987500003124,0.6666664481163025,0.2500001249999375,0.8749998807907104,0.8124998807907104,0.5624999403953552
1,1,0.0,0.9999995231628418,1.0,0.8749998807907104,0.8124998807907104,0.6874999403953552
1,1,0.0,0.9999995231628418,1.0,0.9374998807907104,0.4374999403953552,0.6874999403953552
1,1,0.49999987500003124,0.9999997615814209,0.2500001249999375,0.5624999403953552,0.6874999403953552,0.4374999403953552
1,1,0.0,0.9999995231628418,1.0,0.7222221493721008,0.4444443881511688,0.3888888359069824
1,1,0.0,0.9999995231628418,1.0,0.8333332538604736,0.555555522441864,0.4999999403953552
1,1,0.49999987500003124,0.0,0.5000001249999375,0.8888887763023376,0.666666567325592,0.666666567325592
1,1,0.0,0.9999995231628418,1.0,0.8333332538604736,0.7222221493721008,0.555555522441864
1,1,0.0,0.9999995231628418,1.0,0.666666567325592,0.666666567325592,0.333333283662796
1,1,0.0,0.9999997615814209,1.0,0.6249999403953552,0.8749998807907104,0.6249999403953552
1,1,0.49999987500003124,0.49999988079071045,0.2500001249999375,0.3749999701976776,0.2499999701976776,0.3749999701976776
1,1,0.7499998125000469,0.24999994039535522,0.3333333888888703,0.7499999403953552,0.2499999701976776,0.7499999403953552
1,1,0.0,0.9999997615814209,1.0,0.9999998807907104,0.4999999403953552,0.7499999403953552
1,1,0.49999987500003124,0.49999988079071045,0.2500001249999375,0.8749998807907104,0.8749998807907104,0.3749999701976776
1,1,0.0,0.9999997019767761,1.0,0.7999998331069946,0.7999998331069946,0.3999999165534973
1,1,0.7499998125000469,0.0,0.3333333888888703,0.7999998331069946,0.5999999046325684,0.5999999046325684
1,1,0.0,0.9999997019767761,1.0,0.9999998211860657,0.9999998211860657,0.9999998211860657
1,1,0.0,0.9999997019767761,1.0,0.5999999046325684,0.19999995827674866,0.5999999046325684
1,1,0.7499998125000469,0.0,0.5000000456214295,0.7999998331069946,0.3999999165534973,0.9999998211860657
1,1,0.0,0.9999995231628418,1.0,0.7499999403953552,0.7499999403953552,0.4999999403953552
1,1,0.49999987500003124,0.0,0.2500001249999375,0.8749998807907104,0.7499999403953552,0.6249999403953552
1,1,0.0,0.9999995231628418,1.0,0.7499999403953552,0.8749998807907104,0.6249999403953552
1,1,0.0,0.9999995231628418,1.0,0.8749998807907104,0.6249999403953552,0.7499999403953552
1,1,0.49999987500003124,0.6666664481163025,0.2500001249999375,0.8749998807907104,0.6249999403953552,0.7499999403953552
1,1,0.49999987500003124,0.0,0.5000001249999375,0.9999998211860657,0.5999999046325684,0.5999999046325684
1,1,0.49999987500003124,0.6666664481163025,0.5000001249999375,0.9999998211860657,0.9999998211860657,0.7999998331069946
1,1,0.0,0.9999995231628418,1.0,0.9999998211860657,0.5999999046325684,0.3999999165534973
1,1,0.49999987500003124,0.6666664481163025,0.5000001249999375,0.9999998211860657,0.7999998331069946,0.3999999165534973
1,1,0.49999987500003124,0.9999997615814209,0.2500001249999375,0.7999998331069946,0.3999999165534973,0.5999999046325684
1,1,0.49999987500003124,0.6666664481163025,0.5000001249999375,0.666666567325592,0.8333331942558289,0.49999991059303284
1,1,0.0,0.9999995231628418,1.0,0.49999991059303284,0.666666567325592,0.49999991059303284
1,1,0.49999987500003124,0.6666664481163025,0.2500001249999375,0.666666567325592,0.49999991059303284,0.166666641831398
1,1,0.0,0.9999995231628418,1.0,0.666666567325592,0.49999991059303284,0.49999991059303284
1,1,0.0,0.9999995231628418,1.0,0.666666567325592,0.49999991059303284,0.333333283662796
1,1,0.49999987500003124,0.6666664481163025,0.2500001249999375,0.9411763548851013,0.5882351994514465,0.6470587253570557
1,1,0.7499998125000469,0.33333322405815125,0.5000000456214295,0.5882351994514465,0.7058822512626648,0.3529411256313324
1,1,0.49999987500003124,0.6666664481163025,0.2500001249999375,0.7647057771682739,0.41176465153694153,0.6470587253570557
1,1,0.0,0.9999995231628418,1.0,0.8235293030738831,0.5294117331504822,0.47058817744255066
1,1,0.49999987500003124,0.6666664481163025,0.2500001249999375,0.7647057771682739,0.7647057771682739,0.7058822512626648
1,1,0.0,0.9999997615814209,1.0,0.6315788626670837,0.5263157486915588,0.5263157486915588
1,1,0.9999997500000625,0.0,0.2500000624999844,0.6315788626670837,0.473684161901474,0.5263157486915588
1,1,0.0,0.9999997615814209,1.0,0.5263157486915588,0.5263157486915588,0.473684161901474
1,1,0.49999987500003124,0.49999988079071045,0.2500001249999375,0.8947367668151855,0.5789473056793213,0.5789473056793213
1,1,0.0,0.9999997615814209,1.0,0.947368323802948,0.5263157486915588,0.7368420362472534
1,1,0.49999987500003124,0.49999988079071045,0.2500001249999375,0.9374998807907104,0.7499999403953552,0.6249999403953552
1,1,0.7499998125000469,0.24999994039535522,0.5000000456214295,0.6249999403953552,0.6874999403953552,0.3749999701976776
1,1,0.49999987500003124,0.49999988079071045,0.2500001249999375,0.8124998807907104,0.4374999403953552,0.4999999403953552
1,1,0.0,0.9999997615814209,1.0,0.7499999403953552,0.3749999701976776,0.4374999403953552
1,1,0.49999987500003124,0.49999988079071045,0.2500001249999375,0.8124998807907104,0.7499999403953552,0.7499999403953552
1,1,0.49999987500003124,0.7499998211860657,0.2500001249999375,0.7142856121063232,0.2857142388820648,0.4285713732242584
1,1,0.0,0.9999997019767761,1.0,0.8571427464485168,0.4285713732242584,0.5714284777641296
1,1,0.0,0.9999997019767761,1.0,0.7142856121063232,0.4285713732242584,0.8571427464485168
1,1,0.49999987500003124,0.7499998211860657,0.5000001249999375,0.8571427464485168,0.2857142388820648,0.8571427464485168
1,1,0.0,0.9999997019767761,1.0,0.9999998807907104,0.2857142388820648,0.4285713732242584
1,1,0.49999987500003124,0.6666664481163025,0.2500001249999375,0.7499998211860657,0.7499998211860657,0.7499998211860657
1,1,0.49999987500003124,0.6666664481163025,0.5000001249999375,0.9999997615814209,0.49999988079071045,0.7499998211860657
1,1,0.0,0.9999995231628418,1.0,0.9999997615814209,0.49999988079071045,0.49999988079071045
1,1,0.0,0.9999995231628418,1.0,0.7499998211860657,0.49999988079071045,0.49999988079071045
1,1,0.49999987500003124,0.0,0.5000001249999375,0.7499998211860657,0.49999988079071045,0.49999988079071045
1,1,0.0,0.9999995231628418,1.0,0.666666567325592,0.666666567325592,0.555555522441864
1,1,0.49999987500003124,0.6666664481163025,0.2500001249999375,0.7777776718139648,0.7777776718139648,0.555555522441864
1,1,0.0,0.9999995231628418,1.0,0.666666567325592,0.7777776718139648,0.4444443881511688
1,1,0.0,0.9999995231628418,1.0,0.9999998807907104,0.666666567325592,0.7777776718139648
1,1,0.49999987500003124,0.9999997615814209,0.2500001249999375,0.555555522441864,0.666666567325592,0.555555522441864
1,1,0.0,0.9999997615814209,1.0,0.6666666269302368,0.6666666269302368,0.4166666269302368
1,1,0.0,0.9999997615814209,1.0,0.4999999701976776,0.5833333134651184,0.4999999701976776
1,1,0.49999987500003124,0.49999988079071045,0.5000001249999375,0.916666567325592,0.5833333134651184,0.6666666269302368
1,1,0.49999987500003124,0.49999988079071045,0.5000001249999375,0.7499999403953552,0.6666666269302368,0.4999999701976776
1,1,0.49999987500003124,0.49999988079071045,0.5000001249999375,0.8333332538604736,0.4166666269302368,0.4999999701976776
1,1,0.49999987500003124,0.7499998211860657,0.2500001249999375,0.9999998807907104,0.8999999165534973,0.3999999761581421
1,1,0.7499998125000469,0.49999988079071045,0.5000000456214295,0.5999999642372131,0.7999999523162842,0.4999999403953552
1,1,0.49999987500003124,0.7499998211860657,0.2500001249999375,0.6999999284744263,0.5999999642372131,0.4999999403953552
1,1,0.0,0.9999997019767761,1.0,0.8999999165534973,0.6999999284744263,0.5999999642372131
1,1,0.49999987500003124,0.33333322405815125,0.2500001249999375,0.5999999642372131,0.4999999403953552,0.5999999642372131
1,1,0.9999997500000625,0.0,0.2500000624999844,0.7499999403953552,0.6874999403953552,0.3749999701976776
1,1,0.7499998125000469,0.24999994039535522,0.3333333888888703,0.6874999403953552,0.4999999403953552,0.4374999403953552
1,1,0.49999987500003124,0.49999988079071045,0.2500001249999375,0.6874999403953552,0.5624999403953552,0.5624999403953552
1,1,0.9999997500000625,0.0,0.3750000624999844,0.9374998807907104,0.2499999701976776,0.6249999403953552
1,1,0.7499998125000469,0.24999994039535522,0.5000000456214295,0.9374998807907104,0.8124998807907104,0.4374999403953552
1,1,0.0,0.9999997019767761,1.0,0.7499999403953552,0.7499999403953552,0.4999999403953552
1,1,0.49999987500003124,0.33333322405815125,0.2500001249999375,0.7499999403953552,0.2499999701976776,0.4999999403953552
1,1,0.7499998125000469,0.49999988079071045,0.3333333888888703,0.7499999403953552,0.4999999403953552,0.4999999403953552
1,1,0.0,0.9999997019767761,1.0,0.9999998807907104,0.2499999701976776,0.4999999403953552
1,1,0.49999987500003124,0.33333322405815125,0.2500001249999375,0.9999998807907104,0.7499999403953552,0.7499999403953552
1,1,0.0,0.9999997615814209,1.0,0.5999999642372131,0.4999999403953552,0.29999998211860657
1,1,0.0,0.9999997615814209,1.0,0.6999999284744263,0.29999998211860657,0.3999999761581421
1,1,0.49999987500003124,0.49999988079071045,0.5000001249999375,0.7999999523162842,0.7999999523162842,0.4999999403953552
1,1,0.0,0.9999997615814209,1.0,0.8999999165534973,0.6999999284744263,0.3999999761581421
1,1,0.0,0.9999997615814209,1.0,0.6999999284744263,0.3999999761581421,0.29999998211860657
1,1,0.0,0.9999997019767761,1.0,0.4999999403953552,0.4999999403953552,0.3749999701976776
1,1,0.0,0.9999997019767761,1.0,0.7499999403953552,0.3749999701976776,0.3749999701976776
1,1,0.49999987500003124,0.7499998211860657,0.5000001249999375,0.9999998807907104,0.8749998807907104,0.7499999403953552
1,1,0.0,0.9999997019767761,1.0,0.7499999403953552,0.6249999403953552,0.3749999701976776
1,1,0.0,0.9999997019767761,1.0,0.8749998807907104,0.4999999403953552,0.3749999701976776
1,1,0.0,0.9999995231628418,1.0,0.666666567325592,0.8333331942558289,0.166666641831398
1,1,0.49999987500003124,0.9999997615814209,0.2500001249999375,0.9999998211860657,0.666666567325592,0.666666567325592
1,1,0.0,0.9999995231628418,1.0,0.666666567325592,0.666666567325592,0.49999991059303284
1,1,0.49999987500003124,0.6666664481163025,0.5000001249999375,0.8333331942558289,0.333333283662796,0.8333331942558289
1,1,0.0,0.9999995231628418,1.0,0.666666567325592,0.9999998211860657,0.49999991059303284
1,1,0.0,0.9999995231628418,1.0,0.7272726893424988,0.6363635659217834,0.45454540848731995
1,1,0.0,0.9999995231628418,1.0,0.6363635659217834,0.6363635659217834,0.3636363446712494
1,1,0.0,0.9999995231628418,1.0,0.8181817531585693,0.6363635659217834,0.27272725105285645
1,1,0.0,0.9999995231628418,1.0,0.8181817531585693,0.3636363446712494,0.27272725105285645
1,1,0.7499998125000469,0.7499998211860657,0.3333333888888703,0.8181817531585693,0.7272726893424988,0.45454540848731995
1,1,0.49999987500003124,0.6666664481163025,0.2500001249999375,0.9999998807907104,0.5714284777641296,0.4285713732242584
1,1,0.0,0.9999995231628418,1.0,0.8571427464485168,0.5714284777641296,0.5714284777641296
1,1,0.0,0.9999995231628418,1.0,0.8571427464485168,0.7142856121063232,0.7142856121063232
1,1,0.49999987500003124,0.9999997615814209,0.5000001249999375,0.7142856121063232,0.5714284777641296,0.8571427464485168
1,1,0.0,0.9999995231628418,1.0,0.7142856121063232,0.7142856121063232,0.5714284777641296
1,1,0.49999987500003124,0.6666664481163025,0.5000001249999375,0.7499999403953552,0.3333333134651184,0.2499999850988388
1,1,0.0,0.9999995231628418,1.0,0.7499999403953552,0.4166666269302368,0.4166666269302368
1,1,0.0,0.9999995231628418,1.0,0.6666666269302368,0.8333332538604736,0.6666666269302368
1,1,0.0,0.9999995231628418,1.0,0.7499999403953552,0.4999999701976776,0.4166666269302368
1,1,0.49999987500003124,0.0,0.5000001249999375,0.6666666269302368,0.5833333134651184,0.5833333134651184
1,1,0.0,0.9999997019767761,1.0,0.5999999046325684,0.7999998331069946,0.5999999046325684
1,1,0.7499998125000469,0.0,0.3333333888888703,0.7999998331069946,0.5999999046325684,0.19999995827674866
1,1,0.0,0.9999997019767761,1.0,0.7999998331069946,0.5999999046325684,0.3999999165534973
1,1,0.0,0.9999997019767761,1.0,0.5999999046325684,0.5999999046325684,0.5999999046325684
1,1,0.7499998125000469,0.0,0.5000000456214295,0.5999999046325684,0.7999998331069946,0.3999999165534973
1,1,0.7499998125000469,0.7499998211860657,0.5000000456214295,0.6999999284744263,0.5999999642372131,0.0
1,1,0.49999987500003124,0.6666664481163025,0.2500001249999375,0.7999999523162842,0.4999999403953552,0.5999999642372131
1,1,0.49999987500003124,0.6666664481163025,0.2500001249999375,0.6999999284744263,0.29999998211860657,0.5999999642372131
1,1,0.0,0.9999995231628418,1.0,0.4999999403953552,0.7999999523162842,0.29999998211860657
1,1,0.0,0.9999995231628418,1.0,0.7999999523162842,0.7999999523162842,0.3999999761581421
1,1,0.49999987500003124,0.49999988079071045,0.2500001249999375,0.8888887763023376,0.666666567325592,0.2222221940755844
1,1,0.7499998125000469,0.24999994039535522,0.5000000456214295,0.666666567325592,0.7777776718139648,0.333333283662796
1,1,0.49999987500003124,0.49999988079071045,0.2500001249999375,0.7777776718139648,0.666666567325592,0.555555522441864
1,1,0.0,0.9999997615814209,1.0,0.9999998807907104,0.7777776718139648,0.666666567325592
1,1,0.49999987500003124,0.49999988079071045,0.2500001249999375,0.555555522441864,0.2222221940755844,0.4444443881511688
1,1,0.0,0.9999997019767761,1.0,0.7999998331069946,0.5999999046325684,0.5999999046325684
1,1,0.7499998125000469,0.49999988079071045,0.3333333888888703,0.3999999165534973,0.9999998211860657,0.19999995827674866
1,1,0.0,0.9999997019767761,1.0,0.5999999046325684,0.3999999165534973,0.5999999046325684
1,1,0.0,0.9999997019767761,1.0,0.5999999046325684,0.3999999165534973,0.3999999165534973
1,1,0.7499998125000469,0.49999988079071045,0.5000000456214295,0.5999999046325684,0.3999999165534973,0.5999999046325684
1,1,0.0,0.9999997019767761,1.0,0.6363635659217834,0.8181817531585693,0.6363635659217834
1,1,0.49999987500003124,0.33333322405815125,0.2500001249999375,0.8181817531585693,0.7272726893424988,0.45454540848731995
1,1,0.0,0.9999997019767761,1.0,0.9090908169746399,0.7272726893424988,0.7272726893424988
1,1,0.0,0.9999997019767761,1.0,0.7272726893424988,0.6363635659217834,0.7272726893424988
1,1,0.49999987500003124,0.7499998211860657,0.2500001249999375,0.5454545021057129,0.3636363446712494,0.27272725105285645
1,1,0.49999987500003124,0.49999988079071045,0.2500001249999375,0.8333331942558289,0.49999991059303284,0.49999991059303284
1,1,0.0,0.9999997615814209,1.0,0.9999998211860657,0.666666567325592,0.8333331942558289
1,1,0.0,0.9999997615814209,1.0,0.666666567325592,0.9999998211860657,0.333333283662796
1,1,0.49999987500003124,0.49999988079071045,0.5000001249999375,0.9999998211860657,0.8333331942558289,0.666666567325592
1,1,0.0,0.9999997615814209,1.0,0.8333331942558289,0.49999991059303284,0.666666567325592
1,1,0.49999987500003124,0.6666664481163025,0.2500001249999375,0.8461537957191467,0.615384578704834,0.4615384340286255
1,1,0.49999987500003124,0.6666664481163025,0.2500001249999375,0.8461537957191467,0.615384578704834,0.307692289352417
1,1,0.0,0.9999995231628418,1.0,0.7692307233810425,0.4615384340286255,0.38461536169052124
1,1,0.0,0.9999995231628418,1.0,0.6923076510429382,0.5384615063667297,0.38461536169052124
1,1,0.0,0.9999995231628418,1.0,0.6923076510429382,0.615384578704834,0.615384578704834
1,1,0.0,0.9999997019767761,1.0,0.7999999523162842,0.6666666269302368,0.5333333015441895
1,1,0.0,0.9999997019767761,1.0,0.6666666269302368,0.7999999523162842,0.5333333015441895
1,1,0.0,0.9999997019767761,1.0,0.7999999523162842,0.5999999642372131,0.3999999761581421
1,1,0.0,0.9999997019767761,1.0,0.7999999523162842,0.5333333015441895,0.3999999761581421
1,1,0.7499998125000469,0.49999988079071045,0.3333333888888703,0.7999999523162842,0.9333332777023315,0.46666663885116577
1,1,0.49999987500003124,0.9999995231628418,0.2500001249999375,0.7499999403953552,0.6999999284744263,0.4999999403953552
1,1,0.49999987500003124,0.9999995231628418,0.2500001249999375,0.8999999165534973,0.6999999284744263,0.5499999523162842
1,1,0.0,0.0,1.0,0.7999999523162842,0.34999996423721313,0.5499999523162842
1,1,0.0,0.0,1.0,0.6499999165534973,0.6499999165534973,0.3999999761581421
1,1,0.0,0.0,1.0,0.7499999403953552,0.6499999165534973,0.6999999284744263
1,1,0.49999987500003124,0.6666664481163025,0.2500001249999375,0.7692307233810425,0.38461536169052124,0.5384615063667297
1,1,0.0,0.9999995231628418,1.0,0.6923076510429382,0.615384578704834,0.5384615063667297
1,1,0.49999987500003124,0.6666664481163025,0.2500001249999375,0.7692307233810425,0.615384578704834,0.6923076510429382
1,1,0.0,0.9999995231628418,1.0,0.923076868057251,0.4615384340286255,0.6923076510429382
1,1,0.0,0.9999995231628418,1.0,0.5384615063667297,0.5384615063667297,0.4615384340286255
1,1,0.49999987500003124,0.6666664481163025,0.2500001249999375,0.8399999141693115,0.6399999260902405,0.5999999642372131
1,1,0.7499998125000469,0.33333322405815125,0.5000000456214295,0.7199999690055847,0.6399999260902405,0.3999999761581421
1,1,0.49999987500003124,0.6666664481163025,0.2500001249999375,0.7999999523162842,0.5999999642372131,0.6399999260902405
1,1,0.0,0.9999995231628418,1.0,0.8399999141693115,0.5999999642372131,0.47999995946884155
1,1,0.49999987500003124,0.6666664481163025,0.2500001249999375,0.6799999475479126,0.7199999690055847,0.5199999809265137
1,1,0.49999987500003124,0.6666664481163025,0.2500001249999375,0.666666567325592,0.666666567325592,0.555555522441864
1,1,0.49999987500003124,0.6666664481163025,0.2500001249999375,0.8888887763023376,0.666666567325592,0.4444443881511688
1,1,0.0,0.9999995231628418,1.0,0.7777776718139648,0.333333283662796,0.333333283662796
1,1,0.0,0.9999995231628418,1.0,0.8888887763023376,0.555555522441864,0.555555522441864
1,1,0.0,0.9999995231628418,1.0,0.7777776718139648,0.7777776718139648,0.7777776718139648
1,1,0.49999987500003124,0.6666664481163025,0.5000001249999375,0.8333332538604736,0.4999999701976776,0.4999999701976776
1,1,0.49999987500003124,0.0,0.5000001249999375,0.6666666269302368,0.6666666269302368,0.5833333134651184
1,1,0.0,0.9999995231628418,1.0,0.8333332538604736,0.4999999701976776,0.5833333134651184
1,1,0.49999987500003124,0.6666664481163025,0.5000001249999375,0.8333332538604736,0.8333332538604736,0.2499999850988388
1,1,0.49999987500003124,0.6666664481163025,0.2500001249999375,0.7499999403953552,0.7499999403953552,0.5833333134651184
1,1,0.49999987500003124,0.33333322405815125,0.2500001249999375,0.7999999523162842,0.5999999642372131,0.2666666507720947
1,1,0.0,0.9999997019767761,1.0,0.7999999523162842,0.6666666269302368,0.6666666269302368
1,1,0.0,0.9999997019767761,1.0,0.7999999523162842,0.5999999642372131,0.5333333015441895
1,1,0.49999987500003124,0.7499998211860657,0.5000001249999375,0.7333332896232605,0.7999999523162842,0.6666666269302368
1,1,0.0,0.9999997019767761,1.0,0.7999999523162842,0.5333333015441895,0.5333333015441895
1,1,0.0,0.9999995231628418,1.0,0.8749998807907104,0.7499999403953552,0.6249999403953552
1,1,0.49999987500003124,0.6666664481163025,0.2500001249999375,0.8749998807907104,0.8749998807907104,0.8749998807907104
1,1,0.0,0.9999995231628418,1.0,0.8749998807907104,0.8749998807907104,0.7499999403953552
1,1,0.0,0.9999995231628418,1.0,0.8749998807907104,0.4999999403953552,0.7499999403953552
1,1,0.49999987500003124,0.6666664481163025,0.2500001249999375,0.6249999403953552,0.8749998807907104,0.3749999701976776
1,1,0.49999987500003124,0.33333322405815125,0.5000001249999375,0.8048780560493469,0.5365853905677795,0.5853658318519592
1,1,0.0,0.9999997019767761,1.0,0.8292682766914368,0.707317054271698,0.46341463923454285
1,1,0.49999987500003124,0.33333322405815125,0.5000001249999375,0.6829268336296082,0.6341463327407837,0.3414634168148041
1,1,0.7499998125000469,0.0,0.6666667172551499,0.6097561120986938,1.0,0.6097561120986938
1,1,0.9999997500000625,0.24999994039535522,0.5000000624999844,0.7317073345184326,0.5609756112098694,0.46341463923454285
1,1,0.49999987500003124,0.6666664481163025,0.5000001249999375,0.8888887763023376,0.611111044883728,0.666666567325592
1,1,0.49999987500003124,0.9999997615814209,0.5000001249999375,0.7777776718139648,0.7777776718139648,0.555555522441864
1,1,0.0,0.9999995231628418,1.0,0.7777776718139648,0.7222221493721008,0.611111044883728
1,1,0.49999987500003124,0.6666664481163025,0.5000001249999375,0.8888887763023376,0.7222221493721008,0.3888888359069824
1,1,0.49999987500003124,0.6666664481163025,0.2500001249999375,0.7777776718139648,0.7222221493721008,0.4999999403953552
1,1,0.49999987500003124,0.9999997615814209,0.5000001249999375,0.8333332538604736,0.611111044883728,0.611111044883728
1,1,0.49999987500003124,0.6666664481163025,0.5000001249999375,0.7222221493721008,0.7777776718139648,0.4999999403953552
1,1,0.0,0.9999995231628418,1.0,0.8333332538604736,0.666666567325592,0.611111044883728
1,1,0.49999987500003124,0.6666664481163025,0.5000001249999375,0.8333332538604736,0.7777776718139648,0.333333283662796
1,1,0.49999987500003124,0.0,0.2500001249999375,0.7777776718139648,0.7222221493721008,0.4999999403953552
1,1,0.0,0.9999995231628418,1.0,0.6999999284744263,0.6499999165534973,0.5499999523162842
1,1,0.49999987500003124,0.6666664481163025,0.2500001249999375,0.6999999284744263,0.34999996423721313,0.34999996423721313
1,1,0.7499998125000469,0.33333322405815125,0.3333333888888703,0.7499999403953552,0.3999999761581421,0.5499999523162842
1,1,0.0,0.9999995231628418,1.0,0.9999998807907104,0.34999996423721313,0.6499999165534973
1,1,0.49999987500003124,0.6666664481163025,0.2500001249999375,0.7999999523162842,0.7499999403953552,0.4999999403953552
1,1,0.0,0.9999997615814209,1.0,0.49999991059303284,0.8333331942558289,0.333333283662796
1,1,0.49999987500003124,0.49999988079071045,0.5000001249999375,0.49999991059303284,0.333333283662796,0.49999991059303284
1,1,0.0,0.9999997615814209,1.0,0.666666567325592,0.49999991059303284,0.166666641831398
1,1,0.0,0.9999997615814209,1.0,0.8333331942558289,0.49999991059303284,0.49999991059303284
1,1,0.49999987500003124,0.49999988079071045,0.2500001249999375,0.666666567325592,0.666666567325592,0.8333331942558289
1,1,0.0,0.9999995231628418,1.0,0.7777776718139648,0.555555522441864,0.666666567325592
1,1,0.49999987500003124,0.6666664481163025,0.2500001249999375,0.8888887763023376,0.7777776718139648,0.7777776718139648
1,1,0.0,0.9999995231628418,1.0,0.8888887763023376,0.666666567325592,0.7777776718139648
1,1,0.0,0.9999995231628418,1.0,0.7777776718139648,0.555555522441864,0.666666567325592
1,1,0.49999987500003124,0.6666664481163025,0.2500001249999375,0.7777776718139648,0.4444443881511688,0.4444443881511688
1,1,0.0,0.9999995231628418,1.0,0.8999999165534973,0.29999998211860657,0.4999999403953552
1,1,0.0,0.9999995231628418,1.0,0.7999999523162842,0.3999999761581421,0.3999999761581421
1,1,0.49999987500003124,0.6666664481163025,0.5000001249999375,0.9999998807907104,0.6999999284744263,0.8999999165534973
1,1,0.0,0.9999995231628418,1.0,0.6999999284744263,0.5999999642372131,0.6999999284744263
1,1,0.0,0.9999995231628418,1.0,0.5999999642372131,0.6999999284744263,0.19999998807907104
1,1,0.0,0.0,1.0,0.611111044883728,0.555555522441864,0.555555522441864
1,1,0.0,0.0,1.0,0.8888887763023376,0.611111044883728,0.555555522441864
1,1,0.49999987500003124,0.9999995231628418,0.2500001249999375,0.8888887763023376,0.7222221493721008,0.7222221493721008
1,1,0.0,0.0,1.0,0.8888887763023376,0.611111044883728,0.3888888359069824
1,1,0.49999987500003124,0.9999995231628418,0.5000001249999375,0.7222221493721008,0.7777776718139648,0.4999999403953552
1,1,0.49999987500003124,0.33333322405815125,0.2500001249999375,0.7727271914482117,0.4999999701976776,0.5909090638160706
1,1,0.0,0.9999997019767761,1.0,0.7727271914482117,0.7272726893424988,0.5454545021057129
1,1,0.49999987500003124,0.7499998211860657,0.2500001249999375,0.7272726893424988,0.4999999701976776,0.6363635659217834
1,1,0.0,0.9999997019767761,1.0,0.7727271914482117,0.5909090638160706,0.4999999701976776
1,1,0.0,0.9999997019767761,1.0,0.6363635659217834,0.5909090638160706,0.3636363446712494
1,1,0.0,0.9999997019767761,1.0,0.6999999284744263,0.6999999284744263,0.5499999523162842
1,1,0.49999987500003124,0.33333322405815125,0.2500001249999375,0.6999999284744263,0.34999996423721313,0.34999996423721313
1,1,0.7499998125000469,0.49999988079071045,0.3333333888888703,0.8499999046325684,0.4999999403953552,0.6499999165534973
1,1,0.0,0.9999997019767761,1.0,0.9999998807907104,0.3999999761581421,0.5999999642372131
1,1,0.49999987500003124,0.33333322405815125,0.2500001249999375,0.7999999523162842,0.6999999284744263,0.5499999523162842
1,1,0.0,0.9999995231628418,1.0,0.7142856121063232,0.7142856121063232,0.5714284777641296
1,1,0.49999987500003124,0.6666664481163025,0.2500001249999375,0.8571427464485168,0.7142856121063232,0.5714284777641296
1,1,0.0,0.9999995231628418,1.0,0.7142856121063232,0.8571427464485168,0.4285713732242584
1,1,0.0,0.9999995231628418,1.0,0.7142856121063232,0.5714284777641296,0.7142856121063232
1,1,0.49999987500003124,0.9999997615814209,0.2500001249999375,0.7142856121063232,0.7142856121063232,0.2857142388820648
1,1,0.0,0.9999995231628418,1.0,0.5714284777641296,0.4285713732242584,0.8571427464485168
1,1,0.7499998125000469,0.7499998211860657,0.3333333888888703,0.5714284777641296,0.5714284777641296,0.1428571194410324
1,1,0.0,0.9999995231628418,1.0,0.7142856121063232,0.5714284777641296,0.7142856121063232
1,1,0.0,0.9999995231628418,1.0,0.4285713732242584,0.5714284777641296,0.2857142388820648
1,1,0.7499998125000469,0.7499998211860657,0.5000000456214295,0.7142856121063232,0.5714284777641296,0.4285713732242584
1,1,0.49999987500003124,0.49999988079071045,0.2500001249999375,0.666666567325592,0.555555522441864,0.333333283662796
1,1,0.0,0.9999997615814209,1.0,0.8888887763023376,0.555555522441864,0.7777776718139648
1,1,0.0,0.9999997615814209,1.0,0.7777776718139648,0.7777776718139648,0.4444443881511688
1,1,0.49999987500003124,0.49999988079071045,0.5000001249999375,0.666666567325592,0.666666567325592,0.666666567325592
1,1,0.0,0.9999997615814209,1.0,0.7777776718139648,0.666666567325592,0.555555522441864
1,1,0.0,0.9999995231628418,1.0,0.4999999403953552,0.3999999761581421,0.3999999761581421
1,1,0.0,0.9999995231628418,1.0,0.8999999165534973,0.4999999403953552,0.5999999642372131
1,1,0.49999987500003124,0.6666664481163025,0.5000001249999375,0.8999999165534973,0.6999999284744263,0.5999999642372131
1,1,0.0,0.9999995231628418,1.0,0.6999999284744263,0.4999999403953552,0.3999999761581421
1,1,0.0,0.9999995231628418,1.0,0.8999999165534973,0.6999999284744263,0.29999998211860657
1,1,0.49999987500003124,0.6666664481163025,0.5000001249999375,0.9999998807907104,0.2499999701976776,0.6249999403953552
1,1,0.0,0.9999995231628418,1.0,0.4999999403953552,0.7499999403953552,0.3749999701976776
1,1,0.0,0.9999995231628418,1.0,0.6249999403953552,0.8749998807907104,0.3749999701976776
1,1,0.0,0.9999995231628418,1.0,0.8749998807907104,0.6249999403953552,0.4999999403953552
1,1,0.49999987500003124,0.6666664481163025,0.5000001249999375,0.6249999403953552,0.6249999403953552,0.6249999403953552
1,1,0.0,0.9999995231628418,1.0,0.8749998807907104,0.4999999403953552,0.8749998807907104
1,1,0.49999987500003124,0.6666664481163025,0.5000001249999375,0.6249999403953552,0.6249999403953552,0.3749999701976776
1,1,0.0,0.9999995231628418,1.0,0.7499999403953552,0.4999999403953552,0.4999999403953552
1,1,0.49999987500003124,0.6666664481163025,0.2500001249999375,0.8749998807907104,0.3749999701976776,0.7499999403953552
1,1,0.0,0.9999995231628418,1.0,0.6249999403953552,0.8749998807907104,0.3749999701976776
1,1,0.49999987500003124,0.6666664481163025,0.2500001249999375,0.8571427464485168,0.7142856121063232,0.4285713732242584
1,1,0.49999987500003124,0.6666664481163025,0.2500001249999375,0.7142856121063232,0.7142856121063232,0.2857142388820648
1,1,0.0,0.9999995231628418,1.0,0.4285713732242584,0.5714284777641296,0.1428571194410324
1,1,0.0,0.9999995231628418,1.0,0.8571427464485168,0.7142856121063232,0.5714284777641296
1,1,0.0,0.9999995231628418,1.0,0.5714284777641296,0.7142856121063232,0.7142856121063232
1,1,0.0,0.9999995231628418,1.0,0.7142856121063232,0.5714284777641296,0.5714284777641296
1,1,0.49999987500003124,0.6666664481163025,0.2500001249999375,0.8571427464485168,0.4285713732242584,0.4285713732242584
1,1,0.7499998125000469,0.33333322405815125,0.3333333888888703,0.7142856121063232,0.5714284777641296,0.4285713732242584
1,1,0.0,0.9999995231628418,1.0,0.9999998807907104,0.2857142388820648,0.8571427464485168
1,1,0.49999987500003124,0.6666664481163025,0.2500001249999375,0.9999998807907104,0.5714284777641296,0.5714284777641296
1,1,0.0,0.9999995231628418,1.0,0.7499999403953552,0.6666666269302368,0.4999999701976776
1,1,0.0,0.9999995231628418,1.0,0.9999999403953552,0.5833333134651184,0.8333332538604736
1,1,0.0,0.9999995231628418,1.0,0.8333332538604736,0.6666666269302368,0.6666666269302368
1,1,0.0,0.9999995231628418,1.0,0.7499999403953552,0.4166666269302368,0.6666666269302368
1,1,0.49999987500003124,0.6666664481163025,0.2500001249999375,0.6666666269302368,0.5833333134651184,0.5833333134651184
1,1,0.49999987500003124,0.7499998211860657,0.2500001249999375,0.5384615063667297,0.615384578704834,0.307692289352417
1,1,0.0,0.9999997019767761,1.0,0.7692307233810425,0.5384615063667297,0.615384578704834
1,1,0.0,0.9999997019767761,1.0,0.923076868057251,0.615384578704834,0.615384578704834
1,1,0.49999987500003124,0.33333322405815125,0.5000001249999375,0.615384578704834,0.615384578704834,0.23076921701431274
1,1,0.49999987500003124,0.33333322405815125,0.5000001249999375,0.9999999403953552,0.7692307233810425,0.7692307233810425
1,1,0.49999987500003124,0.6666664481163025,0.5000001249999375,0.7999998331069946,0.3999999165534973,0.7999998331069946
1,1,0.49999987500003124,0.9999997615814209,0.5000001249999375,0.7999998331069946,0.7999998331069946,0.3999999165534973
1,1,0.0,0.9999995231628418,1.0,0.9999998211860657,0.9999998211860657,0.7999998331069946
1,1,0.49999987500003124,0.6666664481163025,0.5000001249999375,0.9999998211860657,0.9999998211860657,0.3999999165534973
1,1,0.49999987500003124,0.6666664481163025,0.2500001249999375,0.9999998211860657,0.7999998331069946,0.5999999046325684
1,1,0.0,0.0,1.0,0.8333331942558289,0.666666567325592,0.333333283662796
1,1,0.49999987500003124,0.9999995231628418,0.2500001249999375,0.8333331942558289,0.8333331942558289,0.333333283662796
1,1,0.0,0.0,1.0,0.9999998211860657,0.8333331942558289,0.49999991059303284
1,1,0.0,0.0,1.0,0.9999998211860657,0.49999991059303284,0.8333331942558289
1,1,0.49999987500003124,0.9999995231628418,0.2500001249999375,0.166666641831398,0.666666567325592,0.0
1,1,0.49999987500003124,0.33333322405815125,0.5000001249999375,0.8749998807907104,0.4999999403953552,0.4999999403953552
1,1,0.0,0.9999997019767761,1.0,0.6249999403953552,0.6249999403953552,0.6249999403953552
1,1,0.0,0.9999997019767761,1.0,0.9999998807907104,0.3749999701976776,0.7499999403953552
1,1,0.0,0.9999997019767761,1.0,0.7499999403953552,0.6249999403953552,0.3749999701976776
1,1,0.49999987500003124,0.33333322405815125,0.5000001249999375,0.6249999403953552,0.4999999403953552,0.6249999403953552
2,1,0.49999987500003124,0.49999988079071045,0.5000001249999375,0.7857142090797424,0.4999999701976776,0.5714285373687744
2,1,0.0,0.9999997615814209,1.0,0.8571428060531616,0.714285671710968,0.357142835855484
2,1,0.49999987500003124,0.49999988079071045,0.5000001249999375,0.7857142090797424,0.6428570747375488,0.357142835855484
1,2,0.49999987500003124,0.49999988079071045,0.2500001249999375,0.6428570747375488,0.4999999701976776,0.6428570747375488
2,1,0.7499998125000469,0.24999994039535522,0.6666667172551499,0.4285714030265808,0.9999999403953552,0.7857142090797424
1,1,0.49999987500003124,0.49999988079071045,0.5000001249999375,0.8235293030738831,0.5294117331504822,0.5294117331504822
1,1,0.0,0.9999997615814209,1.0,0.8823528289794922,0.7058822512626648,0.3529411256313324
1,1,0.49999987500003124,0.49999988079071045,0.5000001249999375,0.7058822512626648,0.7058822512626648,0.29411759972572327
1,1,0.7499998125000469,0.24999994039535522,0.6666667172551499,0.5882351994514465,0.9999998807907104,0.7058822512626648
1,1,0.9999997500000625,0.0,0.5000000624999844,0.7647057771682739,0.7058822512626648,0.41176465153694153
1,1,0.49999987500003124,0.6666664481163025,0.2500001249999375,0.5714284777641296,0.5714284777641296,0.4285713732242584
1,1,0.49999987500003124,0.6666664481163025,0.2500001249999375,0.9999998807907104,0.7142856121063232,0.2857142388820648
1,1,0.0,0.9999995231628418,1.0,0.7142856121063232,0.2857142388820648,0.5714284777641296
1,1,0.0,0.9999995231628418,1.0,0.7142856121063232,0.4285713732242584,0.4285713732242584
1,1,0.0,0.9999995231628418,1.0,0.8571427464485168,0.8571427464485168,0.5714284777641296
1,1,0.0,0.9999997019767761,1.0,0.4999997615814209,0.9999995231628418,0.4999997615814209
1,1,0.0,0.9999997019767761,1.0,0.9999995231628418,0.0,0.9999995231628418
1,1,0.49999987500003124,0.33333322405815125,0.5000001249999375,0.4999997615814209,0.4999997615814209,0.9999995231628418
1,1,0.49999987500003124,0.33333322405815125,0.2500001249999375,0.9999995231628418,0.9999995231628418,0.9999995231628418
1,2,0.0,0.9999997019767761,1.0,0.4999997615814209,0.4999997615814209,0.0
1,1,0.49999987500003124,0.9999995231628418,0.2500001249999375,0.9999998211860657,0.7999998331069946,0.5999999046325684
1,1,0.49999987500003124,0.9999995231628418,0.5000001249999375,0.7999998331069946,0.19999995827674866,0.5999999046325684
1,1,0.7499998125000469,0.9999997019767761,0.6666667172551499,0.7999998331069946,0.19999995827674866,0.5999999046325684
1,1,0.49999987500003124,0.9999995231628418,0.2500001249999375,0.5999999046325684,0.5999999046325684,0.5999999046325684
1,1,0.0,0.0,1.0,0.5999999046325684,0.19999995827674866,0.3999999165534973
1,1,0.49999987500003124,0.6666664481163025,0.5000001249999375,0.7499999403953552,0.6249999403953552,0.7499999403953552
1,1,0.49999987500003124,0.6666664481163025,0.5000001249999375,0.7499999403953552,0.7499999403953552,0.6249999403953552
1,1,0.0,0.9999995231628418,1.0,0.8749998807907104,0.6249999403953552,0.7499999403953552
1,1,0.49999987500003124,0.9999997615814209,0.5000001249999375,0.8749998807907104,0.6249999403953552,0.3749999701976776
1,1,0.49999987500003124,0.6666664481163025,0.2500001249999375,0.7499999403953552,0.3749999701976776,0.4999999403953552
1,1,0.0,0.9999997615814209,1.0,0.49999991059303284,0.333333283662796,0.333333283662796
1,1,0.0,0.9999997615814209,1.0,0.8333331942558289,0.333333283662796,0.49999991059303284
1,1,0.49999987500003124,0.49999988079071045,0.2500001249999375,0.8333331942558289,0.8333331942558289,0.49999991059303284
1,1,0.0,0.9999997615814209,1.0,0.8333331942558289,0.49999991059303284,0.333333283662796
1,1,0.49999987500003124,0.49999988079071045,0.5000001249999375,0.666666567325592,0.8333331942558289,0.49999991059303284
1,1,0.0,0.9999997615814209,1.0,0.666666567325592,0.8888887763023376,0.4444443881511688
1,1,0.49999987500003124,0.49999988079071045,0.2500001249999375,0.7777776718139648,0.666666567325592,0.4444443881511688
1,1,0.0,0.9999997615814209,1.0,0.9999998807907104,0.8888887763023376,0.7777776718139648
1,1,0.0,0.9999997615814209,1.0,0.7777776718139648,0.555555522441864,0.666666567325592
1,1,0.49999987500003124,0.49999988079071045,0.2500001249999375,0.4444443881511688,0.4444443881511688,0.2222221940755844
1,1,0.0,0.0,1.0,0.9999998807907104,0.5714284777641296,0.4285713732242584
1,1,0.7499998125000469,0.9999997019767761,0.3333333888888703,0.8571427464485168,0.5714284777641296,0.2857142388820648
1,1,0.0,0.0,1.0,0.8571427464485168,0.7142856121063232,0.8571427464485168
1,1,0.0,0.0,1.0,0.5714284777641296,0.2857142388820648,0.5714284777641296
1,1,0.7499998125000469,0.9999997019767761,0.5000000456214295,0.5714284777641296,0.7142856121063232,0.4285713732242584
1,1,0.49999987500003124,0.6666664481163025,0.2500001249999375,0.9999997615814209,0.9999997615814209,0.7499998211860657
1,1,0.49999987500003124,0.6666664481163025,0.5000001249999375,0.7499998211860657,0.49999988079071045,0.49999988079071045
1,1,0.7499998125000469,0.7499998211860657,0.6666667172551499,0.49999988079071045,0.49999988079071045,0.49999988079071045
1,1,0.49999987500003124,0.6666664481163025,0.2500001249999375,0.7499998211860657,0.24999994039535522,0.49999988079071045
1,1,0.0,0.9999995231628418,1.0,0.7499998211860657,0.49999988079071045,0.24999994039535522
1,1,0.49999987500003124,0.7499998211860657,0.2500001249999375,0.9999997615814209,0.7499998211860657,0.7499998211860657
1,1,0.49999987500003124,0.33333322405815125,0.5000001249999375,0.49999988079071045,0.9999997615814209,0.24999994039535522
1,1,0.0,0.9999997019767761,1.0,0.49999988079071045,0.49999988079071045,0.49999988079071045
1,1,0.0,0.9999997019767761,1.0,0.7499998211860657,0.9999997615814209,0.0
1,1,0.49999987500003124,0.33333322405815125,0.5000001249999375,0.7499998211860657,0.7499998211860657,0.9999997615814209
1,1,0.49999987500003124,0.33333322405815125,0.2500001249999375,0.7999998331069946,0.5999999046325684,0.3999999165534973
1,1,0.49999987500003124,0.33333322405815125,0.5000001249999375,0.9999998211860657,0.19999995827674866,0.7999998331069946
1,1,0.7499998125000469,0.49999988079071045,0.6666667172551499,0.7999998331069946,0.19999995827674866,0.7999998331069946
1,1,0.49999987500003124,0.33333322405815125,0.2500001249999375,0.5999999046325684,0.19999995827674866,0.7999998331069946
1,1,0.0,0.9999997019767761,1.0,0.9999998211860657,0.5999999046325684,0.3999999165534973
1,1,0.0,0.9999997019767761,1.0,0.5714284777641296,0.7142856121063232,0.5714284777641296
1,1,0.49999987500003124,0.33333322405815125,0.2500001249999375,0.8571427464485168,0.5714284777641296,0.5714284777641296
1,1,0.0,0.9999997019767761,1.0,0.5714284777641296,0.8571427464485168,0.4285713732242584
1,1,0.49999987500003124,0.33333322405815125,0.5000001249999375,0.8571427464485168,0.4285713732242584,0.5714284777641296
1,1,0.0,0.9999997019767761,1.0,0.8571427464485168,0.7142856121063232,0.5714284777641296
1,1,0.0,0.9999997019767761,1.0,0.555555522441864,0.555555522441864,0.555555522441864
1,1,0.0,0.9999997019767761,1.0,0.8888887763023376,0.666666567325592,0.2222221940755844
1,1,0.49999987500003124,0.33333322405815125,0.2500001249999375,0.9999998807907104,0.8888887763023376,0.7777776718139648
1,1,0.0,0.9999997019767761,1.0,0.9999998807907104,0.666666567325592,0.555555522441864
1,1,0.49999987500003124,0.7499998211860657,0.5000001249999375,0.8888887763023376,0.555555522441864,0.4444443881511688
1,1,0.49999987500003124,0.9999995231628418,0.2500001249999375,0.5999999046325684,0.5999999046325684,0.5999999046325684
1,1,0.49999987500003124,0.9999995231628418,0.5000001249999375,0.3999999165534973,0.7999998331069946,0.5999999046325684
1,1,0.0,0.0,1.0,0.3999999165534973,0.5999999046325684,0.19999995827674866
1,1,0.0,0.0,1.0,0.7999998331069946,0.3999999165534973,0.19999995827674866
1,1,0.49999987500003124,0.9999995231628418,0.5000001249999375,0.3999999165534973,0.7999998331069946,0.3999999165534973
1,1,0.49999987500003124,0.9999997615814209,0.5000001249999375,0.8124998807907104,0.5624999403953552,0.5624999403953552
1,1,0.49999987500003124,0.6666664481163025,0.5000001249999375,0.8124998807907104,0.7499999403953552,0.5624999403953552
1,1,0.0,0.9999995231628418,1.0,0.8124998807907104,0.6874999403953552,0.6874999403953552
1,1,0.49999987500003124,0.6666664481163025,0.5000001249999375,0.8124998807907104,0.8124998807907104,0.4374999403953552
1,1,0.49999987500003124,0.0,0.2500001249999375,0.9374998807907104,0.6874999403953552,0.6249999403953552
1,1,0.0,0.9999997019767761,1.0,0.9999998807907104,0.2857142388820648,0.7142856121063232
1,1,0.0,0.9999997019767761,1.0,0.7142856121063232,0.4285713732242584,0.5714284777641296
1,1,0.49999987500003124,0.7499998211860657,0.5000001249999375,0.8571427464485168,0.4285713732242584,0.8571427464485168
1,1,0.0,0.9999997019767761,1.0,0.5714284777641296,0.4285713732242584,0.4285713732242584
1,1,0.0,0.9999997019767761,1.0,0.4285713732242584,0.7142856121063232,0.1428571194410324
1,1,0.49999987500003124,0.7499998211860657,0.2500001249999375,0.7499998211860657,0.7499998211860657,0.9999997615814209
1,1,0.49999987500003124,0.33333322405815125,0.5000001249999375,0.49999988079071045,0.7499998211860657,0.24999994039535522
1,1,0.0,0.9999997019767761,1.0,0.49999988079071045,0.7499998211860657,0.49999988079071045
1,1,0.0,0.9999997019767761,1.0,0.9999997615814209,0.9999997615814209,0.0
1,1,0.49999987500003124,0.33333322405815125,0.5000001249999375,0.7499998211860657,0.7499998211860657,0.7499998211860657
1,1,0.49999987500003124,0.6666664481163025,0.2500001249999375,0.9999997615814209,0.7499998211860657,0.7499998211860657
1,1,0.49999987500003124,0.6666664481163025,0.5000001249999375,0.9999997615814209,0.49999988079071045,0.7499998211860657
1,1,0.7499998125000469,0.33333322405815125,0.6666667172551499,0.7499998211860657,0.24999994039535522,0.7499998211860657
1,1,0.49999987500003124,0.6666664481163025,0.2500001249999375,0.7499998211860657,0.24999994039535522,0.49999988079071045
1,1,0.0,0.9999995231628418,1.0,0.7499998211860657,0.24999994039535522,0.24999994039535522
1,1,0.0,0.9999995231628418,1.0,0.7999998331069946,0.9999998211860657,0.3999999165534973
1,1,0.49999987500003124,0.0,0.2500001249999375,0.9999998211860657,0.3999999165534973,0.5999999046325684
1,1,0.0,0.9999995231628418,1.0,0.7999998331069946,0.7999998331069946,0.5999999046325684
1,1,0.49999987500003124,0.6666664481163025,0.5000001249999375,0.7999998331069946,0.3999999165534973,0.7999998331069946
1,1,0.0,0.9999995231628418,1.0,0.9999998211860657,0.9999998211860657,0.9999998211860657
1,1,0.49999987500003124,0.7499998211860657,0.5000001249999375,0.9999998211860657,0.666666567325592,0.666666567325592
1,1,0.49999987500003124,0.33333322405815125,0.5000001249999375,0.9999998211860657,0.8333331942558289,0.49999991059303284
1,1,0.0,0.9999997019767761,1.0,0.666666567325592,0.666666567325592,0.333333283662796
1,1,0.49999987500003124,0.7499998211860657,0.5000001249999375,0.9999998211860657,0.666666567325592,0.333333283662796
1,1,0.49999987500003124,0.33333322405815125,0.2500001249999375,0.49999991059303284,0.8333331942558289,0.333333283662796
1,1,0.49999987500003124,0.6666664481163025,0.5000001249999375,0.9999997615814209,0.49999988079071045,0.49999988079071045
1,1,0.0,0.9999995231628418,1.0,0.49999988079071045,0.49999988079071045,0.24999994039535522
1,1,0.0,0.9999995231628418,1.0,0.7499998211860657,0.49999988079071045,0.7499998211860657
1,1,0.49999987500003124,0.6666664481163025,0.2500001249999375,0.24999994039535522,0.49999988079071045,0.0
1,1,0.49999987500003124,0.9999997615814209,0.5000001249999375,0.7499998211860657,0.49999988079071045,0.7499998211860657
1,1,0.49999987500003124,0.6666664481163025,0.2500001249999375,0.5999999046325684,0.5999999046325684,0.5999999046325684
1,1,0.49999987500003124,0.6666664481163025,0.5000001249999375,0.5999999046325684,0.7999998331069946,0.5999999046325684
1,1,0.0,0.9999995231628418,1.0,0.5999999046325684,0.9999998211860657,0.3999999165534973
1,1,0.0,0.9999995231628418,1.0,0.9999998211860657,0.3999999165534973,0.19999995827674866
1,1,0.49999987500003124,0.0,0.5000001249999375,0.7999998331069946,0.5999999046325684,0.19999995827674866
1,1,0.49999987500003124,0.0,0.2500001249999375,0.49999988079071045,0.49999988079071045,0.7499998211860657
1,1,0.49999987500003124,0.6666664481163025,0.5000001249999375,0.49999988079071045,0.49999988079071045,0.7499998211860657
1,1,0.0,0.9999995231628418,1.0,0.49999988079071045,0.7499998211860657,0.24999994039535522
1,1,0.0,0.9999995231628418,1.0,0.9999997615814209,0.49999988079071045,0.49999988079071045
1,1,0.49999987500003124,0.6666664481163025,0.5000001249999375,0.7499998211860657,0.49999988079071045,0.49999988079071045
1,1,0.0,0.9999995231628418,1.0,0.7999998331069946,0.5999999046325684,0.5999999046325684
1,1,0.7499998125000469,0.7499998211860657,0.3333333888888703,0.9999998211860657,0.5999999046325684,0.19999995827674866
1,1,0.0,0.9999995231628418,1.0,0.9999998211860657,0.5999999046325684,0.7999998331069946
1,1,0.0,0.9999995231628418,1.0,0.3999999165534973,0.5999999046325684,0.3999999165534973
1,1,0.7499998125000469,0.7499998211860657,0.5000000456214295,0.5999999046325684,0.7999998331069946,0.5999999046325684
1,1,0.49999987500003124,0.7499998211860657,0.2500001249999375,0.7999998331069946,0.5999999046325684,0.5999999046325684
1,1,0.49999987500003124,0.33333322405815125,0.5000001249999375,0.7999998331069946,0.7999998331069946,0.3999999165534973
1,1,0.0,0.9999997019767761,1.0,0.7999998331069946,0.5999999046325684,0.5999999046325684
1,1,0.0,0.9999997019767761,1.0,0.9999998211860657,0.7999998331069946,0.3999999165534973
1,1,0.49999987500003124,0.33333322405815125,0.5000001249999375,0.9999998211860657,0.3999999165534973,0.5999999046325684
1,1,0.0,0.9999997615814209,1.0,0.9999997615814209,0.24999994039535522,0.9999997615814209
1,1,0.7499998125000469,0.24999994039535522,0.3333333888888703,0.9999997615814209,0.49999988079071045,0.24999994039535522
1,1,0.49999987500003124,0.49999988079071045,0.5000001249999375,0.9999997615814209,0.9999997615814209,0.24999994039535522
1,1,0.49999987500003124,0.49999988079071045,0.2500001249999375,0.7499998211860657,0.24999994039535522,0.7499998211860657
1,1,0.0,0.9999997615814209,1.0,0.24999994039535522,0.24999994039535522,0.0
1,1,0.0,0.9999995231628418,1.0,0.7499999403953552,0.6249999403953552,0.4999999403953552
1,1,0.49999987500003124,0.6666664481163025,0.5000001249999375,0.9999998807907104,0.7499999403953552,0.6249999403953552
1,1,0.0,0.9999995231628418,1.0,0.7499999403953552,0.4999999403953552,0.2499999701976776
1,1,0.49999987500003124,0.6666664481163025,0.2500001249999375,0.7499999403953552,0.6249999403953552,0.3749999701976776
1,1,0.0,0.9999995231628418,1.0,0.6249999403953552,0.6249999403953552,0.3749999701976776
1,1,0.49999987500003124,0.6666664481163025,0.5000001249999375,0.6666664481163025,0.9999997019767761,0.33333322405815125
1,1,0.0,0.9999995231628418,1.0,0.9999997019767761,0.33333322405815125,0.6666664481163025
1,1,0.0,0.9999995231628418,1.0,0.9999997019767761,0.33333322405815125,0.6666664481163025
1,1,0.49999987500003124,0.6666664481163025,0.2500001249999375,0.33333322405815125,0.33333322405815125,0.33333322405815125
1,1,0.49999987500003124,0.0,0.5000001249999375,0.33333322405815125,0.6666664481163025,0.33333322405815125
1,1,0.0,0.9999997019767761,1.0,0.9999997615814209,0.7499998211860657,0.7499998211860657
1,1,0.49999987500003124,0.7499998211860657,0.5000001249999375,0.9999997615814209,0.49999988079071045,0.9999997615814209
1,1,0.0,0.9999997019767761,1.0,0.7499998211860657,0.49999988079071045,0.49999988079071045
1,1,0.49999987500003124,0.7499998211860657,0.2500001249999375,0.9999997615814209,0.24999994039535522,0.7499998211860657
1,1,0.0,0.9999997019767761,1.0,0.7499998211860657,0.49999988079071045,0.49999988079071045
1,1,0.0,0.9999997019767761,1.0,0.49999988079071045,0.9999997615814209,0.49999988079071045
1,1,0.49999987500003124,0.33333322405815125,0.2500001249999375,0.9999997615814209,0.7499998211860657,0.49999988079071045
1,1,0.0,0.9999997019767761,1.0,0.9999997615814209,0.7499998211860657,0.9999997615814209
1,1,0.49999987500003124,0.33333322405815125,0.5000001249999375,0.9999997615814209,0.49999988079071045,0.24999994039535522
1,1,0.0,0.9999997019767761,1.0,0.7499998211860657,0.7499998211860657,0.24999994039535522
1,1,0.49999987500003124,0.6666664481163025,0.2500001249999375,0.7499999403953552,0.7499999403953552,0.5833333134651184
1,1,0.0,0.9999995231628418,1.0,0.8333332538604736,0.4999999701976776,0.4166666269302368
1,1,0.0,0.9999995231628418,1.0,0.6666666269302368,0.4166666269302368,0.4166666269302368
1,1,0.49999987500003124,0.6666664481163025,0.2500001249999375,0.6666666269302368,0.5833333134651184,0.2499999850988388
1,1,0.49999987500003124,0.0,0.5000001249999375,0.9999999403953552,0.4166666269302368,0.4999999701976776
1,1,0.0,0.9999995231628418,1.0,0.5833333134651184,0.7499999403953552,0.5833333134651184
1,1,0.0,0.9999995231628418,1.0,0.8333332538604736,0.5833333134651184,0.5833333134651184
1,1,0.49999987500003124,0.6666664481163025,0.2500001249999375,0.9999999403953552,0.7499999403953552,0.7499999403953552
1,1,0.0,0.9999995231628418,1.0,0.8333332538604736,0.5833333134651184,0.3333333134651184
1,1,0.49999987500003124,0.6666664481163025,0.5000001249999375,0.6666666269302368,0.8333332538604736,0.4166666269302368
1,1,0.49999987500003124,0.9999995231628418,0.2500001249999375,0.5999999642372131,0.7999999523162842,0.4999999403953552
1,1,0.0,0.0,1.0,0.6999999284744263,0.6999999284744263,0.4999999403953552
1,1,0.49999987500003124,0.9999995231628418,0.2500001249999375,0.4999999403953552,0.3999999761581421,0.3999999761581421
1,1,0.0,0.0,1.0,0.8999999165534973,0.5999999642372131,0.5999999642372131
1,1,0.0,0.0,1.0,0.5999999642372131,0.3999999761581421,0.29999998211860657
1,1,0.49999987500003124,0.9999997615814209,0.2500001249999375,0.7599999308586121,0.47999995946884155,0.5999999642372131
1,1,0.0,0.9999995231628418,1.0,0.7599999308586121,0.6799999475479126,0.559999942779541
1,1,0.49999987500003124,0.6666664481163025,0.2500001249999375,0.7599999308586121,0.5199999809265137,0.5999999642372131
1,1,0.0,0.9999995231628418,1.0,0.7999999523162842,0.5199999809265137,0.559999942779541
1,1,0.0,0.9999995231628418,1.0,0.6399999260902405,0.5999999642372131,0.4399999678134918
1,1,0.49999987500003124,0.9999995231628418,0.2500001249999375,0.8571427464485168,0.4285713732242584,0.1428571194410324
1,1,0.0,0.0,1.0,0.7142856121063232,0.2857142388820648,0.5714284777641296
1,1,0.0,0.0,1.0,0.7142856121063232,0.5714284777641296,0.5714284777641296
1,1,0.49999987500003124,0.9999995231628418,0.5000001249999375,0.7142856121063232,0.7142856121063232,0.7142856121063232
1,1,0.0,0.0,1.0,0.8571427464485168,0.7142856121063232,0.7142856121063232
1,1,0.49999987500003124,0.7499998211860657,0.2500001249999375,0.7599999308586121,0.47999995946884155,0.5999999642372131
1,1,0.0,0.9999997019767761,1.0,0.7599999308586121,0.6799999475479126,0.559999942779541
1,1,0.49999987500003124,0.33333322405815125,0.2500001249999375,0.7599999308586121,0.5199999809265137,0.5999999642372131
1,1,0.0,0.9999997019767761,1.0,0.7999999523162842,0.5199999809265137,0.559999942779541
1,1,0.0,0.9999997019767761,1.0,0.6399999260902405,0.5999999642372131,0.4399999678134918
1,1,0.0,0.9999997615814209,1.0,0.8888887763023376,0.666666567325592,0.666666567325592
1,1,0.49999987500003124,0.49999988079071045,0.5000001249999375,0.666666567325592,0.4444443881511688,0.333333283662796
1,1,0.0,0.9999997615814209,1.0,0.666666567325592,0.555555522441864,0.4444443881511688
1,1,0.0,0.9999997615814209,1.0,0.4444443881511688,0.555555522441864,0.4444443881511688
1,1,0.49999987500003124,0.49999988079071045,0.2500001249999375,0.666666567325592,0.666666567325592,0.666666567325592
1,1,0.0,0.9999995231628418,1.0,0.7857142090797424,0.6428570747375488,0.4285714030265808
1,1,0.49999987500003124,0.6666664481163025,0.2500001249999375,0.6428570747375488,0.6428570747375488,0.4999999701976776
1,1,0.0,0.9999995231628418,1.0,0.714285671710968,0.714285671710968,0.4999999701976776
1,1,0.0,0.9999995231628418,1.0,0.8571428060531616,0.6428570747375488,0.4285714030265808
1,1,0.0,0.9999995231628418,1.0,0.6428570747375488,0.8571428060531616,0.4999999701976776
1,1,0.0,0.0,1.0,0.7777776718139648,0.4444443881511688,0.555555522441864
1,1,0.0,0.0,1.0,0.8888887763023376,0.555555522441864,0.4444443881511688
1,1,0.49999987500003124,0.9999995231628418,0.5000001249999375,0.7777776718139648,0.7777776718139648,0.666666567325592
1,1,0.0,0.0,1.0,0.666666567325592,0.555555522441864,0.555555522441864
1,1,0.0,0.0,1.0,0.9999998807907104,0.666666567325592,0.555555522441864
1,1,0.7499998125000469,0.33333322405815125,0.5000000456214295,0.6999999284744263,0.4999999403953552,0.29999998211860657
1,1,0.49999987500003124,0.6666664481163025,0.2500001249999375,0.7999999523162842,0.5999999642372131,0.6999999284744263
1,1,0.49999987500003124,0.0,0.2500001249999375,0.7999999523162842,0.5999999642372131,0.8999999165534973
1,1,0.0,0.9999995231628418,1.0,0.4999999403953552,0.7999999523162842,0.29999998211860657
1,1,0.0,0.9999995231628418,1.0,0.8999999165534973,0.7999999523162842,0.5999999642372131
1,1,0.0,0.9999995231628418,1.0,0.8148147463798523,0.5925925374031067,0.5185185074806213
1,1,0.0,0.9999995231628418,1.0,0.6666666269302368,0.7037036418914795,0.4814814329147339
1,1,0.0,0.9999995231628418,1.0,0.7777777314186096,0.555555522441864,0.40740737318992615
1,1,0.0,0.9999995231628418,1.0,0.7777777314186096,0.4814814329147339,0.40740737318992615
1,1,0.7499998125000469,0.7499998211860657,0.3333333888888703,0.7777777314186096,0.7777777314186096,0.4814814329147339
1,1,0.49999987500003124,0.0,0.2500001249999375,0.7599999308586121,0.47999995946884155,0.5999999642372131
1,1,0.0,0.9999995231628418,1.0,0.7599999308586121,0.6799999475479126,0.559999942779541
1,1,0.49999987500003124,0.6666664481163025,0.2500001249999375,0.7599999308586121,0.5199999809265137,0.5999999642372131
1,1,0.0,0.9999995231628418,1.0,0.7999999523162842,0.5199999809265137,0.559999942779541
1,1,0.0,0.9999995231628418,1.0,0.6399999260902405,0.5999999642372131,0.4399999678134918
1,1,0.49999987500003124,0.9999995231628418,0.2500001249999375,0.49999991059303284,0.333333283662796,0.166666641831398
1,1,0.0,0.0,1.0,0.8333331942558289,0.666666567325592,0.666666567325592
1,1,0.0,0.0,1.0,0.8333331942558289,0.9999998211860657,0.333333283662796
1,1,0.49999987500003124,0.9999995231628418,0.5000001249999375,0.666666567325592,0.666666567325592,0.666666567325592
1,1,0.0,0.0,1.0,0.9999998211860657,0.49999991059303284,0.8333331942558289
1,1,0.49999987500003124,0.9999997615814209,0.2500001249999375,0.7499999403953552,0.4999999701976776,0.3749999701976776
1,1,0.0,0.9999995231628418,1.0,0.7916666269302368,0.6249999403953552,0.6666666269302368
1,1,0.0,0.9999995231628418,1.0,0.7916666269302368,0.6249999403953552,0.5416666269302368
1,1,0.49999987500003124,0.6666664481163025,0.5000001249999375,0.7916666269302368,0.6666666269302368,0.7499999403953552
1,1,0.0,0.9999995231628418,1.0,0.8333332538604736,0.4999999701976776,0.5833333134651184
1,1,0.49999987500003124,0.49999988079071045,0.5000001249999375,0.4999999403953552,0.3749999701976776,0.4999999403953552
1,1,0.0,0.9999997615814209,1.0,0.7499999403953552,0.7499999403953552,0.6249999403953552
1,1,0.49999987500003124,0.49999988079071045,0.2500001249999375,0.9999998807907104,0.6249999403953552,0.4999999403953552
1,1,0.0,0.9999997615814209,1.0,0.8749998807907104,0.7499999403953552,0.3749999701976776
1,1,0.0,0.9999997615814209,1.0,0.6249999403953552,0.4999999403953552,0.4999999403953552
1,1,0.49999987500003124,0.49999988079071045,0.5000001249999375,0.7083332538604736,0.4999999701976776,0.6249999403953552
1,1,0.0,0.9999997615814209,1.0,0.9999999403953552,0.7083332538604736,0.5416666269302368
1,1,0.49999987500003124,0.49999988079071045,0.5000001249999375,0.6249999403953552,0.6666666269302368,0.2916666567325592
1,1,0.7499998125000469,0.24999994039535522,0.6666667172551499,0.6666666269302368,0.9999999403953552,0.6249999403953552
1,1,0.9999997500000625,0.0,0.5000000624999844,0.7083332538604736,0.6249999403953552,0.458333283662796
1,1,0.7499998125000469,0.33333322405815125,0.5000000456214295,0.8888887763023376,0.7777776718139648,0.4444443881511688
1,1,0.49999987500003124,0.6666664481163025,0.2500001249999375,0.7777776718139648,0.333333283662796,0.666666567325592
1,1,0.49999987500003124,0.0,0.2500001249999375,0.666666567325592,0.333333283662796,0.4444443881511688
1,1,0.0,0.9999995231628418,1.0,0.7777776718139648,0.555555522441864,0.555555522441864
1,1,0.0,0.9999995231628418,1.0,0.9999998807907104,0.666666567325592,0.555555522441864
1,1,0.0,0.9999995231628418,1.0,0.4999999403953552,0.7499999403953552,0.4999999403953552
1,1,0.49999987500003124,0.6666664481163025,0.5000001249999375,0.8749998807907104,0.7499999403953552,0.3749999701976776
1,1,0.0,0.9999995231628418,1.0,0.7499999403953552,0.3749999701976776,0.3749999701976776
1,1,0.49999987500003124,0.6666664481163025,0.2500001249999375,0.6249999403953552,0.4999999403953552,0.3749999701976776
1,1,0.0,0.9999995231628418,1.0,0.7499999403953552,0.7499999403953552,0.3749999701976776
1,1,0.49999987500003124,0.6666664481163025,0.2500001249999375,0.9999998807907104,0.5714284777641296,0.7142856121063232
1,1,0.0,0.9999995231628418,1.0,0.8571427464485168,0.5714284777641296,0.5714284777641296
1,1,0.49999987500003124,0.6666664481163025,0.2500001249999375,0.5714284777641296,0.5714284777641296,0.4285713732242584
1,1,0.0,0.9999995231628418,1.0,0.8571427464485168,0.4285713732242584,0.7142856121063232
1,1,0.0,0.9999995231628418,1.0,0.4285713732242584,0.5714284777641296,0.2857142388820648
1,1,0.49999987500003124,0.0,0.2500001249999375,0.714285671710968,0.5238094925880432,0.6190475821495056
1,1,0.0,0.9999995231628418,1.0,0.8095237612724304,0.714285671710968,0.5238094925880432
1,1,0.49999987500003124,0.6666664481163025,0.2500001249999375,0.7619047164916992,0.5714285373687744,0.5714285373687744
1,1,0.0,0.9999995231628418,1.0,0.7619047164916992,0.4285714030265808,0.5238094925880432
1,1,0.0,0.9999995231628418,1.0,0.6666666269302368,0.5714285373687744,0.476190447807312
1,1,0.9999997500000625,0.49999988079071045,0.2500000624999844,0.7499999403953552,0.4999999701976776,0.4166666269302368
1,1,0.7499998125000469,0.7499998211860657,0.3333333888888703,0.4999999701976776,0.4166666269302368,0.2499999850988388
1,1,0.49999987500003124,0.0,0.2500001249999375,0.6666666269302368,0.7499999403953552,0.6666666269302368
1,1,0.9999997500000625,0.49999988079071045,0.3750000624999844,0.9999999403953552,0.3333333134651184,0.5833333134651184
1,1,0.7499998125000469,0.33333322405815125,0.5000000456214295,0.916666567325592,0.5833333134651184,0.4999999701976776
1,1,0.49999987500003124,0.9999995231628418,0.2500001249999375,0.666666567325592,0.4444443881511688,0.4444443881511688
1,1,0.0,0.0,1.0,0.8888887763023376,0.666666567325592,0.666666567325592
1,1,0.49999987500003124,0.9999995231628418,0.2500001249999375,0.8888887763023376,0.333333283662796,0.4444443881511688
1,1,0.0,0.0,1.0,0.8888887763023376,0.666666567325592,0.4444443881511688
1,1,0.0,0.0,1.0,0.8888887763023376,0.555555522441864,0.666666567325592
1,1,0.7499998125000469,0.9999997019767761,0.5000000456214295,0.7499999403953552,0.6249999403953552,0.2499999701976776
1,1,0.49999987500003124,0.9999995231628418,0.2500001249999375,0.7499999403953552,0.6249999403953552,0.6249999403953552
1,1,0.49999987500003124,0.9999995231628418,0.2500001249999375,0.8749998807907104,0.3749999701976776,0.6249999403953552
1,1,0.0,0.0,1.0,0.8749998807907104,0.4999999403953552,0.7499999403953552
1,1,0.0,0.0,1.0,0.7499999403953552,0.6249999403953552,0.2499999701976776
1,1,0.49999987500003124,0.33333322405815125,0.2500001249999375,0.8571427464485168,0.4285713732242584,0.5714284777641296
1,1,0.0,0.9999997019767761,1.0,0.5714284777641296,0.5714284777641296,0.5714284777641296
1,1,0.49999987500003124,0.33333322405815125,0.2500001249999375,0.8571427464485168,0.7142856121063232,0.8571427464485168
1,1,0.0,0.9999997019767761,1.0,0.9999998807907104,0.4285713732242584,0.7142856121063232
1,1,0.0,0.9999997019767761,1.0,0.5714284777641296,0.4285713732242584,0.4285713732242584
1,1,0.49999987500003124,0.6666664481163025,0.2500001249999375,0.6666666269302368,0.5833333134651184,0.4999999701976776
1,1,0.0,0.9999995231628418,1.0,0.7916666269302368,0.7083332538604736,0.458333283662796
1,1,0.49999987500003124,0.6666664481163025,0.2500001249999375,0.6666666269302368,0.4999999701976776,0.4166666269302368
1,1,0.0,0.9999995231628418,1.0,0.916666567325592,0.7083332538604736,0.4999999701976776
1,1,0.0,0.9999995231628418,1.0,0.7083332538604736,0.6249999403953552,0.458333283662796
1,1,0.49999987500003124,0.9999995231628418,0.5000001249999375,0.7999998331069946,0.5999999046325684,0.3999999165534973
1,1,0.49999987500003124,0.9999995231628418,0.5000001249999375,0.5999999046325684,0.7999998331069946,0.3999999165534973
1,1,0.0,0.0,1.0,0.7999998331069946,0.7999998331069946,0.7999998331069946
1,1,0.49999987500003124,0.9999995231628418,0.5000001249999375,0.7999998331069946,0.7999998331069946,0.19999995827674866
1,1,0.49999987500003124,0.9999995231628418,0.2500001249999375,0.5999999046325684,0.5999999046325684,0.5999999046325684
1,1,0.49999987500003124,0.6666664481163025,0.5000001249999375,0.7999998331069946,0.7999998331069946,0.7999998331069946
1,1,0.49999987500003124,0.9999997615814209,0.5000001249999375,0.9999998211860657,0.7999998331069946,0.7999998331069946
1,1,0.0,0.9999995231628418,1.0,0.7999998331069946,0.7999998331069946,0.7999998331069946
1,1,0.49999987500003124,0.6666664481163025,0.5000001249999375,0.9999998211860657,0.7999998331069946,0.5999999046325684
1,1,0.49999987500003124,0.6666664481163025,0.2500001249999375,0.9999998211860657,0.3999999165534973,0.5999999046325684
1,1,0.0,0.0,1.0,0.8124998807907104,0.7499999403953552,0.5624999403953552
1,1,0.49999987500003124,0.9999995231628418,0.2500001249999375,0.8124998807907104,0.6874999403953552,0.4374999403953552
1,1,0.0,0.0,1.0,0.7499999403953552,0.8124998807907104,0.4999999403953552
1,1,0.0,0.0,1.0,0.8124998807907104,0.4999999403953552,0.5624999403953552
1,1,0.49999987500003124,0.9999995231628418,0.2500001249999375,0.6249999403953552,0.6249999403953552,0.4374999403953552
1,1,0.0,0.9999995231628418,1.0,0.8333331942558289,0.8333331942558289,0.8333331942558289
1,1,0.49999987500003124,0.6666664481163025,0.2500001249999375,0.8333331942558289,0.49999991059303284,0.333333283662796
1,1,0.0,0.9999995231628418,1.0,0.8333331942558289,0.9999998211860657,0.666666567325592
1,1,0.0,0.9999995231628418,1.0,0.9999998211860657,0.666666567325592,0.666666567325592
1,1,0.49999987500003124,0.9999997615814209,0.2500001249999375,0.49999991059303284,0.49999991059303284,0.49999991059303284
1,1,0.0,0.9999997019767761,1.0,0.9999998211860657,0.8333331942558289,0.333333283662796
1,1,0.7499998125000469,0.49999988079071045,0.3333333888888703,0.666666567325592,0.666666567325592,0.333333283662796
1,1,0.0,0.9999997019767761,1.0,0.666666567325592,0.666666567325592,0.49999991059303284
1,1,0.0,0.9999997019767761,1.0,0.666666567325592,0.166666641831398,0.666666567325592
1,1,0.7499998125000469,0.49999988079071045,0.5000000456214295,0.49999991059303284,0.666666567325592,0.666666567325592
1,1,0.0,0.9999995231628418,1.0,0.6190475821495056,0.5714285373687744,0.476190447807312
1,1,0.9999997500000625,0.49999988079071045,0.2500000624999844,0.6666666269302368,0.6666666269302368,0.5238094925880432
1,1,0.0,0.9999995231628418,1.0,0.5714285373687744,0.6190475821495056,0.3333333134651184
1,1,0.49999987500003124,0.6666664481163025,0.2500001249999375,0.8095237612724304,0.5238094925880432,0.6666666269302368
1,1,0.0,0.9999995231628418,1.0,0.8095237612724304,0.714285671710968,0.6666666269302368
1,1,0.49999987500003124,0.9999995231628418,0.2500001249999375,0.8749998807907104,0.4999999403953552,0.6249999403953552
1,1,0.0,0.0,1.0,0.7499999403953552,0.4999999403953552,0.3749999701976776
1,1,0.49999987500003124,0.9999995231628418,0.2500001249999375,0.7499999403953552,0.4374999403953552,0.4374999403953552
1,1,0.0,0.0,1.0,0.8749998807907104,0.8124998807907104,0.4999999403953552
1,1,0.0,0.0,1.0,0.6249999403953552,0.6249999403953552,0.5624999403953552
1,1,0.0,0.9999995231628418,1.0,0.6249999403953552,0.7499999403953552,0.6249999403953552
1,1,0.49999987500003124,0.6666664481163025,0.5000001249999375,0.8749998807907104,0.8749998807907104,0.3749999701976776
1,1,0.0,0.9999995231628418,1.0,0.8749998807907104,0.3749999701976776,0.7499999403953552
1,1,0.49999987500003124,0.6666664481163025,0.2500001249999375,0.7499999403953552,0.7499999403953552,0.4999999403953552
1,1,0.0,0.9999995231628418,1.0,0.4999999403953552,0.7499999403953552,0.2499999701976776
1,1,0.0,0.9999997615814209,1.0,0.7142856121063232,0.4285713732242584,0.2857142388820648
1,1,0.0,0.9999997615814209,1.0,0.5714284777641296,0.7142856121063232,0.4285713732242584
1,1,0.0,0.9999997615814209,1.0,0.8571427464485168,0.8571427464485168,0.5714284777641296
1,1,0.0,0.9999997615814209,1.0,0.9999998807907104,0.4285713732242584,0.5714284777641296
1,1,0.7499998125000469,0.24999994039535522,0.3333333888888703,0.7142856121063232,0.8571427464485168,0.4285713732242584
1,1,0.49999987500003124,0.9999997615814209,0.2500001249999375,0.666666567325592,0.555555522441864,0.4444443881511688
1,1,0.0,0.9999995231628418,1.0,0.7777776718139648,0.7777776718139648,0.7777776718139648
1,1,0.0,0.9999995231628418,1.0,0.666666567325592,0.666666567325592,0.333333283662796
1,1,0.49999987500003124,0.6666664481163025,0.5000001249999375,0.7777776718139648,0.666666567325592,0.8888887763023376
1,1,0.0,0.9999995231628418,1.0,0.7777776718139648,0.555555522441864,0.555555522441864
1,1,0.7499998125000469,0.24999994039535522,0.5000000456214295,0.7499999403953552,0.6249999403953552,0.2499999701976776
1,1,0.49999987500003124,0.49999988079071045,0.2500001249999375,0.6249999403953552,0.7499999403953552,0.4999999403953552
1,1,0.49999987500003124,0.49999988079071045,0.2500001249999375,0.7499999403953552,0.0,0.6249999403953552
1,1,0.0,0.9999997615814209,1.0,0.4999999403953552,0.8749998807907104,0.4999999403953552
1,1,0.0,0.9999997615814209,1.0,0.3749999701976776,0.4999999403953552,0.2499999701976776
1,1,0.49999987500003124,0.33333322405815125,0.2500001249999375,0.8749998807907104,0.3749999701976776,0.7499999403953552
1,1,0.0,0.9999997019767761,1.0,0.7499999403953552,0.7499999403953552,0.3749999701976776
1,1,0.49999987500003124,0.33333322405815125,0.2500001249999375,0.7499999403953552,0.3749999701976776,0.4999999403953552
1,1,0.0,0.9999997019767761,1.0,0.9999998807907104,0.6249999403953552,0.7499999403953552
1,1,0.0,0.9999997019767761,1.0,0.4999999403953552,0.6249999403953552,0.2499999701976776
1,1,0.49999987500003124,0.6666664481163025,0.2500001249999375,0.5714284777641296,0.7142856121063232,0.2857142388820648
1,1,0.49999987500003124,0.6666664481163025,0.2500001249999375,0.8571427464485168,0.7142856121063232,0.7142856121063232
1,1,0.0,0.9999995231628418,1.0,0.5714284777641296,0.2857142388820648,0.4285713732242584
1,1,0.0,0.9999995231628418,1.0,0.8571427464485168,0.7142856121063232,0.5714284777641296
1,1,0.0,0.9999995231628418,1.0,0.7142856121063232,0.8571427464485168,0.5714284777641296
1,1,0.49999987500003124,0.6666664481163025,0.2500001249999375,0.7499999403953552,0.7499999403953552,0.3749999701976776
1,1,0.0,0.9999995231628418,1.0,0.7499999403953552,0.4999999403953552,0.3749999701976776
1,1,0.49999987500003124,0.6666664481163025,0.2500001249999375,0.3749999701976776,0.3749999701976776,0.4999999403953552
1,1,0.0,0.9999995231628418,1.0,0.6249999403953552,0.6249999403953552,0.3749999701976776
1,1,0.0,0.9999995231628418,1.0,0.6249999403953552,0.4999999403953552,0.3749999701976776
1,1,0.0,0.9999995231628418,1.0,0.8333332538604736,0.6666666269302368,0.5833333134651184
1,1,0.49999987500003124,0.6666664481163025,0.2500001249999375,0.7499999403953552,0.8333332538604736,0.4999999701976776
1,1,0.49999987500003124,0.9999997615814209,0.5000001249999375,0.8333332538604736,0.5833333134651184,0.6666666269302368
1,1,0.9999997500000625,0.49999988079071045,0.2500000624999844,0.8333332538604736,0.4999999701976776,0.1666666567325592
1,1,0.0,0.9999995231628418,1.0,0.8333332538604736,0.4999999701976776,0.7499999403953552
1,1,0.49999987500003124,0.0,0.2500001249999375,0.7777776718139648,0.7777776718139648,0.555555522441864
1,1,0.0,0.9999995231628418,1.0,0.7777776718139648,0.666666567325592,0.555555522441864
1,1,0.0,0.9999995231628418,1.0,0.666666567325592,0.555555522441864,0.4444443881511688
1,1,0.49999987500003124,0.0,0.2500001249999375,0.666666567325592,0.7777776718139648,0.555555522441864
1,1,0.49999987500003124,0.6666664481163025,0.5000001249999375,0.9999998807907104,0.4444443881511688,0.666666567325592
1,1,0.49999987500003124,0.49999988079071045,0.2500001249999375,0.7272726893424988,0.5454545021057129,0.5454545021057129
1,1,0.0,0.9999997615814209,1.0,0.8181817531585693,0.7272726893424988,0.45454540848731995
1,1,0.49999987500003124,0.49999988079071045,0.2500001249999375,0.45454540848731995,0.5454545021057129,0.3636363446712494
1,1,0.0,0.9999997615814209,1.0,0.8181817531585693,0.6363635659217834,0.7272726893424988
1,1,0.0,0.9999997615814209,1.0,0.45454540848731995,0.5454545021057129,0.27272725105285645
1,1,0.49999987500003124,0.6666664481163025,0.2500001249999375,0.7499999403953552,0.4999999403953552,0.3749999701976776
1,1,0.0,0.9999995231628418,1.0,0.7499999403953552,0.6249999403953552,0.4999999403953552
1,1,0.49999987500003124,0.6666664481163025,0.2500001249999375,0.7499999403953552,0.3749999701976776,0.6249999403953552
1,1,0.0,0.9999995231628418,1.0,0.7499999403953552,0.7499999403953552,0.3749999701976776
1,1,0.0,0.9999995231628418,1.0,0.9999998807907104,0.3749999701976776,0.6249999403953552
1,1,0.49999987500003124,0.9999995231628418,0.2500001249999375,0.6410256624221802,0.6410256624221802,0.25641027092933655
1,1,0.0,0.0,1.0,0.7948718070983887,0.692307710647583,0.5128205418586731
1,1,0.0,0.0,1.0,0.8461538553237915,0.5641025900840759,0.5384615659713745
1,1,0.49999987500003124,0.9999995231628418,0.5000001249999375,0.692307710647583,0.6666666865348816,0.3333333432674408
1,1,0.49999987500003124,0.9999995231628418,0.5000001249999375,0.9230769276618958,0.7948718070983887,0.8205128312110901
1,1,0.49999987500003124,0.33333322405815125,0.2500001249999375,0.8888887763023376,0.333333283662796,0.7777776718139648
1,1,0.0,0.9999997019767761,1.0,0.9999998807907104,0.555555522441864,0.555555522441864
1,1,0.0,0.9999997019767761,1.0,0.8888887763023376,0.555555522441864,0.555555522441864
1,1,0.49999987500003124,0.33333322405815125,0.2500001249999375,0.7777776718139648,0.7777776718139648,0.333333283662796
1,1,0.49999987500003124,0.7499998211860657,0.5000001249999375,0.7777776718139648,0.555555522441864,0.555555522441864
1,1,0.7499998125000469,0.33333322405815125,0.5000000456214295,0.8749998807907104,0.3749999701976776,0.2499999701976776
1,1,0.49999987500003124,0.6666664481163025,0.2500001249999375,0.8749998807907104,0.4999999403953552,0.6249999403953552
1,1,0.49999987500003124,0.6666664481163025,0.2500001249999375,0.7499999403953552,0.4999999403953552,0.6249999403953552
1,1,0.0,0.9999995231628418,1.0,0.6249999403953552,0.7499999403953552,0.6249999403953552
1,1,0.0,0.9999995231628418,1.0,0.8749998807907104,0.6249999403953552,0.3749999701976776
1,1,0.49999987500003124,0.0,0.5000001249999375,0.7777776718139648,0.555555522441864,0.333333283662796
1,1,0.0,0.9999995231628418,1.0,0.8888887763023376,0.4444443881511688,0.666666567325592
1,1,0.0,0.9999995231628418,1.0,0.9999998807907104,0.555555522441864,0.8888887763023376
1,1,0.0,0.9999995231628418,1.0,0.666666567325592,0.666666567325592,0.555555522441864
1,1,0.49999987500003124,0.6666664481163025,0.5000001249999375,0.8888887763023376,0.555555522441864,0.7777776718139648
1,1,0.49999987500003124,0.33333322405815125,0.2500001249999375,0.7499999403953552,0.6249999403953552,0.3749999701976776
1,1,0.49999987500003124,0.7499998211860657,0.2500001249999375,0.9999998807907104,0.7499999403953552,0.2499999701976776
1,1,0.0,0.9999997019767761,1.0,0.7499999403953552,0.2499999701976776,0.4999999403953552
1,1,0.0,0.9999997019767761,1.0,0.8749998807907104,0.6249999403953552,0.4999999403953552
1,1,0.0,0.9999997019767761,1.0,0.4999999403953552,0.8749998807907104,0.4999999403953552
1,1,0.0,0.9999995231628418,1.0,0.8181817531585693,0.45454540848731995,0.5454545021057129
1,1,0.0,0.9999995231628418,1.0,0.45454540848731995,0.6363635659217834,0.27272725105285645
1,1,0.0,0.9999995231628418,1.0,0.8181817531585693,0.5454545021057129,0.27272725105285645
1,1,0.0,0.9999995231628418,1.0,0.8181817531585693,0.45454540848731995,0.27272725105285645
1,1,0.7499998125000469,0.33333322405815125,0.3333333888888703,0.7272726893424988,0.8181817531585693,0.6363635659217834
1,1,0.0,0.9999997615814209,1.0,0.7999998331069946,0.7999998331069946,0.5999999046325684
1,1,0.49999987500003124,0.49999988079071045,0.5000001249999375,0.7999998331069946,0.5999999046325684,0.3999999165534973
1,1,0.0,0.9999997615814209,1.0,0.7999998331069946,0.5999999046325684,0.3999999165534973
1,1,0.0,0.9999997615814209,1.0,0.5999999046325684,0.3999999165534973,0.5999999046325684
1,1,0.49999987500003124,0.49999988079071045,0.2500001249999375,0.7999998331069946,0.9999998211860657,0.9999998211860657
1,1,0.7499998125000469,0.9999997019767761,0.5000000456214295,0.666666567325592,0.555555522441864,0.2222221940755844
1,1,0.49999987500003124,0.9999995231628418,0.2500001249999375,0.9999998807907104,0.4444443881511688,0.4444443881511688
1,1,0.49999987500003124,0.9999995231628418,0.2500001249999375,0.7777776718139648,0.333333283662796,0.666666567325592
1,1,0.0,0.0,1.0,0.666666567325592,0.666666567325592,0.666666567325592
1,1,0.0,0.0,1.0,0.7777776718139648,0.555555522441864,0.333333283662796
1,1,0.0,0.9999997615814209,1.0,0.7058822512626648,0.5882351994514465,0.5882351994514465
1,1,0.7499998125000469,0.24999994039535522,0.3333333888888703,0.7058822512626648,0.6470587253570557,0.29411759972572327
1,1,0.0,0.9999997615814209,1.0,0.8823528289794922,0.6470587253570557,0.6470587253570557
1,1,0.0,0.9999997615814209,1.0,0.5882351994514465,0.41176465153694153,0.47058817744255066
1,1,0.7499998125000469,0.24999994039535522,0.5000000456214295,0.7647057771682739,0.6470587253570557,0.5882351994514465
1,1,0.49999987500003124,0.9999995231628418,0.2500001249999375,0.714285671710968,0.6428570747375488,0.5714285373687744
1,1,0.0,0.0,1.0,0.714285671710968,0.6428570747375488,0.6428570747375488
1,1,0.49999987500003124,0.9999995231628418,0.2500001249999375,0.714285671710968,0.4999999701976776,0.5714285373687744
1,1,0.0,0.0,1.0,0.7857142090797424,0.4999999701976776,0.4285714030265808
1,1,0.0,0.0,1.0,0.5714285373687744,0.5714285373687744,0.357142835855484
1,1,0.49999987500003124,0.49999988079071045,0.2500001249999375,0.684210479259491,0.5263157486915588,0.42105257511138916
1,1,0.0,0.9999997615814209,1.0,0.7368420362472534,0.5789473056793213,0.3684210181236267
1,1,0.49999987500003124,0.49999988079071045,0.2500001249999375,0.684210479259491,0.473684161901474,0.5263157486915588
1,1,0.0,0.9999997615814209,1.0,0.8421051502227783,0.7894735932350159,0.5263157486915588
1,1,0.0,0.9999997615814209,1.0,0.684210479259491,0.5789473056793213,0.473684161901474
1,1,0.0,0.9999995231628418,1.0,0.8235293030738831,0.6470587253570557,0.7647057771682739
1,1,0.49999987500003124,0.6666664481163025,0.5000001249999375,0.8823528289794922,0.7647057771682739,0.47058817744255066
1,1,0.0,0.9999995231628418,1.0,0.8823528289794922,0.41176465153694153,0.6470587253570557
1,1,0.49999987500003124,0.9999997615814209,0.2500001249999375,0.7058822512626648,0.6470587253570557,0.5294117331504822
1,1,0.0,0.9999995231628418,1.0,0.8235293030738831,0.8235293030738831,0.5882351994514465
1,1,0.7499998125000469,0.7499998211860657,0.5000000456214295,0.6999999284744263,0.5999999642372131,0.29999998211860657
1,1,0.49999987500003124,0.0,0.2500001249999375,0.8999999165534973,0.5999999642372131,0.6999999284744263
1,1,0.49999987500003124,0.6666664481163025,0.2500001249999375,0.7999999523162842,0.3999999761581421,0.5999999642372131
1,1,0.0,0.9999995231628418,1.0,0.6999999284744263,0.6999999284744263,0.4999999403953552
1,1,0.0,0.9999995231628418,1.0,0.8999999165534973,0.6999999284744263,0.29999998211860657
1,1,0.0,0.9999995231628418,1.0,0.7692307233810425,0.5384615063667297,0.4615384340286255
1,1,0.7499998125000469,0.7499998211860657,0.3333333888888703,0.615384578704834,0.5384615063667297,0.23076921701431274
1,1,0.0,0.9999995231628418,1.0,0.923076868057251,0.6923076510429382,0.6923076510429382
1,1,0.0,0.9999995231628418,1.0,0.615384578704834,0.307692289352417,0.5384615063667297
1,1,0.7499998125000469,0.7499998211860657,0.5000000456214295,0.7692307233810425,0.5384615063667297,0.5384615063667297
1,1,0.49999987500003124,0.9999997615814209,0.2500001249999375,0.7499999403953552,0.8749998807907104,0.6249999403953552
1,1,0.49999987500003124,0.0,0.2500001249999375,0.9999998807907104,0.4999999403953552,0.4999999403953552
1,1,0.0,0.9999995231628418,1.0,0.7499999403953552,0.3749999701976776,0.7499999403953552
1,1,0.0,0.9999995231628418,1.0,0.4999999403953552,0.6249999403953552,0.3749999701976776
1,1,0.0,0.9999995231628418,1.0,0.7499999403953552,0.4999999403953552,0.7499999403953552
1,1,0.0,0.9999997019767761,1.0,0.5714284777641296,0.7142856121063232,0.4285713732242584
1,1,0.49999987500003124,0.33333322405815125,0.2500001249999375,0.7142856121063232,0.8571427464485168,0.5714284777641296
1,1,0.0,0.9999997019767761,1.0,0.5714284777641296,0.7142856121063232,0.2857142388820648
1,1,0.0,0.9999997019767761,1.0,0.7142856121063232,0.5714284777641296,0.5714284777641296
1,1,0.49999987500003124,0.33333322405815125,0.2500001249999375,0.7142856121063232,0.8571427464485168,0.4285713732242584
1,1,0.49999987500003124,0.9999995231628418,0.2500001249999375,0.9999998807907104,0.5714284777641296,0.8571427464485168
1,1,0.0,0.0,1.0,0.9999998807907104,0.5714284777641296,0.4285713732242584
1,1,0.49999987500003124,0.9999995231628418,0.2500001249999375,0.8571427464485168,0.5714284777641296,0.4285713732242584
1,1,0.0,0.0,1.0,0.5714284777641296,0.4285713732242584,0.2857142388820648
1,1,0.0,0.0,1.0,0.4285713732242584,0.5714284777641296,0.2857142388820648
1,1,0.0,0.9999997019767761,1.0,0.6666666269302368,0.6666666269302368,0.5714285373687744
1,1,0.49999987500003124,0.33333322405815125,0.2500001249999375,0.8095237612724304,0.7619047164916992,0.5238094925880432
1,1,0.0,0.9999997019767761,1.0,0.8095237612724304,0.8095237612724304,0.6190475821495056
1,1,0.0,0.9999997019767761,1.0,0.8571428060531616,0.476190447807312,0.6666666269302368
1,1,0.49999987500003124,0.33333322405815125,0.2500001249999375,0.6190475821495056,0.6190475821495056,0.4285714030265808
1,1,0.49999987500003124,0.49999988079071045,0.2500001249999375,0.7333332896232605,0.5666666030883789,0.4999999701976776
1,1,0.0,0.9999997615814209,1.0,0.76666659116745,0.5999999642372131,0.3999999761581421
1,1,0.49999987500003124,0.49999988079071045,0.2500001249999375,0.6666666269302368,0.46666663885116577,0.46666663885116577
1,1,0.0,0.9999997615814209,1.0,0.8666666150093079,0.6999999284744263,0.5333333015441895
1,1,0.0,0.9999997615814209,1.0,0.6333332657814026,0.5666666030883789,0.43333330750465393
1,1,0.49999987500003124,0.49999988079071045,0.2500001249999375,0.7599999308586121,0.47999995946884155,0.5999999642372131
1,1,0.0,0.9999997615814209,1.0,0.7599999308586121,0.6799999475479126,0.559999942779541
1,1,0.49999987500003124,0.49999988079071045,0.2500001249999375,0.7599999308586121,0.5199999809265137,0.5999999642372131
1,1,0.0,0.9999997615814209,1.0,0.7999999523162842,0.5199999809265137,0.559999942779541
1,1,0.0,0.9999997615814209,1.0,0.6399999260902405,0.5999999642372131,0.4399999678134918
1,1,0.49999987500003124,0.6666664481163025,0.2500001249999375,0.49999991059303284,0.49999991059303284,0.333333283662796
1,1,0.0,0.9999995231628418,1.0,0.666666567325592,0.8333331942558289,0.666666567325592
1,1,0.0,0.9999995231628418,1.0,0.666666567325592,0.666666567325592,0.666666567325592
1,1,0.49999987500003124,0.9999997615814209,0.5000001249999375,0.8333331942558289,0.333333283662796,0.9999998211860657
1,1,0.0,0.9999995231628418,1.0,0.8333331942558289,0.49999991059303284,0.333333283662796
1,1,0.49999987500003124,0.9999997615814209,0.2500001249999375,0.5714284777641296,0.2857142388820648,0.0
1,1,0.0,0.9999995231628418,1.0,0.9999998807907104,0.7142856121063232,0.7142856121063232
1,1,0.0,0.9999995231628418,1.0,0.7142856121063232,0.7142856121063232,0.4285713732242584
1,1,0.49999987500003124,0.6666664481163025,0.5000001249999375,0.7142856121063232,0.7142856121063232,0.4285713732242584
1,1,0.0,0.9999995231628418,1.0,0.9999998807907104,0.5714284777641296,0.8571427464485168
1,1,0.0,0.9999997019767761,1.0,0.555555522441864,0.4444443881511688,0.333333283662796
1,1,0.0,0.9999997019767761,1.0,0.7777776718139648,0.333333283662796,0.666666567325592
1,1,0.49999987500003124,0.7499998211860657,0.5000001249999375,0.8888887763023376,0.666666567325592,0.555555522441864
1,1,0.0,0.9999997019767761,1.0,0.7777776718139648,0.666666567325592,0.555555522441864
1,1,0.0,0.9999997019767761,1.0,0.9999998807907104,0.555555522441864,0.4444443881511688
1,1,0.0,0.9999997615814209,1.0,0.7777776718139648,0.7777776718139648,0.611111044883728
1,1,0.0,0.9999997615814209,1.0,0.7777776718139648,0.666666567325592,0.611111044883728
1,1,0.49999987500003124,0.49999988079071045,0.5000001249999375,0.7222221493721008,0.7777776718139648,0.4999999403953552
1,1,0.49999987500003124,0.49999988079071045,0.5000001249999375,0.555555522441864,0.666666567325592,0.3888888359069824
1,1,0.49999987500003124,0.49999988079071045,0.5000001249999375,0.7222221493721008,0.4999999403953552,0.3888888359069824
1,1,0.0,0.9999995231628418,1.0,0.8124998807907104,0.6874999403953552,0.4374999403953552
1,1,0.49999987500003124,0.6666664481163025,0.2500001249999375,0.7499999403953552,0.3749999701976776,0.4374999403953552
1,1,0.7499998125000469,0.33333322405815125,0.3333333888888703,0.7499999403953552,0.4374999403953552,0.6874999403953552
1,1,0.0,0.9999995231628418,1.0,0.9999998807907104,0.4374999403953552,0.6249999403953552
1,1,0.49999987500003124,0.6666664481163025,0.2500001249999375,0.7499999403953552,0.6249999403953552,0.6249999403953552
1,1,0.0,0.9999995231628418,1.0,0.8095237612724304,0.5714285373687744,0.5238094925880432
1,1,0.0,0.9999995231628418,1.0,0.6666666269302368,0.6190475821495056,0.5714285373687744
1,1,0.0,0.9999995231628418,1.0,0.7619047164916992,0.5714285373687744,0.4285714030265808
1,1,0.0,0.9999995231628418,1.0,0.8095237612724304,0.5238094925880432,0.4285714030265808
1,1,0.7499998125000469,0.33333322405815125,0.3333333888888703,0.714285671710968,0.7619047164916992,0.5714285373687744
1,1,0.0,0.9999995231628418,1.0,0.666666567325592,0.4999999403953552,0.333333283662796
1,1,0.0,0.9999995231628418,1.0,0.7777776718139648,0.4444443881511688,0.555555522441864
1,1,0.49999987500003124,0.0,0.5000001249999375,0.8888887763023376,0.7222221493721008,0.666666567325592
1,1,0.0,0.9999995231628418,1.0,0.8333332538604736,0.7222221493721008,0.611111044883728
1,1,0.0,0.9999995231628418,1.0,0.7777776718139648,0.555555522441864,0.3888888359069824
1,1,0.0,0.9999997615814209,1.0,0.666666567325592,0.666666567325592,0.49999991059303284
1,1,0.0,0.9999997615814209,1.0,0.666666567325592,0.8333331942558289,0.49999991059303284
1,1,0.49999987500003124,0.49999988079071045,0.2500001249999375,0.9999998211860657,0.8333331942558289,0.8333331942558289
1,1,0.0,0.9999997615814209,1.0,0.8333331942558289,0.49999991059303284,0.49999991059303284
1,1,0.49999987500003124,0.49999988079071045,0.5000001249999375,0.8333331942558289,0.49999991059303284,0.49999991059303284
1,1,0.0,0.9999997615814209,1.0,0.7499999403953552,0.6249999403953552,0.4999999403953552
1,1,0.49999987500003124,0.49999988079071045,0.2500001249999375,0.7499999403953552,0.3749999701976776,0.3749999701976776
1,1,0.7499998125000469,0.24999994039535522,0.3333333888888703,0.7499999403953552,0.3749999701976776,0.6249999403953552
1,1,0.0,0.9999997615814209,1.0,0.9999998807907104,0.3749999701976776,0.6249999403953552
1,1,0.49999987500003124,0.49999988079071045,0.2500001249999375,0.7499999403953552,0.6249999403953552,0.6249999403953552
1,1,0.0,0.9999995231628418,1.0,0.5999999642372131,0.46666663885116577,0.3999999761581421
1,1,0.0,0.9999995231628418,1.0,0.8666666150093079,0.5333333015441895,0.46666663885116577
1,1,0.49999987500003124,0.6666664481163025,0.5000001249999375,0.8666666150093079,0.7999999523162842,0.5333333015441895
1,1,0.0,0.9999995231628418,1.0,0.7333332896232605,0.5999999642372131,0.3999999761581421
1,1,0.0,0.9999995231628418,1.0,0.8666666150093079,0.5999999642372131,0.3333333134651184
1,1,0.0,0.9999997615814209,1.0,0.666666567325592,0.333333283662796,0.666666567325592
1,1,0.0,0.9999997615814209,1.0,0.666666567325592,0.9999998211860657,0.49999991059303284
1,1,0.49999987500003124,0.49999988079071045,0.2500001249999375,0.9999998211860657,0.49999991059303284,0.8333331942558289
1,1,0.0,0.9999997615814209,1.0,0.8333331942558289,0.666666567325592,0.8333331942558289
1,1,0.49999987500003124,0.49999988079071045,0.5000001249999375,0.8333331942558289,0.49999991059303284,0.666666567325592
1,1,0.7499998125000469,0.0,0.5000000456214295,0.8235293030738831,0.5882351994514465,0.41176465153694153
1,1,0.49999987500003124,0.7499998211860657,0.2500001249999375,0.8235293030738831,0.47058817744255066,0.5882351994514465
1,1,0.49999987500003124,0.33333322405815125,0.2500001249999375,0.7647057771682739,0.5294117331504822,0.5882351994514465
1,1,0.0,0.9999997019767761,1.0,0.5882351994514465,0.6470587253570557,0.3529411256313324
1,1,0.0,0.9999997019767761,1.0,0.7647057771682739,0.5882351994514465,0.29411759972572327
1,1,0.49999987500003124,0.49999988079071045,0.2500001249999375,0.7619047164916992,0.5714285373687744,0.5714285373687744
1,1,0.0,0.9999997615814209,1.0,0.714285671710968,0.6190475821495056,0.4285714030265808
1,1,0.49999987500003124,0.49999988079071045,0.2500001249999375,0.6666666269302368,0.3809523582458496,0.5238094925880432
1,1,0.0,0.9999997615814209,1.0,0.8095237612724304,0.6190475821495056,0.476190447807312
1,1,0.0,0.9999997615814209,1.0,0.6666666269302368,0.5238094925880432,0.3333333134651184
1,1,0.0,0.9999995231628418,1.0,0.8181817531585693,0.5454545021057129,0.8181817531585693
1,1,0.49999987500003124,0.6666664481163025,0.5000001249999375,0.8181817531585693,0.6363635659217834,0.5454545021057129
1,1,0.0,0.9999995231628418,1.0,0.7272726893424988,0.45454540848731995,0.6363635659217834
1,1,0.49999987500003124,0.6666664481163025,0.2500001249999375,0.7272726893424988,0.5454545021057129,0.6363635659217834
1,1,0.0,0.9999995231628418,1.0,0.8181817531585693,0.6363635659217834,0.7272726893424988
1,1,0.0,0.0,1.0,0.8571427464485168,0.5714284777641296,0.7142856121063232
1,1,0.0,0.0,1.0,0.7142856121063232,0.5714284777641296,0.5714284777641296
1,1,0.0,0.0,1.0,0.8571427464485168,0.7142856121063232,0.4285713732242584
1,1,0.0,0.0,1.0,0.9999998807907104,0.2857142388820648,0.4285713732242584
1,1,0.7499998125000469,0.9999997019767761,0.3333333888888703,0.7142856121063232,0.9999998807907104,0.4285713732242584
1,1,0.49999987500003124,0.9999995231628418,0.5000001249999375,0.666666567325592,0.555555522441864,0.4444443881511688
1,1,0.0,0.0,1.0,0.8888887763023376,0.666666567325592,0.555555522441864
1,1,0.0,0.0,1.0,0.666666567325592,0.8888887763023376,0.555555522441864
1,1,0.0,0.0,1.0,0.7777776718139648,0.2222221940755844,0.555555522441864
1,1,0.49999987500003124,0.9999995231628418,0.5000001249999375,0.9999998807907104,0.7777776718139648,0.8888887763023376
1,1,0.49999987500003124,0.6666664481163025,0.2500001249999375,0.7499999403953552,0.6249999403953552,0.4999999403953552
1,1,0.49999987500003124,0.6666664481163025,0.2500001249999375,0.8749998807907104,0.6249999403953552,0.6249999403953552
1,1,0.0,0.9999995231628418,1.0,0.6249999403953552,0.4999999403953552,0.4999999403953552
1,1,0.0,0.9999995231628418,1.0,0.7499999403953552,0.7499999403953552,0.3749999701976776
1,1,0.0,0.9999995231628418,1.0,0.7499999403953552,0.7499999403953552,0.6249999403953552
1,1,0.0,0.9999997615814209,1.0,0.7499999403953552,0.6249999403953552,0.6249999403953552
1,1,0.0,0.9999997615814209,1.0,0.3749999701976776,0.3749999701976776,0.2499999701976776
1,1,0.49999987500003124,0.49999988079071045,0.5000001249999375,0.6249999403953552,0.7499999403953552,0.4999999403953552
1,1,0.49999987500003124,0.49999988079071045,0.5000001249999375,0.7499999403953552,0.8749998807907104,0.8749998807907104
1,1,0.49999987500003124,0.49999988079071045,0.5000001249999375,0.4999999403953552,0.7499999403953552,0.4999999403953552
1,1,0.0,0.9999995231628418,1.0,0.49999991059303284,0.333333283662796,0.166666641831398
1,1,0.0,0.9999995231628418,1.0,0.8333331942558289,0.666666567325592,0.333333283662796
1,1,0.49999987500003124,0.6666664481163025,0.5000001249999375,0.9999998211860657,0.8333331942558289,0.49999991059303284
1,1,0.0,0.9999995231628418,1.0,0.9999998211860657,0.8333331942558289,0.49999991059303284
1,1,0.0,0.9999995231628418,1.0,0.8333331942558289,0.49999991059303284,0.166666641831398
1,1,0.0,0.0,1.0,0.7499999403953552,0.4999999403953552,0.3749999701976776
1,1,0.0,0.0,1.0,0.9999998807907104,0.6249999403953552,0.7499999403953552
1,1,0.49999987500003124,0.9999995231628418,0.5000001249999375,0.7499999403953552,0.6249999403953552,0.7499999403953552
1,1,0.0,0.0,1.0,0.8749998807907104,0.8749998807907104,0.4999999403953552
1,1,0.0,0.0,1.0,0.6249999403953552,0.7499999403953552,0.4999999403953552
1,1,0.49999987500003124,0.6666664481163025,0.2500001249999375,0.3749999701976776,0.6249999403953552,0.3749999701976776
1,1,0.0,0.9999995231628418,1.0,0.8749998807907104,0.4999999403953552,0.4999999403953552
1,1,0.49999987500003124,0.6666664481163025,0.2500001249999375,0.8749998807907104,0.2499999701976776,0.6249999403953552
1,1,0.0,0.9999995231628418,1.0,0.7499999403953552,0.8749998807907104,0.4999999403953552
1,1,0.0,0.9999995231628418,1.0,0.7499999403953552,0.2499999701976776,0.7499999403953552
1,1,0.49999987500003124,0.49999988079071045,0.5000001249999375,0.7999998331069946,0.3999999165534973,0.7999998331069946
1,1,0.49999987500003124,0.49999988079071045,0.5000001249999375,0.3999999165534973,0.5999999046325684,0.19999995827674866
1,1,0.0,0.9999997615814209,1.0,0.9999998211860657,0.7999998331069946,0.5999999046325684
1,1,0.49999987500003124,0.49999988079071045,0.5000001249999375,0.7999998331069946,0.5999999046325684,0.19999995827674866
1,1,0.49999987500003124,0.49999988079071045,0.2500001249999375,0.7999998331069946,0.9999998211860657,0.5999999046325684
1,1,0.0,0.0,1.0,0.8333331942558289,0.49999991059303284,0.49999991059303284
1,1,0.49999987500003124,0.9999995231628418,0.2500001249999375,0.666666567325592,0.333333283662796,0.49999991059303284
1,1,0.7499998125000469,0.9999997019767761,0.3333333888888703,0.666666567325592,0.333333283662796,0.49999991059303284
1,1,0.0,0.0,1.0,0.9999998211860657,0.166666641831398,0.666666567325592
1,1,0.49999987500003124,0.9999995231628418,0.2500001249999375,0.8333331942558289,0.666666567325592,0.49999991059303284
1,1,0.0,0.9999995231628418,1.0,0.916666567325592,0.4999999701976776,0.6249999403953552
1,1,0.49999987500003124,0.6666664481163025,0.2500001249999375,0.916666567325592,0.6666666269302368,0.7083332538604736
1,1,0.49999987500003124,0.6666664481163025,0.5000001249999375,0.8749999403953552,0.4999999701976776,0.4999999701976776
1,1,0.9999997500000625,0.49999988079071045,0.2500000624999844,0.7916666269302368,0.7499999403953552,0.458333283662796
1,1,0.0,0.9999995231628418,1.0,0.8333332538604736,0.5833333134651184,0.5833333134651184
1,1,0.49999987500003124,0.6666664481163025,0.2500001249999375,0.9999998807907104,0.555555522441864,0.666666567325592
1,1,0.0,0.9999995231628418,1.0,0.666666567325592,0.666666567325592,0.2222221940755844
1,1,0.49999987500003124,0.6666664481163025,0.2500001249999375,0.666666567325592,0.333333283662796,0.333333283662796
1,1,0.0,0.9999995231628418,1.0,0.7777776718139648,0.8888887763023376,0.4444443881511688
1,1,0.0,0.9999995231628418,1.0,0.4444443881511688,0.666666567325592,0.2222221940755844
1,1,0.0,0.9999997615814209,1.0,0.666666567325592,0.8333331942558289,0.49999991059303284
1,1,0.49999987500003124,0.49999988079071045,0.5000001249999375,0.666666567325592,0.333333283662796,0.49999991059303284
1,1,0.0,0.9999997615814209,1.0,0.8333331942558289,0.49999991059303284,0.166666641831398
1,1,0.0,0.9999997615814209,1.0,0.666666567325592,0.49999991059303284,0.49999991059303284
1,1,0.49999987500003124,0.49999988079071045,0.2500001249999375,0.666666567325592,0.8333331942558289,0.8333331942558289
1,1,0.0,0.9999995231628418,1.0,0.8749998807907104,0.4999999403953552,0.8749998807907104
1,1,0.49999987500003124,0.9999997615814209,0.5000001249999375,0.7499999403953552,0.4999999403953552,0.3749999701976776
1,1,0.0,0.9999995231628418,1.0,0.6249999403953552,0.3749999701976776,0.6249999403953552
1,1,0.49999987500003124,0.6666664481163025,0.2500001249999375,0.7499999403953552,0.4999999403953552,0.6249999403953552
1,1,0.0,0.9999995231628418,1.0,0.7499999403953552,0.7499999403953552,0.6249999403953552
1,1,0.49999987500003124,0.9999995231628418,0.2500001249999375,0.7499999403953552,0.6249999403953552,0.4999999403953552
1,1,0.0,0.0,1.0,0.6249999403953552,0.3749999701976776,0.0
1,1,0.49999987500003124,0.9999995231628418,0.2500001249999375,0.6249999403953552,0.3749999701976776,0.6249999403953552
1,1,0.0,0.0,1.0,0.7499999403953552,0.3749999701976776,0.3749999701976776
1,1,0.0,0.0,1.0,0.7499999403953552,0.6249999403953552,0.3749999701976776
1,1,0.49999987500003124,0.9999995231628418,0.2500001249999375,0.7499999403953552,0.7499999403953552,0.6249999403953552
1,1,0.0,0.0,1.0,0.8749998807907104,0.6249999403953552,0.4999999403953552
1,1,0.49999987500003124,0.9999995231628418,0.2500001249999375,0.6249999403953552,0.4999999403953552,0.4999999403953552
1,1,0.0,0.0,1.0,0.8749998807907104,0.7499999403953552,0.4999999403953552
1,1,0.0,0.0,1.0,0.6249999403953552,0.4999999403953552,0.4999999403953552
1,1,0.49999987500003124,0.6666664481163025,0.2500001249999375,0.8571427464485168,0.2857142388820648,0.8571427464485168
1,1,0.0,0.9999995231628418,1.0,0.8571427464485168,0.5714284777641296,0.7142856121063232
1,1,0.49999987500003124,0.6666664481163025,0.2500001249999375,0.8571427464485168,0.5714284777641296,0.7142856121063232
1,1,0.0,0.9999995231628418,1.0,0.9999998807907104,0.4285713732242584,0.9999998807907104
1,1,0.0,0.9999995231628418,1.0,0.9999998807907104,0.5714284777641296,0.5714284777641296
1,1,0.49999987500003124,0.6666664481163025,0.2500001249999375,0.7777776718139648,0.666666567325592,0.4444443881511688
1,1,0.0,0.9999995231628418,1.0,0.7777776718139648,0.7777776718139648,0.7777776718139648
1,1,0.0,0.9999995231628418,1.0,0.7777776718139648,0.7777776718139648,0.4444443881511688
1,1,0.49999987500003124,0.0,0.5000001249999375,0.7777776718139648,0.4444443881511688,0.555555522441864
1,1,0.0,0.9999995231628418,1.0,0.7777776718139648,0.555555522441864,0.555555522441864
1,1,0.49999987500003124,0.49999988079071045,0.2500001249999375,0.615384578704834,0.6923076510429382,0.4615384340286255
1,1,0.9999997500000625,0.0,0.3750000624999844,0.6923076510429382,0.38461536169052124,0.5384615063667297
1,2,0.0,0.9999997615814209,1.0,0.7692307233810425,0.307692289352417,0.6923076510429382
1,2,0.9999997500000625,0.0,0.7500000312499921,0.9999999403953552,0.9999999403953552,0.9999999403953552
2,1,0.49999987500003124,0.49999988079071045,0.5000001249999375,0.8181817531585693,0.3636363446712494,0.3636363446712494
1,1,0.0,0.9999995231628418,1.0,0.8181817531585693,0.6363635659217834,0.45454540848731995
1,1,0.49999987500003124,0.6666664481163025,0.2500001249999375,0.6363635659217834,0.45454540848731995,0.3636363446712494
1,1,0.0,0.9999995231628418,1.0,0.6363635659217834,0.45454540848731995,0.3636363446712494
1,1,0.0,0.9999995231628418,1.0,0.7272726893424988,0.8181817531585693,0.45454540848731995
1,1,0.0,0.9999995231628418,1.0,0.7272726893424988,0.8181817531585693,0.45454540848731995
1,1,0.49999987500003124,0.49999988079071045,0.2500001249999375,0.6923076510429382,0.6923076510429382,0.5384615063667297
1,1,0.9999997500000625,0.0,0.3750000624999844,0.6923076510429382,0.5384615063667297,0.23076921701431274
1,2,0.0,0.9999997615814209,1.0,0.8333332538604736,0.3333333134651184,0.7499999403953552
1,2,0.9999997500000625,0.0,0.7500000312499921,0.9999999403953552,0.9999999403953552,0.9999999403953552
2,1,0.49999987500003124,0.49999988079071045,0.5000001249999375,0.7272726893424988,0.3636363446712494,0.7272726893424988
1,1,0.49999987500003124,0.9999997615814209,0.2500001249999375,0.7142856121063232,0.2857142388820648,0.4285713732242584
1,1,0.0,0.9999995231628418,1.0,0.7142856121063232,0.4285713732242584,0.5714284777641296
1,1,0.0,0.9999995231628418,1.0,0.8571427464485168,0.5714284777641296,0.8571427464485168
1,1,0.49999987500003124,0.6666664481163025,0.5000001249999375,0.8571427464485168,0.2857142388820648,0.8571427464485168
1,1,0.0,0.9999995231628418,1.0,0.8571427464485168,0.4285713732242584,0.4285713732242584
1,1,0.0,0.0,1.0,0.8181817531585693,0.6363635659217834,0.6363635659217834
1,1,0.0,0.0,1.0,0.6363635659217834,0.5454545021057129,0.5454545021057129
1,1,0.49999987500003124,0.9999995231628418,0.5000001249999375,0.7727271914482117,0.8181817531585693,0.4999999701976776
1,1,0.49999987500003124,0.9999995231628418,0.5000001249999375,0.6818181276321411,0.6363635659217834,0.5909090638160706
1,1,0.49999987500003124,0.9999995231628418,0.5000001249999375,0.6818181276321411,0.4999999701976776,0.45454540848731995
1,1,0.49999987500003124,0.0,0.2500001249999375,0.7857142090797424,0.4285714030265808,0.6428570747375488
1,1,0.0,0.9999995231628418,1.0,0.7857142090797424,0.6428570747375488,0.5714285373687744
1,1,0.49999987500003124,0.6666664481163025,0.2500001249999375,0.928571343421936,0.4999999701976776,0.714285671710968
1,1,0.0,0.9999995231628418,1.0,0.9999999403953552,0.4999999701976776,0.714285671710968
1,1,0.0,0.9999995231628418,1.0,0.6428570747375488,0.6428570747375488,0.4285714030265808
1,1,0.0,0.9999997615814209,1.0,0.7142856121063232,0.4285713732242584,0.2857142388820648
1,1,0.0,0.9999997615814209,1.0,0.8571427464485168,0.4285713732242584,0.7142856121063232
1,1,0.49999987500003124,0.49999988079071045,0.5000001249999375,0.8571427464485168,0.5714284777641296,0.5714284777641296
1,1,0.0,0.9999997615814209,1.0,0.8571427464485168,0.7142856121063232,0.7142856121063232
1,1,0.0,0.9999997615814209,1.0,0.8571427464485168,0.7142856121063232,0.2857142388820648
1,1,0.0,0.9999997019767761,1.0,0.7999998331069946,0.7999998331069946,0.3999999165534973
1,1,0.7499998125000469,0.0,0.3333333888888703,0.7999998331069946,0.5999999046325684,0.3999999165534973
1,1,0.0,0.9999997019767761,1.0,0.9999998211860657,0.5999999046325684,0.3999999165534973
1,1,0.0,0.9999997019767761,1.0,0.5999999046325684,0.19999995827674866,0.5999999046325684
1,1,0.7499998125000469,0.0,0.5000000456214295,0.5999999046325684,0.5999999046325684,0.5999999046325684
1,1,0.0,0.9999995231628418,1.0,0.666666567325592,0.2222221940755844,0.4444443881511688
1,1,0.0,0.9999995231628418,1.0,0.7777776718139648,0.333333283662796,0.4444443881511688
1,1,0.49999987500003124,0.9999997615814209,0.5000001249999375,0.9999998807907104,0.666666567325592,0.666666567325592
1,1,0.0,0.9999995231628418,1.0,0.555555522441864,0.555555522441864,0.4444443881511688
1,1,0.0,0.9999995231628418,1.0,0.8888887763023376,0.666666567325592,0.333333283662796
1,1,0.7499998125000469,0.33333322405815125,0.5000000456214295,0.7333332896232605,0.46666663885116577,0.2666666507720947
1,1,0.49999987500003124,0.6666664481163025,0.2500001249999375,0.9333332777023315,0.5999999642372131,0.6666666269302368
1,1,0.49999987500003124,0.0,0.2500001249999375,0.5999999642372131,0.3333333134651184,0.5999999642372131
1,1,0.0,0.9999995231628418,1.0,0.5333333015441895,0.7333332896232605,0.3333333134651184
1,1,0.0,0.9999995231628418,1.0,0.7333332896232605,0.5999999642372131,0.3999999761581421
1,1,0.49999987500003124,0.49999988079071045,0.2500001249999375,0.7499999403953552,0.4999999403953552,0.4999999403953552
1,1,0.49999987500003124,0.49999988079071045,0.2500001249999375,0.8749998807907104,0.7499999403953552,0.4999999403953552
1,1,0.0,0.9999997615814209,1.0,0.6249999403953552,0.8749998807907104,0.2499999701976776
1,1,0.0,0.9999997615814209,1.0,0.6249999403953552,0.4999999403953552,0.3749999701976776
1,1,0.0,0.9999997615814209,1.0,0.7499999403953552,0.2499999701976776,0.7499999403953552
1,1,0.49999987500003124,0.49999988079071045,0.2500001249999375,0.8888887763023376,0.555555522441864,0.4444443881511688
1,1,0.49999987500003124,0.49999988079071045,0.2500001249999375,0.9999998807907104,0.555555522441864,0.4444443881511688
1,1,0.0,0.9999997615814209,1.0,0.7777776718139648,0.555555522441864,0.555555522441864
1,1,0.0,0.9999997615814209,1.0,0.555555522441864,0.555555522441864,0.2222221940755844
1,1,0.0,0.9999997615814209,1.0,0.7777776718139648,0.666666567325592,0.7777776718139648
1,1,0.0,0.9999997615814209,1.0,0.666666567325592,0.333333283662796,0.4444443881511688
1,1,0.0,0.9999997615814209,1.0,0.8888887763023376,0.4444443881511688,0.555555522441864
1,1,0.49999987500003124,0.49999988079071045,0.5000001249999375,0.8888887763023376,0.8888887763023376,0.555555522441864
1,1,0.0,0.9999997615814209,1.0,0.7777776718139648,0.666666567325592,0.555555522441864
1,1,0.0,0.9999997615814209,1.0,0.666666567325592,0.666666567325592,0.333333283662796
1,1,0.0,0.9999997019767761,1.0,0.5833333134651184,0.6666666269302368,0.4999999701976776
1,1,0.49999987500003124,0.7499998211860657,0.5000001249999375,0.8333332538604736,0.6666666269302368,0.4999999701976776
1,1,0.0,0.9999997019767761,1.0,0.7499999403953552,0.5833333134651184,0.4166666269302368
1,1,0.49999987500003124,0.7499998211860657,0.2500001249999375,0.916666567325592,0.5833333134651184,0.7499999403953552
1,1,0.0,0.9999997019767761,1.0,0.7499999403953552,0.4999999701976776,0.4999999701976776
1,1,0.49999987500003124,0.0,0.2500001249999375,0.7499999403953552,0.3749999701976776,0.2499999701976776
1,1,0.0,0.9999995231628418,1.0,0.7499999403953552,0.3749999701976776,0.3749999701976776
1,1,0.0,0.9999995231628418,1.0,0.8749998807907104,0.6249999403953552,0.6249999403953552
1,1,0.49999987500003124,0.6666664481163025,0.5000001249999375,0.6249999403953552,0.7499999403953552,0.6249999403953552
1,1,0.0,0.9999995231628418,1.0,0.8749998807907104,0.2499999701976776,0.3749999701976776
1,1,0.0,0.9999997615814209,1.0,0.8571427464485168,0.5714284777641296,0.5714284777641296
1,1,0.0,0.9999997615814209,1.0,0.7142856121063232,0.7142856121063232,0.7142856121063232
1,1,0.49999987500003124,0.49999988079071045,0.5000001249999375,0.7142856121063232,0.8571427464485168,0.2857142388820648
1,1,0.49999987500003124,0.49999988079071045,0.5000001249999375,0.8571427464485168,0.7142856121063232,0.7142856121063232
1,1,0.49999987500003124,0.49999988079071045,0.5000001249999375,0.7142856121063232,0.5714284777641296,0.5714284777641296
1,1,0.0,0.9999997615814209,1.0,0.666666567325592,0.49999991059303284,0.333333283662796
1,1,0.49999987500003124,0.49999988079071045,0.2500001249999375,0.8333331942558289,0.333333283662796,0.49999991059303284
1,1,0.7499998125000469,0.24999994039535522,0.3333333888888703,0.49999991059303284,0.49999991059303284,0.166666641831398
1,1,0.0,0.9999997615814209,1.0,0.9999998211860657,0.166666641831398,0.49999991059303284
1,1,0.49999987500003124,0.49999988079071045,0.2500001249999375,0.8333331942558289,0.666666567325592,0.49999991059303284
1,1,0.0,0.9999997615814209,1.0,0.9999998211860657,0.333333283662796,0.166666641831398
1,1,0.0,0.9999997615814209,1.0,0.8333331942558289,0.49999991059303284,0.49999991059303284
1,1,0.49999987500003124,0.49999988079071045,0.5000001249999375,0.9999998211860657,0.666666567325592,0.8333331942558289
1,1,0.0,0.9999997615814209,1.0,0.9999998211860657,0.8333331942558289,0.9999998211860657
1,1,0.0,0.9999997615814209,1.0,0.49999991059303284,0.666666567325592,0.166666641831398
1,1,0.49999987500003124,0.9999995231628418,0.2500001249999375,0.7499999403953552,0.4999999403953552,0.2499999701976776
1,1,0.0,0.0,1.0,0.9999998807907104,0.3749999701976776,0.7499999403953552
1,1,0.0,0.0,1.0,0.8749998807907104,0.7499999403953552,0.6249999403953552
1,1,0.49999987500003124,0.9999995231628418,0.5000001249999375,0.6249999403953552,0.7499999403953552,0.6249999403953552
1,1,0.0,0.0,1.0,0.7499999403953552,0.3749999701976776,0.6249999403953552
1,1,0.0,0.9999995231628418,1.0,0.9999998211860657,0.49999991059303284,0.333333283662796
1,1,0.0,0.9999995231628418,1.0,0.9999998211860657,0.666666567325592,0.49999991059303284
1,1,0.49999987500003124,0.6666664481163025,0.5000001249999375,0.8333331942558289,0.666666567325592,0.666666567325592
1,1,0.0,0.9999995231628418,1.0,0.8333331942558289,0.666666567325592,0.8333331942558289
1,1,0.0,0.9999995231628418,1.0,0.8333331942558289,0.8333331942558289,0.166666641831398
1,1,0.49999987500003124,0.33333322405815125,0.5000001249999375,0.8333331942558289,0.333333283662796,0.9999998211860657
1,1,0.49999987500003124,0.7499998211860657,0.5000001249999375,0.666666567325592,0.666666567325592,0.333333283662796
1,1,0.0,0.9999997019767761,1.0,0.8333331942558289,0.9999998211860657,0.8333331942558289
1,1,0.49999987500003124,0.7499998211860657,0.5000001249999375,0.9999998211860657,0.666666567325592,0.333333283662796
1,1,0.49999987500003124,0.7499998211860657,0.2500001249999375,0.8333331942558289,0.8333331942558289,0.49999991059303284
1,1,0.0,0.9999995231628418,1.0,0.666666567325592,0.7777776718139648,0.666666567325592
1,1,0.49999987500003124,0.6666664481163025,0.2500001249999375,0.8888887763023376,0.8888887763023376,0.666666567325592
1,1,0.0,0.9999995231628418,1.0,0.666666567325592,0.666666567325592,0.4444443881511688
1,1,0.0,0.9999995231628418,1.0,0.8888887763023376,0.666666567325592,0.7777776718139648
1,1,0.49999987500003124,0.9999997615814209,0.2500001249999375,0.4444443881511688,0.666666567325592,0.333333283662796
1,1,0.0,0.0,1.0,0.8333331942558289,0.8333331942558289,0.49999991059303284
1,1,0.49999987500003124,0.9999995231628418,0.2500001249999375,0.49999991059303284,0.333333283662796,0.49999991059303284
1,1,0.7499998125000469,0.9999997019767761,0.3333333888888703,0.49999991059303284,0.166666641831398,0.8333331942558289
1,1,0.0,0.0,1.0,0.9999998211860657,0.49999991059303284,0.666666567325592
1,1,0.49999987500003124,0.9999995231628418,0.2500001249999375,0.9999998211860657,0.8333331942558289,0.8333331942558289
1,1,0.0,0.9999997019767761,1.0,0.666666567325592,0.666666567325592,0.333333283662796
1,1,0.49999987500003124,0.7499998211860657,0.2500001249999375,0.8333331942558289,0.8333331942558289,0.49999991059303284
1,1,0.0,0.9999997019767761,1.0,0.9999998211860657,0.666666567325592,0.49999991059303284
1,1,0.0,0.9999997019767761,1.0,0.8333331942558289,0.666666567325592,0.666666567325592
1,1,0.49999987500003124,0.7499998211860657,0.2500001249999375,0.333333283662796,0.666666567325592,0.166666641831398
1,1,0.0,0.9999995231628418,1.0,0.19999995827674866,0.7999998331069946,0.0
1,1,0.49999987500003124,0.6666664481163025,0.5000001249999375,0.5999999046325684,0.5999999046325684,0.3999999165534973
1,1,0.0,0.9999995231628418,1.0,0.7999998331069946,0.3999999165534973,0.3999999165534973
1,1,0.0,0.9999995231628418,1.0,0.7999998331069946,0.5999999046325684,0.7999998331069946
1,1,0.49999987500003124,0.6666664481163025,0.2500001249999375,0.9999998211860657,0.5999999046325684,0.7999998331069946
1,1,0.0,0.9999997019767761,1.0,0.7142856121063232,0.4285713732242584,0.5714284777641296
1,1,0.0,0.9999997019767761,1.0,0.7142856121063232,0.8571427464485168,0.7142856121063232
1,1,0.49999987500003124,0.7499998211860657,0.2500001249999375,0.9999998807907104,0.5714284777641296,0.9999998807907104
1,1,0.0,0.9999997019767761,1.0,0.8571427464485168,0.5714284777641296,0.4285713732242584
1,1,0.49999987500003124,0.7499998211860657,0.5000001249999375,0.5714284777641296,0.7142856121063232,0.5714284777641296
1,1,0.0,0.9999995231628418,1.0,0.666666567325592,0.49999991059303284,0.166666641831398
1,1,0.0,0.9999995231628418,1.0,0.666666567325592,0.166666641831398,0.49999991059303284
1,1,0.49999987500003124,0.6666664481163025,0.5000001249999375,0.8333331942558289,0.666666567325592,0.666666567325592
1,1,0.0,0.9999995231628418,1.0,0.8333331942558289,0.666666567325592,0.49999991059303284
1,1,0.0,0.9999995231628418,1.0,0.8333331942558289,0.333333283662796,0.49999991059303284
1,1,0.49999987500003124,0.6666664481163025,0.2500001249999375,0.7142856121063232,0.4285713732242584,0.5714284777641296
1,1,0.0,0.9999995231628418,1.0,0.5714284777641296,0.5714284777641296,0.5714284777641296
1,1,0.0,0.9999995231628418,1.0,0.8571427464485168,0.4285713732242584,0.5714284777641296
1,1,0.49999987500003124,0.6666664481163025,0.5000001249999375,0.9999998807907104,0.7142856121063232,0.9999998807907104
1,1,0.0,0.9999995231628418,1.0,0.8571427464485168,0.2857142388820648,0.4285713732242584
1,1,0.49999987500003124,0.7499998211860657,0.5000001249999375,0.9999998211860657,0.666666567325592,0.666666567325592
1,1,0.49999987500003124,0.7499998211860657,0.5000001249999375,0.8333331942558289,0.8333331942558289,0.666666567325592
1,1,0.0,0.9999997019767761,1.0,0.9999998211860657,0.333333283662796,0.166666641831398
1,1,0.49999987500003124,0.33333322405815125,0.5000001249999375,0.9999998211860657,0.666666567325592,0.333333283662796
1,1,0.49999987500003124,0.33333322405815125,0.2500001249999375,0.8333331942558289,0.49999991059303284,0.333333283662796
1,1,0.49999987500003124,0.7499998211860657,0.5000001249999375,0.666666567325592,0.8333331942558289,0.666666567325592
1,1,0.49999987500003124,0.7499998211860657,0.5000001249999375,0.9999998211860657,0.9999998211860657,0.49999991059303284
1,1,0.0,0.9999997019767761,1.0,0.8333331942558289,0.666666567325592,0.49999991059303284
1,1,0.49999987500003124,0.33333322405815125,0.5000001249999375,0.8333331942558289,0.8333331942558289,0.166666641831398
1,1,0.49999987500003124,0.33333322405815125,0.2500001249999375,0.8333331942558289,0.333333283662796,0.333333283662796
1,1,0.0,0.9999997615814209,1.0,0.49999991059303284,0.333333283662796,0.333333283662796
1,1,0.0,0.9999997615814209,1.0,0.8333331942558289,0.49999991059303284,0.333333283662796
1,1,0.49999987500003124,0.49999988079071045,0.2500001249999375,0.8333331942558289,0.8333331942558289,0.8333331942558289
1,1,0.0,0.9999997615814209,1.0,0.9999998211860657,0.49999991059303284,0.333333283662796
1,1,0.49999987500003124,0.49999988079071045,0.5000001249999375,0.666666567325592,0.666666567325592,0.333333283662796
1,1,0.0,0.9999997019767761,1.0,0.7499999403953552,0.6249999403953552,0.6249999403953552
1,1,0.7499998125000469,0.49999988079071045,0.3333333888888703,0.7499999403953552,0.7499999403953552,0.4999999403953552
1,1,0.0,0.9999997019767761,1.0,0.8749998807907104,0.6249999403953552,0.4999999403953552
1,1,0.0,0.9999997019767761,1.0,0.6249999403953552,0.2499999701976776,0.3749999701976776
1,1,0.7499998125000469,0.49999988079071045,0.5000000456214295,0.7499999403953552,0.8749998807907104,0.6249999403953552
1,1,0.0,0.9999997019767761,1.0,0.333333283662796,0.333333283662796,0.333333283662796
1,1,0.0,0.9999997019767761,1.0,0.8333331942558289,0.8333331942558289,0.49999991059303284
1,1,0.49999987500003124,0.33333322405815125,0.2500001249999375,0.9999998211860657,0.9999998211860657,0.49999991059303284
1,1,0.0,0.9999997019767761,1.0,0.9999998211860657,0.666666567325592,0.333333283662796
1,1,0.49999987500003124,0.7499998211860657,0.5000001249999375,0.8333331942558289,0.49999991059303284,0.49999991059303284
1,1,0.0,0.9999995231628418,1.0,0.5999999046325684,0.3999999165534973,0.3999999165534973
1,1,0.49999987500003124,0.6666664481163025,0.5000001249999375,0.5999999046325684,0.19999995827674866,0.3999999165534973
1,1,0.0,0.9999995231628418,1.0,0.5999999046325684,0.3999999165534973,0.3999999165534973
1,1,0.0,0.9999995231628418,1.0,0.7999998331069946,0.7999998331069946,0.5999999046325684
1,1,0.49999987500003124,0.6666664481163025,0.2500001249999375,0.7999998331069946,0.5999999046325684,0.7999998331069946
1,1,0.49999987500003124,0.6666664481163025,0.2500001249999375,0.7333332896232605,0.5333333015441895,0.5333333015441895
1,1,0.0,0.9999995231628418,1.0,0.7333332896232605,0.5999999642372131,0.5333333015441895
1,1,0.49999987500003124,0.6666664481163025,0.2500001249999375,0.7333332896232605,0.3333333134651184,0.5333333015441895
1,1,0.0,0.9999995231628418,1.0,0.8666666150093079,0.46666663885116577,0.46666663885116577
1,1,0.0,0.9999995231628418,1.0,0.5999999642372131,0.5333333015441895,0.5333333015441895
1,1,0.49999987500003124,0.6666664481163025,0.2500001249999375,0.5999999642372131,0.4999999403953552,0.4999999403953552
1,1,0.0,0.9999995231628418,1.0,0.7999999523162842,0.8999999165534973,0.4999999403953552
1,1,0.49999987500003124,0.9999997615814209,0.2500001249999375,0.6999999284744263,0.4999999403953552,0.4999999403953552
1,1,0.0,0.9999995231628418,1.0,0.7999999523162842,0.5999999642372131,0.4999999403953552
1,1,0.0,0.9999995231628418,1.0,0.7999999523162842,0.5999999642372131,0.4999999403953552
1,1,0.0,0.9999995231628418,1.0,0.8888887763023376,0.333333283662796,0.555555522441864
1,1,0.49999987500003124,0.9999997615814209,0.2500001249999375,0.9999998807907104,0.666666567325592,0.8888887763023376
1,1,0.49999987500003124,0.6666664481163025,0.5000001249999375,0.7777776718139648,0.4444443881511688,0.333333283662796
1,1,0.9999997500000625,0.49999988079071045,0.2500000624999844,0.7777776718139648,0.7777776718139648,0.4444443881511688
1,1,0.0,0.9999995231628418,1.0,0.9999998807907104,0.555555522441864,0.7777776718139648
2,1,0.49999987500003124,0.6666664481163025,0.5000001249999375,0.8749998807907104,0.4999999403953552,0.5624999403953552
2,1,0.0,0.9999995231628418,1.0,0.8124998807907104,0.6874999403953552,0.4374999403953552
2,1,0.49999987500003124,0.6666664481163025,0.5000001249999375,0.6874999403953552,0.7499999403953552,0.3124999701976776
1,2,0.49999987500003124,0.9999997615814209,0.2500001249999375,0.5882351994514465,0.5882351994514465,0.7058822512626648
2,1,0.7499998125000469,0.33333322405815125,0.6666667172551499,0.4999999403953552,0.9999998807907104,0.8124998807907104
1,1,0.49999987500003124,0.7499998211860657,0.2500001249999375,0.6999999284744263,0.5999999642372131,0.5499999523162842
1,1,0.0,0.9999997019767761,1.0,0.7499999403953552,0.6499999165534973,0.44999995827674866
1,1,0.0,0.9999997019767761,1.0,0.7499999403953552,0.7499999403953552,0.5999999642372131
1,1,0.49999987500003124,0.7499998211860657,0.2500001249999375,0.6499999165534973,0.7499999403953552,0.34999996423721313
1,1,0.49999987500003124,0.33333322405815125,0.5000001249999375,0.7999999523162842,0.5999999642372131,0.5999999642372131
1,1,0.49999987500003124,0.9999995231628418,0.2500001249999375,0.7999999523162842,0.4999999403953552,0.5999999642372131
1,1,0.0,0.0,1.0,0.5999999642372131,0.5999999642372131,0.4999999403953552
1,1,0.49999987500003124,0.9999995231628418,0.2500001249999375,0.8999999165534973,0.5999999642372131,0.7999999523162842
1,1,0.0,0.0,1.0,0.7999999523162842,0.5999999642372131,0.4999999403953552
1,1,0.0,0.0,1.0,0.3999999761581421,0.6999999284744263,0.29999998211860657
1,1,0.0,0.9999997019767761,1.0,0.7499999403953552,0.8749998807907104,0.7499999403953552
1,1,0.0,0.9999997019767761,1.0,0.6249999403953552,0.7499999403953552,0.6249999403953552
1,1,0.49999987500003124,0.7499998211860657,0.5000001249999375,0.8749998807907104,0.7499999403953552,0.6249999403953552
1,1,0.49999987500003124,0.7499998211860657,0.5000001249999375,0.7499999403953552,0.6249999403953552,0.6249999403953552
1,1,0.49999987500003124,0.7499998211860657,0.5000001249999375,0.7499999403953552,0.6249999403953552,0.3749999701976776
1,1,0.0,0.0,1.0,0.8124998807907104,0.5624999403953552,0.4374999403953552
1,1,0.49999987500003124,0.9999995231628418,0.2500001249999375,0.7499999403953552,0.4374999403953552,0.6249999403953552
1,1,0.0,0.0,1.0,0.7499999403953552,0.5624999403953552,0.6249999403953552
1,1,0.0,0.0,1.0,0.6249999403953552,0.6874999403953552,0.4374999403953552
1,1,0.0,0.0,1.0,0.4999999403953552,0.8124998807907104,0.4374999403953552
1,1,0.0,0.9999997615814209,1.0,0.8421051502227783,0.42105257511138916,0.6315788626670837
1,1,0.49999987500003124,0.49999988079071045,0.2500001249999375,0.8947367668151855,0.684210479259491,0.684210479259491
1,1,0.49999987500003124,0.49999988079071045,0.5000001249999375,0.8421051502227783,0.42105257511138916,0.473684161901474
1,1,0.9999997500000625,0.0,0.2500000624999844,0.7368420362472534,0.7368420362472534,0.42105257511138916
1,1,0.0,0.9999997615814209,1.0,0.7368420362472534,0.5789473056793213,0.6315788626670837
1,1,0.0,0.9999997615814209,1.0,0.7727271914482117,0.6363635659217834,0.3636363446712494
1,1,0.49999987500003124,0.49999988079071045,0.2500001249999375,0.6363635659217834,0.4999999701976776,0.5454545021057129
1,1,0.0,0.9999997615814209,1.0,0.7727271914482117,0.5909090638160706,0.45454540848731995
1,1,0.0,0.9999997615814209,1.0,0.8181817531585693,0.7272726893424988,0.5909090638160706
1,1,0.0,0.9999997615814209,1.0,0.5909090638160706,0.7272726893424988,0.4999999701976776
1,1,0.49999987500003124,0.0,0.2500001249999375,0.9999998807907104,0.6999999284744263,0.4999999403953552
1,1,0.7499998125000469,0.7499998211860657,0.5000000456214295,0.6999999284744263,0.5999999642372131,0.3999999761581421
1,1,0.49999987500003124,0.6666664481163025,0.2500001249999375,0.6999999284744263,0.7999999523162842,0.4999999403953552
1,1,0.0,0.9999995231628418,1.0,0.8999999165534973,0.5999999642372131,0.3999999761581421
1,1,0.49999987500003124,0.9999997615814209,0.2500001249999375,0.5999999642372131,0.3999999761581421,0.4999999403953552
1,1,0.49999987500003124,0.49999988079071045,0.2500001249999375,0.8421051502227783,0.5263157486915588,0.5789473056793213
1,1,0.0,0.9999997615814209,1.0,0.8421051502227783,0.7368420362472534,0.42105257511138916
1,1,0.0,0.9999997615814209,1.0,0.5789473056793213,0.684210479259491,0.3684210181236267
1,1,0.49999987500003124,0.49999988079071045,0.2500001249999375,0.7368420362472534,0.5789473056793213,0.473684161901474
1,1,0.49999987500003124,0.49999988079071045,0.5000001249999375,0.8421051502227783,0.7894735932350159,0.684210479259491
2,1,0.49999987500003124,0.9999997615814209,0.5000001249999375,0.8749998807907104,0.5624999403953552,0.6249999403953552
2,1,0.0,0.9999995231628418,1.0,0.8124998807907104,0.7499999403953552,0.4999999403953552
2,1,0.49999987500003124,0.9999997615814209,0.5000001249999375,0.5624999403953552,0.6874999403953552,0.3124999701976776
1,2,0.49999987500003124,0.6666664481163025,0.2500001249999375,0.7499999403953552,0.6874999403953552,0.8124998807907104
2,1,0.7499998125000469,0.7499998211860657,0.6666667172551499,0.7499999403953552,0.9999998807907104,0.4999999403953552
1,1,0.49999987500003124,0.7499998211860657,0.2500001249999375,0.6249999403953552,0.6249999403953552,0.3749999701976776
1,1,0.0,0.9999997019767761,1.0,0.6249999403953552,0.3749999701976776,0.4999999403953552
1,1,0.49999987500003124,0.7499998211860657,0.2500001249999375,0.3749999701976776,0.3749999701976776,0.2499999701976776
1,1,0.0,0.9999997019767761,1.0,0.7499999403953552,0.7499999403953552,0.6249999403953552
1,1,0.0,0.9999997019767761,1.0,0.4999999403953552,0.3749999701976776,0.3749999701976776
1,1,0.0,0.9999997019767761,1.0,0.8823528289794922,0.6470587253570557,0.5882351994514465
1,1,0.49999987500003124,0.33333322405815125,0.2500001249999375,0.9999998807907104,0.7058822512626648,0.5882351994514465
1,1,0.49999987500003124,0.33333322405815125,0.5000001249999375,0.9411763548851013,0.5882351994514465,0.3529411256313324
1,1,0.9999997500000625,0.24999994039535522,0.2500000624999844,0.7058822512626648,0.7647057771682739,0.3529411256313324
1,1,0.0,0.9999997019767761,1.0,0.8235293030738831,0.7647057771682739,0.6470587253570557
1,1,0.49999987500003124,0.6666664481163025,0.5000001249999375,0.7857142090797424,0.5714285373687744,0.5714285373687744
1,1,0.0,0.9999995231628418,1.0,0.8571428060531616,0.714285671710968,0.4999999701976776
1,1,0.0,0.9999995231628418,1.0,0.714285671710968,0.6428570747375488,0.6428570747375488
1,1,0.0,0.9999995231628418,1.0,0.7857142090797424,0.4285714030265808,0.5714285373687744
1,1,0.49999987500003124,0.9999997615814209,0.5000001249999375,0.7857142090797424,0.6428570747375488,0.6428570747375488
1,1,0.49999987500003124,0.9999995231628418,0.2500001249999375,0.9999998807907104,0.4999999403953552,0.3749999701976776
1,1,0.0,0.0,1.0,0.6249999403953552,0.7499999403953552,0.6249999403953552
1,1,0.0,0.0,1.0,0.8749998807907104,0.4999999403953552,0.3749999701976776
1,1,0.49999987500003124,0.9999995231628418,0.5000001249999375,0.9999998807907104,0.7499999403953552,0.6249999403953552
1,1,0.0,0.0,1.0,0.8749998807907104,0.7499999403953552,0.6249999403953552
1,1,0.0,0.9999997019767761,1.0,0.5999999642372131,0.4999999403953552,0.29999998211860657
1,1,0.0,0.9999997019767761,1.0,0.6999999284744263,0.4999999403953552,0.4999999403953552
1,1,0.0,0.9999997019767761,1.0,0.7999999523162842,0.8999999165534973,0.3999999761581421
1,1,0.0,0.9999997019767761,1.0,0.7999999523162842,0.6999999284744263,0.4999999403953552
1,1,0.49999987500003124,0.33333322405815125,0.2500001249999375,0.7999999523162842,0.6999999284744263,0.6999999284744263
1,1,0.0,0.9999995231628418,1.0,0.8571427464485168,0.1428571194410324,0.5714284777641296
1,1,0.0,0.9999995231628418,1.0,0.9999998807907104,0.4285713732242584,0.7142856121063232
1,1,0.49999987500003124,0.9999997615814209,0.5000001249999375,0.8571427464485168,0.5714284777641296,0.7142856121063232
1,1,0.0,0.9999995231628418,1.0,0.5714284777641296,0.5714284777641296,0.4285713732242584
1,1,0.0,0.9999995231628418,1.0,0.5714284777641296,0.8571427464485168,0.1428571194410324
1,1,0.49999987500003124,0.33333322405815125,0.2500001249999375,0.8888887763023376,0.666666567325592,0.7777776718139648
1,1,0.0,0.9999997019767761,1.0,0.9999998807907104,0.4444443881511688,0.555555522441864
1,1,0.0,0.9999997019767761,1.0,0.666666567325592,0.555555522441864,0.555555522441864
1,1,0.49999987500003124,0.33333322405815125,0.2500001249999375,0.7777776718139648,0.666666567325592,0.555555522441864
1,1,0.49999987500003124,0.33333322405815125,0.5000001249999375,0.7777776718139648,0.555555522441864,0.4444443881511688
1,1,0.0,0.9999997019767761,1.0,0.7777776718139648,0.666666567325592,0.8888887763023376
1,1,0.0,0.9999997019767761,1.0,0.7777776718139648,0.666666567325592,0.666666567325592
1,1,0.49999987500003124,0.7499998211860657,0.5000001249999375,0.8888887763023376,0.7777776718139648,0.555555522441864
1,1,0.49999987500003124,0.7499998211860657,0.5000001249999375,0.7777776718139648,0.4444443881511688,0.666666567325592
1,1,0.49999987500003124,0.7499998211860657,0.5000001249999375,0.666666567325592,0.4444443881511688,0.333333283662796
1,1,0.0,0.9999997615814209,1.0,0.4285713732242584,0.4285713732242584,0.4285713732242584
1,1,0.0,0.9999997615814209,1.0,0.8571427464485168,0.8571427464485168,0.5714284777641296
1,1,0.49999987500003124,0.49999988079071045,0.2500001249999375,0.8571427464485168,0.5714284777641296,0.7142856121063232
1,1,0.0,0.9999997615814209,1.0,0.9999998807907104,0.5714284777641296,0.7142856121063232
1,1,0.49999987500003124,0.49999988079071045,0.5000001249999375,0.7142856121063232,0.5714284777641296,0.4285713732242584
1,1,0.49999987500003124,0.6666664481163025,0.2500001249999375,0.8333331942558289,0.49999991059303284,0.333333283662796
1,1,0.0,0.9999995231628418,1.0,0.8333331942558289,0.49999991059303284,0.49999991059303284
1,1,0.0,0.9999995231628418,1.0,0.8333331942558289,0.333333283662796,0.8333331942558289
1,1,0.49999987500003124,0.9999997615814209,0.5000001249999375,0.666666567325592,0.333333283662796,0.8333331942558289
1,1,0.0,0.9999995231628418,1.0,0.8333331942558289,0.49999991059303284,0.49999991059303284
1,1,0.0,0.9999997615814209,1.0,0.7142856121063232,0.4285713732242584,0.4285713732242584
1,1,0.0,0.9999997615814209,1.0,0.7142856121063232,0.7142856121063232,0.5714284777641296
1,1,0.0,0.9999997615814209,1.0,0.8571427464485168,0.5714284777641296,0.7142856121063232
1,1,0.0,0.9999997615814209,1.0,0.8571427464485168,0.7142856121063232,0.5714284777641296
1,1,0.7499998125000469,0.24999994039535522,0.3333333888888703,0.7142856121063232,0.5714284777641296,0.7142856121063232
1,1,0.49999987500003124,0.9999995231628418,0.2500001249999375,0.7777776718139648,0.555555522441864,0.7777776718139648
1,1,0.0,0.0,1.0,0.8888887763023376,0.666666567325592,0.555555522441864
1,1,0.49999987500003124,0.9999995231628418,0.2500001249999375,0.666666567325592,0.4444443881511688,0.2222221940755844
1,1,0.0,0.0,1.0,0.8888887763023376,0.7777776718139648,0.555555522441864
1,1,0.0,0.0,1.0,0.666666567325592,0.555555522441864,0.4444443881511688
1,1,0.49999987500003124,0.9999995231628418,0.5000001249999375,0.9999998807907104,0.3749999701976776,0.3749999701976776
1,1,0.0,0.0,1.0,0.7499999403953552,0.6249999403953552,0.6249999403953552
1,1,0.0,0.0,1.0,0.9999998807907104,0.6249999403953552,0.4999999403953552
1,1,0.0,0.0,1.0,0.8749998807907104,0.7499999403953552,0.7499999403953552
1,1,0.49999987500003124,0.9999995231628418,0.5000001249999375,0.6249999403953552,0.3749999701976776,0.6249999403953552
1,1,0.0,0.9999997615814209,1.0,0.8333332538604736,0.4166666269302368,0.4999999701976776
1,1,0.49999987500003124,0.49999988079071045,0.2500001249999375,0.916666567325592,0.6666666269302368,0.5833333134651184
1,1,0.49999987500003124,0.49999988079071045,0.5000001249999375,0.7499999403953552,0.5833333134651184,0.3333333134651184
1,1,0.9999997500000625,0.0,0.2500000624999844,0.916666567325592,0.4999999701976776,0.5833333134651184
1,1,0.0,0.9999997615814209,1.0,0.8333332538604736,0.4999999701976776,0.5833333134651184
1,1,0.0,0.9999995231628418,1.0,0.7499999403953552,0.3749999701976776,0.6249999403953552
1,1,0.49999987500003124,0.9999997615814209,0.5000001249999375,0.6249999403953552,0.6249999403953552,0.3749999701976776
1,1,0.0,0.9999995231628418,1.0,0.8749998807907104,0.2499999701976776,0.4999999403953552
1,1,0.49999987500003124,0.6666664481163025,0.2500001249999375,0.8749998807907104,0.6249999403953552,0.7499999403953552
1,1,0.0,0.9999995231628418,1.0,0.6249999403953552,0.8749998807907104,0.3749999701976776
1,1,0.49999987500003124,0.9999995231628418,0.2500001249999375,0.8888887763023376,0.4444443881511688,0.7777776718139648
1,1,0.0,0.0,1.0,0.8888887763023376,0.4444443881511688,0.4444443881511688
1,1,0.49999987500003124,0.9999995231628418,0.2500001249999375,0.8888887763023376,0.4444443881511688,0.7777776718139648
1,1,0.0,0.0,1.0,0.7777776718139648,0.555555522441864,0.4444443881511688
1,1,0.0,0.0,1.0,0.7777776718139648,0.4444443881511688,0.4444443881511688
1,1,0.49999987500003124,0.9999995231628418,0.2500001249999375,0.7272726893424988,0.5454545021057129,0.5454545021057129
1,1,0.0,0.0,1.0,0.8181817531585693,0.5454545021057129,0.3636363446712494
1,1,0.0,0.0,1.0,0.45454540848731995,0.8181817531585693,0.45454540848731995
1,1,0.49999987500003124,0.9999995231628418,0.2500001249999375,0.7272726893424988,0.45454540848731995,0.45454540848731995
1,1,0.49999987500003124,0.9999995231628418,0.5000001249999375,0.9090908169746399,0.6363635659217834,0.6363635659217834
1,1,0.49999987500003124,0.9999995231628418,0.2500001249999375,0.555555522441864,0.666666567325592,0.333333283662796
1,1,0.49999987500003124,0.9999995231628418,0.2500001249999375,0.8888887763023376,0.7777776718139648,0.555555522441864
1,1,0.0,0.0,1.0,0.611111044883728,0.4444443881511688,0.3888888359069824
1,1,0.0,0.0,1.0,0.7777776718139648,0.611111044883728,0.4444443881511688
1,1,0.0,0.0,1.0,0.7222221493721008,0.611111044883728,0.611111044883728
1,1,0.7499998125000469,0.9999997019767761,0.5000000456214295,0.666666567325592,0.555555522441864,0.2222221940755844
1,1,0.49999987500003124,0.9999995231628418,0.2500001249999375,0.7777776718139648,0.4444443881511688,0.4999999403953552
1,1,0.49999987500003124,0.9999995231628418,0.2500001249999375,0.7777776718139648,0.3888888359069824,0.611111044883728
1,1,0.0,0.0,1.0,0.611111044883728,0.8333332538604736,0.611111044883728
1,1,0.0,0.0,1.0,0.7777776718139648,0.555555522441864,0.333333283662796
1,1,0.49999987500003124,0.9999995231628418,0.2500001249999375,0.7499999403953552,0.4374999403953552,0.5624999403953552
1,1,0.0,0.0,1.0,0.6874999403953552,0.6249999403953552,0.5624999403953552
1,1,0.49999987500003124,0.9999995231628418,0.2500001249999375,0.8749998807907104,0.6249999403953552,0.6249999403953552
1,1,0.0,0.0,1.0,0.8749998807907104,0.4999999403953552,0.6249999403953552
1,1,0.0,0.0,1.0,0.4999999403953552,0.6874999403953552,0.3124999701976776
1,1,0.49999987500003124,0.9999997615814209,0.2500001249999375,0.7058822512626648,0.6470587253570557,0.41176465153694153
1,1,0.49999987500003124,0.0,0.2500001249999375,0.9411763548851013,0.8235293030738831,0.5882351994514465
1,1,0.0,0.9999995231628418,1.0,0.7647057771682739,0.29411759972572327,0.5294117331504822
1,1,0.0,0.9999995231628418,1.0,0.7058822512626648,0.6470587253570557,0.41176465153694153
1,1,0.0,0.9999995231628418,1.0,0.8235293030738831,0.8235293030738831,0.6470587253570557
1,1,0.0,0.9999995231628418,1.0,0.615384578704834,0.6923076510429382,0.307692289352417
1,1,0.49999987500003124,0.9999997615814209,0.2500001249999375,0.615384578704834,0.5384615063667297,0.6923076510429382
1,1,0.0,0.9999995231628418,1.0,0.6923076510429382,0.615384578704834,0.5384615063667297
1,1,0.0,0.9999995231628418,1.0,0.6923076510429382,0.8461537957191467,0.4615384340286255
1,1,0.0,0.9999995231628418,1.0,0.8461537957191467,0.615384578704834,0.7692307233810425
1,1,0.49999987500003124,0.0,0.2500001249999375,0.7999999523162842,0.5999999642372131,0.4999999403953552
1,1,0.0,0.9999995231628418,1.0,0.7499999403953552,0.5499999523162842,0.2499999701976776
1,1,0.49999987500003124,0.0,0.2500001249999375,0.7499999403953552,0.4999999403953552,0.5999999642372131
1,1,0.0,0.9999995231628418,1.0,0.7999999523162842,0.5999999642372131,0.4999999403953552
1,1,0.0,0.9999995231628418,1.0,0.6499999165534973,0.5999999642372131,0.44999995827674866
1,1,0.0,0.0,1.0,0.8235293030738831,0.7058822512626648,0.7647057771682739
1,1,0.0,0.0,1.0,0.5882351994514465,0.5882351994514465,0.41176465153694153
1,1,0.49999987500003124,0.9999995231628418,0.5000001249999375,0.8823528289794922,0.8235293030738831,0.5882351994514465
1,1,0.49999987500003124,0.9999995231628418,0.5000001249999375,0.5882351994514465,0.5882351994514465,0.5294117331504822
1,1,0.49999987500003124,0.9999995231628418,0.5000001249999375,0.7058822512626648,0.5294117331504822,0.5294117331504822
1,1,0.49999987500003124,0.9999997615814209,0.2500001249999375,0.6428570747375488,0.6428570747375488,0.1428571343421936
1,1,0.0,0.9999995231628418,1.0,0.7857142090797424,0.5714285373687744,0.5714285373687744
1,1,0.0,0.9999995231628418,1.0,0.7857142090797424,0.5714285373687744,0.357142835855484
1,1,0.49999987500003124,0.0,0.5000001249999375,0.7857142090797424,0.714285671710968,0.357142835855484
1,1,0.49999987500003124,0.0,0.5000001249999375,0.9999999403953552,0.9999999403953552,0.928571343421936
1,1,0.49999987500003124,0.9999997615814209,0.2500001249999375,0.7058822512626648,0.5294117331504822,0.5294117331504822
1,1,0.0,0.9999995231628418,1.0,0.7647057771682739,0.7647057771682739,0.41176465153694153
1,1,0.49999987500003124,0.6666664481163025,0.2500001249999375,0.8235293030738831,0.5294117331504822,0.5882351994514465
1,1,0.0,0.9999995231628418,1.0,0.8235293030738831,0.5294117331504822,0.5294117331504822
1,1,0.0,0.9999995231628418,1.0,0.5882351994514465,0.5882351994514465,0.41176465153694153
1,1,0.0,0.0,1.0,0.8461537957191467,0.5384615063667297,0.4615384340286255
1,1,0.0,0.0,1.0,0.5384615063667297,0.615384578704834,0.307692289352417
1,1,0.0,0.0,1.0,0.7692307233810425,0.6923076510429382,0.5384615063667297
1,1,0.0,0.0,1.0,0.923076868057251,0.4615384340286255,0.5384615063667297
1,1,0.7499998125000469,0.9999997019767761,0.3333333888888703,0.7692307233810425,0.7692307233810425,0.4615384340286255
1,1,0.7499998125000469,0.9999997019767761,0.5000000456214295,0.8461537957191467,0.615384578704834,0.4615384340286255
1,1,0.49999987500003124,0.9999995231628418,0.2500001249999375,0.8461537957191467,0.4615384340286255,0.5384615063667297
1,1,0.49999987500003124,0.9999995231628418,0.2500001249999375,0.615384578704834,0.307692289352417,0.38461536169052124
1,1,0.0,0.0,1.0,0.5384615063667297,0.6923076510429382,0.5384615063667297
1,1,0.0,0.0,1.0,0.7692307233810425,0.38461536169052124,0.4615384340286255
1,1,0.49999987500003124,0.7499998211860657,0.5000001249999375,0.714285671710968,0.5714285373687744,0.3333333134651184
1,1,0.0,0.9999997019767761,1.0,0.9047618508338928,0.5238094925880432,0.5238094925880432
1,1,0.0,0.9999997019767761,1.0,0.714285671710968,0.6666666269302368,0.5714285373687744
1,1,0.0,0.9999997019767761,1.0,0.7619047164916992,0.6190475821495056,0.5714285373687744
1,1,0.49999987500003124,0.7499998211860657,0.5000001249999375,0.7619047164916992,0.5714285373687744,0.714285671710968
1,1,0.49999987500003124,0.49999988079071045,0.2500001249999375,0.8749998807907104,0.8124998807907104,0.5624999403953552
1,1,0.9999997500000625,0.0,0.7500000312499921,0.9999998807907104,0.9999998807907104,0.9999998807907104
2,1,0.0,0.9999997615814209,1.0,0.714285671710968,0.4285714030265808,0.4999999701976776
2,1,0.9999997500000625,0.0,0.7500000312499921,0.9999999403953552,0.9999999403953552,0.9999999403953552
1,2,0.49999987500003124,0.49999988079071045,0.2500001249999375,0.8571428060531616,0.2857142686843872,0.5714285373687744
1,1,0.0,0.9999997615814209,1.0,0.7333332896232605,0.46666663885116577,0.46666663885116577
1,1,0.9999997500000625,0.0,0.7500000312499921,0.9999999403953552,0.9999999403953552,0.9999999403953552
1,2,0.49999987500003124,0.49999988079071045,0.2500001249999375,0.7857142090797424,0.8571428060531616,0.4285714030265808
2,1,0.49999987500003124,0.49999988079071045,0.2500001249999375,0.5384615063667297,0.6923076510429382,0.5384615063667297
1,2,0.9999997500000625,0.0,0.7500000312499921,0.9999999403953552,0.9999999403953552,0.9999999403953552
1,1,0.0,0.9999995231628418,1.0,0.7777776718139648,0.555555522441864,0.7777776718139648
1,1,0.0,0.9999995231628418,1.0,0.7777776718139648,0.4444443881511688,0.4444443881511688
1,1,0.49999987500003124,0.6666664481163025,0.5000001249999375,0.7777776718139648,0.666666567325592,0.666666567325592
1,1,0.49999987500003124,0.6666664481163025,0.5000001249999375,0.7777776718139648,0.555555522441864,0.666666567325592
1,1,0.49999987500003124,0.6666664481163025,0.5000001249999375,0.7777776718139648,0.333333283662796,0.555555522441864
1,1,0.0,0.9999995231628418,1.0,0.6249999403953552,0.4999999403953552,0.6249999403953552
1,1,0.0,0.9999995231628418,1.0,0.6249999403953552,0.4999999403953552,0.3749999701976776
1,1,0.49999987500003124,0.6666664481163025,0.5000001249999375,0.8749998807907104,0.7499999403953552,0.7499999403953552
1,1,0.49999987500003124,0.6666664481163025,0.5000001249999375,0.7499999403953552,0.6249999403953552,0.6249999403953552
1,1,0.49999987500003124,0.6666664481163025,0.5000001249999375,0.7499999403953552,0.4999999403953552,0.4999999403953552
1,1,0.49999987500003124,0.49999988079071045,0.5000001249999375,0.928571343421936,0.6428570747375488,0.5714285373687744
1,1,0.0,0.9999997615814209,1.0,0.8571428060531616,0.714285671710968,0.5714285373687744
1,1,0.0,0.9999997615814209,1.0,0.8571428060531616,0.6428570747375488,0.4999999701976776
1,1,0.0,0.9999997615814209,1.0,0.7857142090797424,0.5714285373687744,0.6428570747375488
1,1,0.49999987500003124,0.49999988079071045,0.5000001249999375,0.6428570747375488,0.5714285373687744,0.5714285373687744
1,1,0.0,0.9999997615814209,1.0,0.7777776718139648,0.555555522441864,0.4444443881511688
1,1,0.0,0.9999997615814209,1.0,0.666666567325592,0.555555522441864,0.333333283662796
1,1,0.0,0.9999997615814209,1.0,0.666666567325592,0.7777776718139648,0.666666567325592
1,1,0.0,0.9999997615814209,1.0,0.666666567325592,0.333333283662796,0.4444443881511688
1,1,0.49999987500003124,0.49999988079071045,0.2500001249999375,0.8888887763023376,0.333333283662796,0.666666567325592
1,1,0.0,0.9999995231628418,1.0,0.7999999523162842,0.7999999523162842,0.6999999284744263
1,1,0.0,0.9999995231628418,1.0,0.5999999642372131,0.5999999642372131,0.4999999403953552
1,1,0.49999987500003124,0.6666664481163025,0.5000001249999375,0.5999999642372131,0.5999999642372131,0.3999999761581421
1,1,0.49999987500003124,0.6666664481163025,0.5000001249999375,0.6999999284744263,0.7999999523162842,0.4999999403953552
1,1,0.49999987500003124,0.6666664481163025,0.5000001249999375,0.6999999284744263,0.3999999761581421,0.29999998211860657
1,1,0.0,0.0,1.0,0.555555522441864,0.7777776718139648,0.666666567325592
1,1,0.0,0.0,1.0,0.666666567325592,0.555555522441864,0.666666567325592
1,1,0.49999987500003124,0.9999995231628418,0.5000001249999375,0.8888887763023376,0.9999998807907104,0.666666567325592
1,1,0.49999987500003124,0.9999995231628418,0.5000001249999375,0.8888887763023376,0.666666567325592,0.7777776718139648
1,1,0.49999987500003124,0.9999995231628418,0.5000001249999375,0.666666567325592,0.555555522441864,0.4444443881511688
1,1,0.49999987500003124,0.33333322405815125,0.5000001249999375,0.8999999165534973,0.29999998211860657,0.3999999761581421
1,1,0.0,0.9999997019767761,1.0,0.7999999523162842,0.4999999403953552,0.5999999642372131
1,1,0.0,0.9999997019767761,1.0,0.6999999284744263,0.6999999284744263,0.29999998211860657
1,1,0.0,0.9999997019767761,1.0,0.7999999523162842,0.5999999642372131,0.5999999642372131
1,1,0.49999987500003124,0.33333322405815125,0.5000001249999375,0.5999999642372131,0.29999998211860657,0.4999999403953552
1,1,0.0,0.9999995231628418,1.0,0.666666567325592,0.666666567325592,0.555555522441864
1,1,0.0,0.9999995231628418,1.0,0.666666567325592,0.666666567325592,0.4444443881511688
1,1,0.49999987500003124,0.6666664481163025,0.5000001249999375,0.7777776718139648,0.666666567325592,0.7777776718139648
1,1,0.49999987500003124,0.9999997615814209,0.5000001249999375,0.4444443881511688,0.666666567325592,0.4444443881511688
1,1,0.49999987500003124,0.9999997615814209,0.5000001249999375,0.555555522441864,0.4444443881511688,0.333333283662796
1,1,0.49999987500003124,0.49999988079071045,0.2500001249999375,0.3333333134651184,0.5833333134651184,0.0833333283662796
1,1,0.0,0.9999997615814209,1.0,0.7499999403953552,0.4999999701976776,0.6666666269302368
1,1,0.0,0.9999997615814209,1.0,0.8333332538604736,0.6666666269302368,0.6666666269302368
1,1,0.49999987500003124,0.49999988079071045,0.5000001249999375,0.7499999403953552,0.4999999701976776,0.2499999850988388
1,1,0.49999987500003124,0.49999988079071045,0.5000001249999375,0.8333332538604736,0.6666666269302368,0.7499999403953552
1,1,0.49999987500003124,0.49999988079071045,0.5000001249999375,0.8749998807907104,0.3749999701976776,0.4999999403953552
1,1,0.0,0.9999997615814209,1.0,0.8749998807907104,0.4999999403953552,0.6249999403953552
1,1,0.0,0.9999997615814209,1.0,0.7499999403953552,0.8749998807907104,0.3749999701976776
1,1,0.0,0.9999997615814209,1.0,0.8749998807907104,0.7499999403953552,0.6249999403953552
1,1,0.49999987500003124,0.49999988079071045,0.5000001249999375,0.4999999403953552,0.4999999403953552,0.4999999403953552
1,1,0.49999987500003124,0.49999988079071045,0.2500001249999375,0.666666567325592,0.49999991059303284,0.49999991059303284
1,1,0.0,0.9999997615814209,1.0,0.8333331942558289,0.49999991059303284,0.666666567325592
1,1,0.0,0.9999997615814209,1.0,0.49999991059303284,0.8333331942558289,0.49999991059303284
1,1,0.49999987500003124,0.49999988079071045,0.5000001249999375,0.666666567325592,0.333333283662796,0.666666567325592
1,1,0.0,0.9999997615814209,1.0,0.8333331942558289,0.666666567325592,0.666666567325592
1,1,0.0,0.9999997615814209,1.0,0.7272726893424988,0.27272725105285645,0.6363635659217834
1,1,0.0,0.9999997615814209,1.0,0.7272726893424988,0.45454540848731995,0.5454545021057129
1,1,0.0,0.9999997615814209,1.0,0.7272726893424988,0.6363635659217834,0.45454540848731995
1,1,0.0,0.9999997615814209,1.0,0.7272726893424988,0.6363635659217834,0.7272726893424988
1,1,0.49999987500003124,0.49999988079071045,0.2500001249999375,0.6363635659217834,0.5454545021057129,0.5454545021057129
1,1,0.49999987500003124,0.9999995231628418,0.5000001249999375,0.7999998331069946,0.3999999165534973,0.5999999046325684
1,1,0.49999987500003124,0.9999995231628418,0.5000001249999375,0.7999998331069946,0.7999998331069946,0.3999999165534973
1,1,0.0,0.0,1.0,0.9999998211860657,0.5999999046325684,0.7999998331069946
1,1,0.49999987500003124,0.9999995231628418,0.5000001249999375,0.5999999046325684,0.7999998331069946,0.3999999165534973
1,1,0.49999987500003124,0.9999995231628418,0.2500001249999375,0.9999998211860657,0.9999998211860657,0.3999999165534973
1,1,0.49999987500003124,0.6666664481163025,0.2500001249999375,0.8333331942558289,0.166666641831398,0.49999991059303284
1,1,0.0,0.9999995231628418,1.0,0.9999998211860657,0.333333283662796,0.666666567325592
1,1,0.0,0.9999995231628418,1.0,0.666666567325592,0.666666567325592,0.49999991059303284
1,1,0.49999987500003124,0.6666664481163025,0.5000001249999375,0.8333331942558289,0.666666567325592,0.666666567325592
1,1,0.0,0.9999995231628418,1.0,0.9999998211860657,0.49999991059303284,0.8333331942558289
1,1,0.49999987500003124,0.9999995231628418,0.2500001249999375,0.666666567325592,0.49999991059303284,0.333333283662796
1,1,0.0,0.0,1.0,0.9999998211860657,0.666666567325592,0.9999998211860657
1,1,0.0,0.0,1.0,0.49999991059303284,0.666666567325592,0.333333283662796
1,1,0.49999987500003124,0.9999995231628418,0.5000001249999375,0.8333331942558289,0.666666567325592,0.49999991059303284
1,1,0.0,0.0,1.0,0.9999998211860657,0.49999991059303284,0.9999998211860657
1,1,0.0,0.9999995231628418,1.0,0.8749998807907104,0.6249999403953552,0.2499999701976776
1,1,0.0,0.9999995231628418,1.0,0.9999998807907104,0.4999999403953552,0.4999999403953552
1,1,0.49999987500003124,0.6666664481163025,0.5000001249999375,0.7499999403953552,0.7499999403953552,0.4999999403953552
1,1,0.0,0.9999995231628418,1.0,0.8749998807907104,0.6249999403953552,0.6249999403953552
1,1,0.0,0.9999995231628418,1.0,0.8749998807907104,0.7499999403953552,0.1249999850988388
1,1,0.0,0.9999997615814209,1.0,0.8888887763023376,0.555555522441864,0.555555522441864
1,1,0.49999987500003124,0.49999988079071045,0.2500001249999375,0.9999998807907104,0.4444443881511688,0.555555522441864
1,1,0.49999987500003124,0.49999988079071045,0.5000001249999375,0.7777776718139648,0.555555522441864,0.2222221940755844
1,1,0.9999997500000625,0.0,0.2500000624999844,0.7777776718139648,0.4444443881511688,0.333333283662796
1,1,0.0,0.9999997615814209,1.0,0.8888887763023376,0.8888887763023376,0.666666567325592
1,1,0.49999987500003124,0.0,0.2500001249999375,0.8749998807907104,0.6249999403953552,0.6249999403953552
1,1,0.0,0.9999995231628418,1.0,0.6249999403953552,0.4999999403953552,0.4999999403953552
1,1,0.49999987500003124,0.6666664481163025,0.2500001249999375,0.7499999403953552,0.2499999701976776,0.8749998807907104
1,1,0.0,0.9999995231628418,1.0,0.8749998807907104,0.6249999403953552,0.6249999403953552
1,1,0.0,0.9999995231628418,1.0,0.6249999403953552,0.4999999403953552,0.4999999403953552
1,1,0.0,0.0,1.0,0.8333331942558289,0.9999998211860657,0.666666567325592
1,1,0.49999987500003124,0.9999995231628418,0.5000001249999375,0.666666567325592,0.333333283662796,0.49999991059303284
1,1,0.0,0.0,1.0,0.49999991059303284,0.333333283662796,0.333333283662796
1,1,0.0,0.0,1.0,0.8333331942558289,0.49999991059303284,0.666666567325592
1,1,0.49999987500003124,0.9999995231628418,0.2500001249999375,0.8333331942558289,0.8333331942558289,0.8333331942558289
1,1,0.49999987500003124,0.0,0.2500001249999375,0.8749998807907104,0.3749999701976776,0.7499999403953552
1,1,0.0,0.9999995231628418,1.0,0.6249999403953552,0.7499999403953552,0.3749999701976776
1,1,0.49999987500003124,0.6666664481163025,0.2500001249999375,0.8749998807907104,0.6249999403953552,0.8749998807907104
1,1,0.0,0.9999995231628418,1.0,0.7499999403953552,0.7499999403953552,0.4999999403953552
1,1,0.0,0.9999995231628418,1.0,0.6249999403953552,0.4999999403953552,0.2499999701976776
1,1,0.49999987500003124,0.7499998211860657,0.2500001249999375,0.666666567325592,0.666666567325592,0.555555522441864
1,1,0.49999987500003124,0.33333322405815125,0.2500001249999375,0.9999998807907104,0.7777776718139648,0.555555522441864
1,1,0.0,0.9999997019767761,1.0,0.555555522441864,0.4444443881511688,0.4444443881511688
1,1,0.0,0.9999997019767761,1.0,0.666666567325592,0.555555522441864,0.4444443881511688
1,1,0.0,0.9999997019767761,1.0,0.4444443881511688,0.555555522441864,0.555555522441864
1,1,0.0,0.9999995231628418,1.0,0.8749998807907104,0.2499999701976776,0.4999999403953552
1,1,0.0,0.9999995231628418,1.0,0.8749998807907104,0.4999999403953552,0.6249999403953552
1,1,0.49999987500003124,0.6666664481163025,0.5000001249999375,0.8749998807907104,0.3749999701976776,0.8749998807907104
1,1,0.0,0.9999995231628418,1.0,0.7499999403953552,0.7499999403953552,0.6249999403953552
1,1,0.0,0.9999995231628418,1.0,0.4999999403953552,0.7499999403953552,0.1249999850988388
1,1,0.0,0.9999995231628418,1.0,0.8571427464485168,0.8571427464485168,0.5714284777641296
1,1,0.0,0.9999995231628418,1.0,0.7142856121063232,0.5714284777641296,0.5714284777641296
1,1,0.49999987500003124,0.0,0.5000001249999375,0.5714284777641296,0.7142856121063232,0.5714284777641296
1,1,0.49999987500003124,0.6666664481163025,0.5000001249999375,0.5714284777641296,0.5714284777641296,0.7142856121063232
1,1,0.49999987500003124,0.6666664481163025,0.5000001249999375,0.7142856121063232,0.1428571194410324,0.5714284777641296
1,1,0.0,0.9999995231628418,1.0,0.7499999403953552,0.4999999403953552,0.7499999403953552
1,1,0.0,0.9999995231628418,1.0,0.4999999403953552,0.3749999701976776,0.2499999701976776
1,1,0.49999987500003124,0.0,0.5000001249999375,0.8749998807907104,0.6249999403953552,0.6249999403953552
1,1,0.49999987500003124,0.6666664481163025,0.5000001249999375,0.7499999403953552,0.6249999403953552,0.6249999403953552
1,1,0.49999987500003124,0.6666664481163025,0.5000001249999375,0.8749998807907104,0.4999999403953552,0.8749998807907104
1,1,0.7499998125000469,0.9999997019767761,0.5000000456214295,0.6249999403953552,0.2499999701976776,0.1249999850988388
1,1,0.49999987500003124,0.9999995231628418,0.2500001249999375,0.9999998807907104,0.8749998807907104,0.7499999403953552
1,1,0.49999987500003124,0.9999995231628418,0.2500001249999375,0.4999999403953552,0.2499999701976776,0.6249999403953552
1,1,0.0,0.0,1.0,0.7499999403953552,0.6249999403953552,0.6249999403953552
1,1,0.0,0.0,1.0,0.8749998807907104,0.7499999403953552,0.4999999403953552
1,1,0.0,0.9999997615814209,1.0,0.6363635659217834,0.6363635659217834,0.5454545021057129
1,1,0.49999987500003124,0.49999988079071045,0.5000001249999375,0.7272726893424988,0.6363635659217834,0.45454540848731995
1,1,0.0,0.9999997615814209,1.0,0.8181817531585693,0.3636363446712494,0.45454540848731995
1,1,0.49999987500003124,0.49999988079071045,0.2500001249999375,0.8181817531585693,0.6363635659217834,0.7272726893424988
1,1,0.0,0.9999997615814209,1.0,0.45454540848731995,0.7272726893424988,0.27272725105285645
1,1,0.49999987500003124,0.49999988079071045,0.2500001249999375,0.7777776718139648,0.666666567325592,0.4444443881511688
1,1,0.0,0.9999997615814209,1.0,0.666666567325592,0.666666567325592,0.333333283662796
1,1,0.49999987500003124,0.49999988079071045,0.2500001249999375,0.666666567325592,0.7777776718139648,0.333333283662796
1,1,0.0,0.9999997615814209,1.0,0.8888887763023376,0.7777776718139648,0.666666567325592
1,1,0.0,0.9999997615814209,1.0,0.7777776718139648,0.8888887763023376,0.555555522441864
1,1,0.0,0.9999997615814209,1.0,0.6666666269302368,0.5833333134651184,0.1666666567325592
1,1,0.49999987500003124,0.49999988079071045,0.2500001249999375,0.4999999701976776,0.4999999701976776,0.5833333134651184
1,1,0.0,0.9999997615814209,1.0,0.9999999403953552,0.4166666269302368,0.5833333134651184
1,1,0.0,0.9999997615814209,1.0,0.8333332538604736,0.6666666269302368,0.4999999701976776
1,1,0.0,0.9999997615814209,1.0,0.7499999403953552,0.5833333134651184,0.4999999701976776
1,1,0.0,0.0,1.0,0.7499999403953552,0.6249999403953552,0.6249999403953552
1,1,0.49999987500003124,0.9999995231628418,0.2500001249999375,0.7499999403953552,0.6249999403953552,0.4999999403953552
1,1,0.0,0.0,1.0,0.8749998807907104,0.8749998807907104,0.6249999403953552
1,1,0.0,0.0,1.0,0.9999998807907104,0.6249999403953552,0.8749998807907104
1,1,0.49999987500003124,0.9999995231628418,0.2500001249999375,0.6249999403953552,0.7499999403953552,0.4999999403953552
1,1,0.49999987500003124,0.9999995231628418,0.2500001249999375,0.7142856121063232,0.4285713732242584,0.2857142388820648
1,1,0.0,0.0,1.0,0.5714284777641296,0.7142856121063232,0.4285713732242584
1,1,0.49999987500003124,0.9999995231628418,0.2500001249999375,0.9999998807907104,0.4285713732242584,0.5714284777641296
1,1,0.0,0.0,1.0,0.9999998807907104,0.7142856121063232,0.4285713732242584
1,1,0.0,0.0,1.0,0.7142856121063232,0.7142856121063232,0.2857142388820648
1,1,0.49999987500003124,0.9999997615814209,0.2500001249999375,0.5714284777641296,0.8571427464485168,0.5714284777641296
1,1,0.0,0.9999995231628418,1.0,0.8571427464485168,0.5714284777641296,0.5714284777641296
1,1,0.49999987500003124,0.6666664481163025,0.2500001249999375,0.8571427464485168,0.4285713732242584,0.5714284777641296
1,1,0.0,0.9999995231628418,1.0,0.8571427464485168,0.5714284777641296,0.5714284777641296
1,1,0.0,0.9999995231628418,1.0,0.5714284777641296,0.5714284777641296,0.2857142388820648
1,1,0.0,0.9999997019767761,1.0,0.8749998807907104,0.4999999403953552,0.7499999403953552
1,1,0.49999987500003124,0.7499998211860657,0.2500001249999375,0.8124998807907104,0.7499999403953552,0.8124998807907104
1,1,0.49999987500003124,0.7499998211860657,0.5000001249999375,0.8749998807907104,0.6249999403953552,0.4374999403953552
1,1,0.9999997500000625,0.24999994039535522,0.2500000624999844,0.8124998807907104,0.6874999403953552,0.4999999403953552
1,1,0.0,0.9999997019767761,1.0,0.8124998807907104,0.7499999403953552,0.6249999403953552
1,1,0.0,0.9999997019767761,1.0,0.9999998807907104,0.8749998807907104,0.6249999403953552
1,1,0.0,0.9999997019767761,1.0,0.6249999403953552,0.6249999403953552,0.6249999403953552
1,1,0.49999987500003124,0.33333322405815125,0.5000001249999375,0.8749998807907104,0.4999999403953552,0.4999999403953552
1,1,0.49999987500003124,0.33333322405815125,0.5000001249999375,0.7499999403953552,0.4999999403953552,0.3749999701976776
1,1,0.49999987500003124,0.33333322405815125,0.5000001249999375,0.8749998807907104,0.3749999701976776,0.2499999701976776
1,1,0.0,0.9999995231628418,1.0,0.9999998807907104,0.8749998807907104,0.9999998807907104
1,1,0.49999987500003124,0.9999997615814209,0.5000001249999375,0.7499999403953552,0.6249999403953552,0.3749999701976776
1,1,0.0,0.9999995231628418,1.0,0.8749998807907104,0.4999999403953552,0.7499999403953552
1,1,0.49999987500003124,0.6666664481163025,0.2500001249999375,0.7499999403953552,0.4999999403953552,0.7499999403953552
1,1,0.0,0.9999995231628418,1.0,0.6249999403953552,0.7499999403953552,0.3749999701976776
1,1,0.0,0.9999995231628418,1.0,0.7499999403953552,0.6249999403953552,0.4999999403953552
1,1,0.0,0.9999995231628418,1.0,0.8749998807907104,0.7499999403953552,0.7499999403953552
1,1,0.49999987500003124,0.6666664481163025,0.5000001249999375,0.7499999403953552,0.9999998807907104,0.4999999403953552
1,1,0.49999987500003124,0.6666664481163025,0.5000001249999375,0.4999999403953552,0.8749998807907104,0.4999999403953552
1,1,0.49999987500003124,0.6666664481163025,0.5000001249999375,0.8749998807907104,0.6249999403953552,0.4999999403953552
1,1,0.0,0.9999995231628418,1.0,0.6666666269302368,0.4166666269302368,0.4166666269302368
1,1,0.49999987500003124,0.9999997615814209,0.2500001249999375,0.8333332538604736,0.4999999701976776,0.4999999701976776
1,1,0.0,0.9999995231628418,1.0,0.7499999403953552,0.4999999701976776,0.4999999701976776
1,1,0.0,0.9999995231628418,1.0,0.8333332538604736,0.4999999701976776,0.4166666269302368
1,1,0.0,0.9999995231628418,1.0,0.7499999403953552,0.7499999403953552,0.5833333134651184
1,1,0.49999987500003124,0.49999988079071045,0.2500001249999375,0.7777776718139648,0.666666567325592,0.4444443881511688
1,1,0.7499998125000469,0.24999994039535522,0.5000000456214295,0.7777776718139648,0.555555522441864,0.4444443881511688
1,1,0.49999987500003124,0.49999988079071045,0.2500001249999375,0.7777776718139648,0.666666567325592,0.666666567325592
1,1,0.0,0.9999997615814209,1.0,0.8888887763023376,0.666666567325592,0.333333283662796
1,1,0.49999987500003124,0.49999988079071045,0.2500001249999375,0.4444443881511688,0.555555522441864,0.4444443881511688
1,1,0.0,0.0,1.0,0.8749998807907104,0.4374999403953552,0.6249999403953552
1,1,0.49999987500003124,0.9999995231628418,0.2500001249999375,0.9374998807907104,0.8124998807907104,0.6249999403953552
1,1,0.49999987500003124,0.9999995231628418,0.5000001249999375,0.8749998807907104,0.5624999403953552,0.3749999701976776
1,1,0.9999997500000625,0.9999997615814209,0.2500000624999844,0.7499999403953552,0.7499999403953552,0.3749999701976776
1,1,0.0,0.0,1.0,0.7499999403953552,0.6874999403953552,0.4999999403953552
1,1,0.0,0.0,1.0,0.7272726893424988,0.6363635659217834,0.45454540848731995
1,1,0.0,0.0,1.0,0.7272726893424988,0.5454545021057129,0.6363635659217834
1,1,0.0,0.0,1.0,0.7272726893424988,0.5454545021057129,0.45454540848731995
1,1,0.0,0.0,1.0,0.7272726893424988,0.5454545021057129,0.45454540848731995
1,1,0.7499998125000469,0.9999997019767761,0.3333333888888703,0.7272726893424988,0.8181817531585693,0.45454540848731995
1,1,0.49999987500003124,0.9999995231628418,0.5000001249999375,0.6249999403953552,0.6249999403953552,0.3749999701976776
1,1,0.0,0.0,1.0,0.7499999403953552,0.4999999403953552,0.3749999701976776
1,1,0.0,0.0,1.0,0.8749998807907104,0.6249999403953552,0.7499999403953552
1,1,0.0,0.0,1.0,0.7499999403953552,0.3749999701976776,0.6249999403953552
1,1,0.49999987500003124,0.9999995231628418,0.5000001249999375,0.7499999403953552,0.6249999403953552,0.6249999403953552
1,1,0.0,0.9999995231628418,1.0,0.8181817531585693,0.7272726893424988,0.45454540848731995
1,1,0.0,0.9999995231628418,1.0,0.7272726893424988,0.8181817531585693,0.5454545021057129
1,1,0.0,0.9999995231628418,1.0,0.6363635659217834,0.6363635659217834,0.5454545021057129
1,1,0.0,0.9999995231628418,1.0,0.7272726893424988,0.5454545021057129,0.45454540848731995
1,1,0.49999987500003124,0.6666664481163025,0.2500001249999375,0.7272726893424988,0.3636363446712494,0.5454545021057129
1,1,0.0,0.0,1.0,0.4285713732242584,0.8571427464485168,0.4285713732242584
1,1,0.49999987500003124,0.9999995231628418,0.2500001249999375,0.8571427464485168,0.4285713732242584,0.4285713732242584
1,1,0.7499998125000469,0.9999997019767761,0.3333333888888703,0.8571427464485168,0.5714284777641296,0.7142856121063232
1,1,0.0,0.0,1.0,0.9999998807907104,0.4285713732242584,0.5714284777641296
1,1,0.49999987500003124,0.9999995231628418,0.2500001249999375,0.7142856121063232,0.8571427464485168,0.7142856121063232
1,1,0.0,0.9999997019767761,1.0,0.8181817531585693,0.5454545021057129,0.45454540848731995
1,1,0.49999987500003124,0.33333322405815125,0.2500001249999375,0.9090908169746399,0.45454540848731995,0.6363635659217834
1,1,0.49999987500003124,0.7499998211860657,0.5000001249999375,0.8181817531585693,0.45454540848731995,0.27272725105285645
1,1,0.9999997500000625,0.24999994039535522,0.2500000624999844,0.6363635659217834,0.6363635659217834,0.45454540848731995
1,1,0.0,0.9999997019767761,1.0,0.7272726893424988,0.7272726893424988,0.3636363446712494
1,1,0.0,0.9999997615814209,1.0,0.7999999523162842,0.7999999523162842,0.6999999284744263
1,1,0.49999987500003124,0.49999988079071045,0.2500001249999375,0.8999999165534973,0.6999999284744263,0.3999999761581421
1,1,0.0,0.9999997615814209,1.0,0.6999999284744263,0.8999999165534973,0.4999999403953552
1,1,0.0,0.9999997615814209,1.0,0.7999999523162842,0.3999999761581421,0.4999999403953552
1,1,0.49999987500003124,0.49999988079071045,0.2500001249999375,0.7999999523162842,0.5999999642372131,0.5999999642372131
1,1,0.49999987500003124,0.6666664481163025,0.2500001249999375,0.7857142090797424,0.4999999701976776,0.4999999701976776
1,1,0.0,0.9999995231628418,1.0,0.8571428060531616,0.6428570747375488,0.4285714030265808
1,1,0.49999987500003124,0.6666664481163025,0.2500001249999375,0.714285671710968,0.6428570747375488,0.4285714030265808
1,1,0.0,0.9999995231628418,1.0,0.928571343421936,0.714285671710968,0.4999999701976776
1,1,0.0,0.9999995231628418,1.0,0.714285671710968,0.6428570747375488,0.4999999701976776
1,1,0.0,0.9999995231628418,1.0,0.7142856121063232,0.9999998807907104,0.4285713732242584
1,1,0.49999987500003124,0.6666664481163025,0.2500001249999375,0.4285713732242584,0.4285713732242584,0.2857142388820648
1,1,0.7499998125000469,0.33333322405815125,0.3333333888888703,0.8571427464485168,0.2857142388820648,0.9999998807907104
1,1,0.0,0.9999995231628418,1.0,0.9999998807907104,0.8571427464485168,0.4285713732242584
1,1,0.49999987500003124,0.6666664481163025,0.2500001249999375,0.7142856121063232,0.5714284777641296,0.8571427464485168
1,1,0.0,0.9999995231628418,1.0,0.5999999046325684,0.9999998211860657,0.5999999046325684
1,1,0.7499998125000469,0.33333322405815125,0.3333333888888703,0.7999998331069946,0.7999998331069946,0.3999999165534973
1,1,0.0,0.9999995231628418,1.0,0.7999998331069946,0.5999999046325684,0.7999998331069946
1,1,0.0,0.9999995231628418,1.0,0.7999998331069946,0.19999995827674866,0.5999999046325684
1,1,0.7499998125000469,0.33333322405815125,0.5000000456214295,0.19999995827674866,0.7999998331069946,0.3999999165534973
1,1,0.0,0.9999997615814209,1.0,0.9999998211860657,0.7999998331069946,0.5999999046325684
1,1,0.49999987500003124,0.49999988079071045,0.5000001249999375,0.3999999165534973,0.5999999046325684,0.19999995827674866
1,1,0.0,0.9999997615814209,1.0,0.7999998331069946,0.5999999046325684,0.5999999046325684
1,1,0.0,0.9999997615814209,1.0,0.5999999046325684,0.19999995827674866,0.3999999165534973
1,1,0.49999987500003124,0.49999988079071045,0.2500001249999375,0.5999999046325684,0.7999998331069946,0.5999999046325684
1,1,0.0,0.9999995231628418,1.0,0.8333331942558289,0.166666641831398,0.333333283662796
1,1,0.0,0.9999995231628418,1.0,0.9999998211860657,0.49999991059303284,0.49999991059303284
1,1,0.49999987500003124,0.6666664481163025,0.5000001249999375,0.8333331942558289,0.8333331942558289,0.49999991059303284
1,1,0.0,0.9999995231628418,1.0,0.8333331942558289,0.49999991059303284,0.666666567325592
1,1,0.0,0.9999995231628418,1.0,0.8333331942558289,0.8333331942558289,0.0
1,1,0.49999987500003124,0.6666664481163025,0.5000001249999375,0.7999999523162842,0.4999999403953552,0.6999999284744263
1,1,0.49999987500003124,0.0,0.5000001249999375,0.7999999523162842,0.6999999284744263,0.5999999642372131
1,1,0.0,0.9999995231628418,1.0,0.7999999523162842,0.6999999284744263,0.6999999284744263
1,1,0.49999987500003124,0.6666664481163025,0.5000001249999375,0.7999999523162842,0.6999999284744263,0.29999998211860657
1,1,0.49999987500003124,0.6666664481163025,0.2500001249999375,0.7999999523162842,0.7999999523162842,0.5999999642372131
1,1,0.0,0.9999995231628418,1.0,0.5454545021057129,0.45454540848731995,0.3636363446712494
1,1,0.0,0.9999995231628418,1.0,0.9090908169746399,0.6363635659217834,0.6363635659217834
1,1,0.49999987500003124,0.6666664481163025,0.5000001249999375,0.7272726893424988,0.7272726893424988,0.45454540848731995
1,1,0.0,0.9999995231628418,1.0,0.8181817531585693,0.7272726893424988,0.45454540848731995
1,1,0.0,0.9999995231628418,1.0,0.7272726893424988,0.5454545021057129,0.3636363446712494
1,1,0.0,0.9999995231628418,1.0,0.6363635659217834,0.3636363446712494,0.3636363446712494
1,1,0.0,0.9999995231628418,1.0,0.7272726893424988,0.3636363446712494,0.5454545021057129
1,1,0.49999987500003124,0.0,0.5000001249999375,0.8181817531585693,0.7272726893424988,0.6363635659217834
1,1,0.0,0.9999995231628418,1.0,0.8181817531585693,0.8181817531585693,0.5454545021057129
1,1,0.0,0.9999995231628418,1.0,0.7272726893424988,0.45454540848731995,0.5454545021057129
1,1,0.49999987500003124,0.49999988079071045,0.2500001249999375,0.8571427464485168,0.7142856121063232,0.5714284777641296
1,1,0.0,0.9999997615814209,1.0,0.7142856121063232,0.7142856121063232,0.5714284777641296
1,1,0.49999987500003124,0.49999988079071045,0.2500001249999375,0.7142856121063232,0.4285713732242584,0.7142856121063232
1,1,0.0,0.9999997615814209,1.0,0.9999998807907104,0.4285713732242584,0.5714284777641296
1,1,0.0,0.9999997615814209,1.0,0.4285713732242584,0.2857142388820648,0.2857142388820648
1,1,0.0,0.9999997615814209,1.0,0.7999998331069946,0.3999999165534973,0.3999999165534973
1,1,0.49999987500003124,0.49999988079071045,0.5000001249999375,0.3999999165534973,0.5999999046325684,0.3999999165534973
1,1,0.0,0.9999997615814209,1.0,0.5999999046325684,0.3999999165534973,0.3999999165534973
1,1,0.0,0.9999997615814209,1.0,0.5999999046325684,0.3999999165534973,0.3999999165534973
1,1,0.49999987500003124,0.49999988079071045,0.2500001249999375,0.5999999046325684,0.5999999046325684,0.7999998331069946
1,1,0.0,0.9999995231628418,1.0,0.6999999284744263,0.6999999284744263,0.4999999403953552
1,1,0.49999987500003124,0.9999997615814209,0.2500001249999375,0.7999999523162842,0.5999999642372131,0.29999998211860657
1,1,0.0,0.9999995231628418,1.0,0.5999999642372131,0.8999999165534973,0.5999999642372131
1,1,0.49999987500003124,0.6666664481163025,0.5000001249999375,0.7999999523162842,0.4999999403953552,0.5999999642372131
1,1,0.0,0.9999995231628418,1.0,0.7999999523162842,0.6999999284744263,0.5999999642372131
1,1,0.7499998125000469,0.33333322405815125,0.5000000456214295,0.7999999523162842,0.5999999642372131,0.29999998211860657
1,1,0.49999987500003124,0.6666664481163025,0.2500001249999375,0.7999999523162842,0.5999999642372131,0.4999999403953552
1,1,0.49999987500003124,0.0,0.2500001249999375,0.7999999523162842,0.19999998807907104,0.5999999642372131
1,1,0.0,0.9999995231628418,1.0,0.3999999761581421,0.8999999165534973,0.29999998211860657
1,1,0.0,0.9999995231628418,1.0,0.7999999523162842,0.6999999284744263,0.29999998211860657
1,1,0.49999987500003124,0.6666664481163025,0.2500001249999375,0.6363635659217834,0.7272726893424988,0.1818181723356247
1,1,0.0,0.9999995231628418,1.0,0.8181817531585693,0.5454545021057129,0.3636363446712494
1,1,0.0,0.9999995231628418,1.0,0.8181817531585693,0.5454545021057129,0.27272725105285645
1,1,0.49999987500003124,0.6666664481163025,0.5000001249999375,0.5454545021057129,0.8181817531585693,0.27272725105285645
1,1,0.49999987500003124,0.6666664481163025,0.5000001249999375,0.9090908169746399,0.8181817531585693,0.7272726893424988
1,1,0.0,0.9999995231628418,1.0,0.666666567325592,0.555555522441864,0.666666567325592
1,1,0.7499998125000469,0.7499998211860657,0.3333333888888703,0.7777776718139648,0.666666567325592,0.4444443881511688
1,1,0.0,0.9999995231628418,1.0,0.9999998807907104,0.666666567325592,0.7777776718139648
1,1,0.0,0.9999995231628418,1.0,0.555555522441864,0.333333283662796,0.333333283662796
1,1,0.7499998125000469,0.7499998211860657,0.5000000456214295,0.7777776718139648,0.666666567325592,0.555555522441864
1,1,0.49999987500003124,0.9999995231628418,0.2500001249999375,0.9999998211860657,0.7999998331069946,0.5999999046325684
1,1,0.49999987500003124,0.9999995231628418,0.5000001249999375,0.7999998331069946,0.19999995827674866,0.3999999165534973
1,1,0.7499998125000469,0.9999997019767761,0.6666667172551499,0.7999998331069946,0.19999995827674866,0.5999999046325684
1,1,0.49999987500003124,0.9999995231628418,0.2500001249999375,0.7999998331069946,0.3999999165534973,0.5999999046325684
1,1,0.0,0.0,1.0,0.5999999046325684,0.3999999165534973,0.19999995827674866
1,1,0.49999987500003124,0.6666664481163025,0.2500001249999375,0.8888887763023376,0.7777776718139648,0.333333283662796
1,1,0.7499998125000469,0.7499998211860657,0.5000000456214295,0.8888887763023376,0.7777776718139648,0.333333283662796
1,1,0.49999987500003124,0.9999997615814209,0.2500001249999375,0.7777776718139648,0.555555522441864,0.4444443881511688
1,1,0.0,0.9999995231628418,1.0,0.9999998807907104,0.555555522441864,0.555555522441864
1,1,0.49999987500003124,0.6666664481163025,0.2500001249999375,0.7777776718139648,0.666666567325592,0.555555522441864
1,1,0.0,0.9999995231628418,1.0,0.8999999165534973,0.3999999761581421,0.3999999761581421
1,1,0.9999997500000625,0.49999988079071045,0.2500000624999844,0.7999999523162842,0.7999999523162842,0.6999999284744263
1,1,0.0,0.9999995231628418,1.0,0.7999999523162842,0.6999999284744263,0.4999999403953552
1,1,0.49999987500003124,0.6666664481163025,0.2500001249999375,0.7999999523162842,0.5999999642372131,0.5999999642372131
1,1,0.0,0.9999995231628418,1.0,0.6999999284744263,0.4999999403953552,0.5999999642372131
1,1,0.49999987500003124,0.9999995231628418,0.5000001249999375,0.9999998211860657,0.3999999165534973,0.7999998331069946
1,1,0.49999987500003124,0.9999995231628418,0.5000001249999375,0.7999998331069946,0.3999999165534973,0.3999999165534973
1,1,0.0,0.0,1.0,0.5999999046325684,0.5999999046325684,0.7999998331069946
1,1,0.49999987500003124,0.9999995231628418,0.5000001249999375,0.7999998331069946,0.5999999046325684,0.19999995827674866
1,1,0.49999987500003124,0.9999995231628418,0.2500001249999375,0.7999998331069946,0.9999998211860657,0.3999999165534973
1,1,0.49999987500003124,0.9999995231628418,0.5000001249999375,0.7999998331069946,0.5999999046325684,0.3999999165534973
1,1,0.0,0.0,1.0,0.5999999046325684,0.3999999165534973,0.19999995827674866
1,1,0.49999987500003124,0.9999995231628418,0.2500001249999375,0.9999998211860657,0.5999999046325684,0.3999999165534973
1,1,0.0,0.0,1.0,0.7999998331069946,0.5999999046325684,0.3999999165534973
1,1,0.0,0.0,1.0,0.7999998331069946,0.0,0.7999998331069946
1,1,0.0,0.9999995231628418,1.0,0.5999999642372131,0.46666663885116577,0.2666666507720947
1,1,0.0,0.9999995231628418,1.0,0.8666666150093079,0.5999999642372131,0.5999999642372131
1,1,0.49999987500003124,0.6666664481163025,0.5000001249999375,0.7999999523162842,0.6666666269302368,0.46666663885116577
1,1,0.0,0.9999995231628418,1.0,0.9333332777023315,0.7333332896232605,0.5333333015441895
1,1,0.0,0.9999995231628418,1.0,0.7999999523162842,0.5999999642372131,0.3333333134651184
1,1,0.0,0.9999995231628418,1.0,0.666666567325592,0.49999991059303284,0.333333283662796
1,1,0.49999987500003124,0.6666664481163025,0.2500001249999375,0.8333331942558289,0.0,0.666666567325592
1,1,0.7499998125000469,0.7499998211860657,0.3333333888888703,0.666666567325592,0.333333283662796,0.666666567325592
1,1,0.0,0.9999995231628418,1.0,0.9999998211860657,0.49999991059303284,0.8333331942558289
1,1,0.49999987500003124,0.6666664481163025,0.2500001249999375,0.8333331942558289,0.666666567325592,0.666666567325592
1,1,0.0,0.0,1.0,0.7999998331069946,0.7999998331069946,0.7999998331069946
1,1,0.49999987500003124,0.9999995231628418,0.5000001249999375,0.5999999046325684,0.19999995827674866,0.3999999165534973
1,1,0.0,0.0,1.0,0.5999999046325684,0.3999999165534973,0.3999999165534973
1,1,0.0,0.0,1.0,0.3999999165534973,0.3999999165534973,0.3999999165534973
1,1,0.49999987500003124,0.9999995231628418,0.2500001249999375,0.9999998211860657,0.5999999046325684,0.5999999046325684
1,1,0.0,0.0,1.0,0.5999999046325684,0.5999999046325684,0.7999998331069946
1,1,0.0,0.0,1.0,0.9999998211860657,0.5999999046325684,0.5999999046325684
1,1,0.49999987500003124,0.9999995231628418,0.2500001249999375,0.9999998211860657,0.7999998331069946,0.5999999046325684
1,1,0.0,0.0,1.0,0.9999998211860657,0.19999995827674866,0.3999999165534973
1,1,0.49999987500003124,0.9999995231628418,0.5000001249999375,0.5999999046325684,0.7999998331069946,0.3999999165534973
1,1,0.49999987500003124,0.9999995231628418,0.2500001249999375,0.7142856121063232,0.4285713732242584,0.1428571194410324
1,1,0.0,0.0,1.0,0.9999998807907104,0.8571427464485168,0.7142856121063232
1,1,0.0,0.0,1.0,0.7142856121063232,0.8571427464485168,0.2857142388820648
1,1,0.49999987500003124,0.9999995231628418,0.5000001249999375,0.8571427464485168,0.5714284777641296,0.5714284777641296
1,1,0.0,0.0,1.0,0.9999998807907104,0.7142856121063232,0.8571427464485168
1,1,0.49999987500003124,0.9999995231628418,0.2500001249999375,0.5833333134651184,0.4999999701976776,0.3333333134651184
1,1,0.49999987500003124,0.9999995231628418,0.2500001249999375,0.9999999403953552,0.8333332538604736,0.6666666269302368
1,1,0.0,0.0,1.0,0.6666666269302368,0.5833333134651184,0.4166666269302368
1,1,0.0,0.0,1.0,0.7499999403953552,0.7499999403953552,0.3333333134651184
1,1,0.0,0.0,1.0,0.7499999403953552,0.7499999403953552,0.6666666269302368
1,1,0.49999987500003124,0.49999988079071045,0.2500001249999375,0.8888887763023376,0.555555522441864,0.555555522441864
1,1,0.7499998125000469,0.24999994039535522,0.5000000456214295,0.4444443881511688,0.666666567325592,0.2222221940755844
1,1,0.49999987500003124,0.49999988079071045,0.2500001249999375,0.7777776718139648,0.666666567325592,0.4444443881511688
1,1,0.0,0.9999997615814209,1.0,0.8888887763023376,0.4444443881511688,0.666666567325592
1,1,0.49999987500003124,0.49999988079071045,0.2500001249999375,0.666666567325592,0.666666567325592,0.4444443881511688
1,1,0.9999997500000625,0.0,0.2500000624999844,0.8571428060531616,0.4285714030265808,0.2857142686843872
1,1,0.7499998125000469,0.24999994039535522,0.3333333888888703,0.714285671710968,0.4285714030265808,0.357142835855484
1,1,0.49999987500003124,0.49999988079071045,0.2500001249999375,0.6428570747375488,0.6428570747375488,0.6428570747375488
1,1,0.9999997500000625,0.0,0.3750000624999844,0.714285671710968,0.4285714030265808,0.4285714030265808
1,1,0.7499998125000469,0.24999994039535522,0.5000000456214295,0.5714285373687744,0.6428570747375488,0.2857142686843872
1,1,0.0,0.9999997615814209,1.0,0.7222221493721008,0.4999999403953552,0.4999999403953552
1,1,0.0,0.9999997615814209,1.0,0.8888887763023376,0.555555522441864,0.4999999403953552
1,1,0.0,0.9999997615814209,1.0,0.8333332538604736,0.611111044883728,0.666666567325592
1,1,0.0,0.9999997615814209,1.0,0.555555522441864,0.4999999403953552,0.4999999403953552
1,1,0.49999987500003124,0.49999988079071045,0.2500001249999375,0.7777776718139648,0.555555522441864,0.611111044883728
1,1,0.0,0.9999995231628418,1.0,0.7272726893424988,0.45454540848731995,0.5454545021057129
1,1,0.0,0.9999995231628418,1.0,0.5454545021057129,0.5454545021057129,0.45454540848731995
1,1,0.0,0.9999995231628418,1.0,0.6363635659217834,0.8181817531585693,0.6363635659217834
1,1,0.0,0.9999995231628418,1.0,0.7272726893424988,0.45454540848731995,0.7272726893424988
1,1,0.49999987500003124,0.9999997615814209,0.2500001249999375,0.8181817531585693,0.3636363446712494,0.45454540848731995
2,1,0.49999987500003124,0.6666664481163025,0.5000001249999375,0.8235293030738831,0.5294117331504822,0.7058822512626648
2,1,0.0,0.9999995231628418,1.0,0.8823528289794922,0.8823528289794922,0.5294117331504822
2,1,0.49999987500003124,0.6666664481163025,0.5000001249999375,0.5882351994514465,0.6470587253570557,0.23529408872127533
1,2,0.49999987500003124,0.9999997615814209,0.2500001249999375,0.6470587253570557,0.6470587253570557,0.7058822512626648
2,1,0.7499998125000469,0.33333322405815125,0.6666667172551499,0.7647057771682739,0.9999998807907104,0.5882351994514465
1,1,0.0,0.9999997615814209,1.0,0.8999999165534973,0.3999999761581421,0.3999999761581421
1,1,0.49999987500003124,0.49999988079071045,0.2500001249999375,0.9999998807907104,0.4999999403953552,0.7999999523162842
1,1,0.49999987500003124,0.49999988079071045,0.5000001249999375,0.8999999165534973,0.5999999642372131,0.3999999761581421
1,1,0.9999997500000625,0.0,0.2500000624999844,0.7999999523162842,0.6999999284744263,0.4999999403953552
1,1,0.0,0.9999997615814209,1.0,0.7999999523162842,0.5999999642372131,0.7999999523162842
1,1,0.0,0.9999995231628418,1.0,0.5454545021057129,0.45454540848731995,0.3636363446712494
1,1,0.0,0.9999995231628418,1.0,0.5454545021057129,0.5454545021057129,0.5454545021057129
1,1,0.0,0.9999995231628418,1.0,0.6363635659217834,0.8181817531585693,0.45454540848731995
1,1,0.0,0.9999995231628418,1.0,0.7272726893424988,0.7272726893424988,0.7272726893424988
1,1,0.49999987500003124,0.0,0.2500001249999375,0.8181817531585693,0.1818181723356247,0.45454540848731995
1,1,0.49999987500003124,0.6666664481163025,0.2500001249999375,0.7999999523162842,0.4999999403953552,0.29999998211860657
1,1,0.0,0.9999995231628418,1.0,0.6999999284744263,0.7999999523162842,0.29999998211860657
1,1,0.0,0.9999995231628418,1.0,0.6999999284744263,0.5999999642372131,0.5999999642372131
1,1,0.49999987500003124,0.6666664481163025,0.5000001249999375,0.4999999403953552,0.6999999284744263,0.29999998211860657
1,1,0.49999987500003124,0.6666664481163025,0.5000001249999375,0.9999998807907104,0.9999998807907104,0.8999999165534973
1,1,0.49999987500003124,0.49999988079071045,0.2500001249999375,0.666666567325592,0.7777776718139648,0.666666567325592
1,1,0.0,0.9999997615814209,1.0,0.8888887763023376,0.7777776718139648,0.333333283662796
1,1,0.49999987500003124,0.49999988079071045,0.2500001249999375,0.555555522441864,0.555555522441864,0.4444443881511688
1,1,0.0,0.9999997615814209,1.0,0.7777776718139648,0.4444443881511688,0.333333283662796
1,1,0.0,0.9999997615814209,1.0,0.4444443881511688,0.555555522441864,0.2222221940755844
1,1,0.0,0.9999995231628418,1.0,0.8461537957191467,0.615384578704834,0.7692307233810425
1,1,0.49999987500003124,0.6666664481163025,0.2500001249999375,0.7692307233810425,0.7692307233810425,0.615384578704834
1,1,0.49999987500003124,0.6666664481163025,0.5000001249999375,0.7692307233810425,0.4615384340286255,0.5384615063667297
1,1,0.9999997500000625,0.49999988079071045,0.2500000624999844,0.7692307233810425,0.38461536169052124,0.307692289352417
1,1,0.0,0.9999995231628418,1.0,0.8461537957191467,0.5384615063667297,0.6923076510429382
1,1,0.0,0.9999997615814209,1.0,0.8571427464485168,0.4285713732242584,0.4285713732242584
1,1,0.0,0.9999997615814209,1.0,0.7142856121063232,0.7142856121063232,0.4285713732242584
1,1,0.49999987500003124,0.49999988079071045,0.5000001249999375,0.8571427464485168,0.7142856121063232,0.5714284777641296
1,1,0.49999987500003124,0.49999988079071045,0.5000001249999375,0.8571427464485168,0.7142856121063232,0.5714284777641296
1,1,0.49999987500003124,0.49999988079071045,0.5000001249999375,0.5714284777641296,0.7142856121063232,0.2857142388820648
1,1,0.0,0.0,1.0,0.8749998807907104,0.7499999403953552,0.8749998807907104
1,1,0.0,0.0,1.0,0.4999999403953552,0.4999999403953552,0.4999999403953552
1,1,0.49999987500003124,0.9999995231628418,0.5000001249999375,0.8749998807907104,0.8749998807907104,0.4999999403953552
1,1,0.49999987500003124,0.9999995231628418,0.5000001249999375,0.8749998807907104,0.7499999403953552,0.7499999403953552
1,1,0.49999987500003124,0.9999995231628418,0.5000001249999375,0.4999999403953552,0.4999999403953552,0.4999999403953552
1,1,0.49999987500003124,0.6666664481163025,0.2500001249999375,0.4999999403953552,0.3749999701976776,0.3749999701976776
1,1,0.0,0.9999995231628418,1.0,0.4999999403953552,0.3749999701976776,0.3749999701976776
1,1,0.49999987500003124,0.6666664481163025,0.2500001249999375,0.7499999403953552,0.2499999701976776,0.7499999403953552
1,1,0.0,0.9999995231628418,1.0,0.9999998807907104,0.7499999403953552,0.8749998807907104
1,1,0.0,0.9999995231628418,1.0,0.4999999403953552,0.3749999701976776,0.3749999701976776
1,1,0.0,0.9999995231628418,1.0,0.666666567325592,0.555555522441864,0.666666567325592
1,1,0.49999987500003124,0.6666664481163025,0.2500001249999375,0.7777776718139648,0.7777776718139648,0.666666567325592
1,1,0.49999987500003124,0.6666664481163025,0.5000001249999375,0.7777776718139648,0.666666567325592,0.333333283662796
1,1,0.9999997500000625,0.49999988079071045,0.2500000624999844,0.555555522441864,0.7777776718139648,0.333333283662796
1,1,0.0,0.9999995231628418,1.0,0.666666567325592,0.666666567325592,0.555555522441864
1,1,0.0,0.9999995231628418,1.0,0.8571427464485168,0.4285713732242584,0.4285713732242584
1,1,0.0,0.9999995231628418,1.0,0.4285713732242584,0.5714284777641296,0.4285713732242584
1,1,0.49999987500003124,0.6666664481163025,0.5000001249999375,0.5714284777641296,0.8571427464485168,0.4285713732242584
1,1,0.49999987500003124,0.0,0.5000001249999375,0.8571427464485168,0.8571427464485168,0.8571427464485168
1,1,0.49999987500003124,0.0,0.5000001249999375,0.5714284777641296,0.5714284777641296,0.4285713732242584
1,1,0.49999987500003124,0.6666664481163025,0.5000001249999375,0.9999998807907104,0.3749999701976776,0.4999999403953552
1,1,0.0,0.9999995231628418,1.0,0.7499999403953552,0.6249999403953552,0.4999999403953552
1,1,0.0,0.9999995231628418,1.0,0.6249999403953552,0.7499999403953552,0.6249999403953552
1,1,0.0,0.9999995231628418,1.0,0.9999998807907104,0.4999999403953552,0.7499999403953552
1,1,0.49999987500003124,0.6666664481163025,0.5000001249999375,0.7499999403953552,0.6249999403953552,0.7499999403953552
1,1,0.49999987500003124,0.49999988079071045,0.5000001249999375,0.9999998807907104,0.4999999403953552,0.6999999284744263
1,1,0.49999987500003124,0.49999988079071045,0.5000001249999375,0.7999999523162842,0.5999999642372131,0.4999999403953552
1,1,0.0,0.9999997615814209,1.0,0.8999999165534973,0.5999999642372131,0.5999999642372131
1,1,0.49999987500003124,0.49999988079071045,0.5000001249999375,0.9999998807907104,0.6999999284744263,0.4999999403953552
1,1,0.49999987500003124,0.49999988079071045,0.2500001249999375,0.7999999523162842,0.7999999523162842,0.3999999761581421
1,1,0.49999987500003124,0.9999995231628418,0.2500001249999375,0.4999999403953552,0.4999999403953552,0.3749999701976776
1,1,0.0,0.0,1.0,0.4999999403953552,0.3749999701976776,0.2499999701976776
1,1,0.49999987500003124,0.9999995231628418,0.2500001249999375,0.7499999403953552,0.2499999701976776,0.8749998807907104
1,1,0.0,0.0,1.0,0.8749998807907104,0.7499999403953552,0.7499999403953552
1,1,0.0,0.0,1.0,0.4999999403953552,0.3749999701976776,0.3749999701976776
1,1,0.0,0.9999997615814209,1.0,0.666666567325592,0.7777776718139648,0.555555522441864
1,1,0.49999987500003124,0.49999988079071045,0.2500001249999375,0.7777776718139648,0.666666567325592,0.555555522441864
1,1,0.0,0.9999997615814209,1.0,0.666666567325592,0.8888887763023376,0.4444443881511688
1,1,0.0,0.9999997615814209,1.0,0.7777776718139648,0.4444443881511688,0.555555522441864
1,1,0.49999987500003124,0.49999988079071045,0.2500001249999375,0.7777776718139648,0.666666567325592,0.555555522441864
1,1,0.49999987500003124,0.49999988079071045,0.2500001249999375,0.4999999701976776,0.8333332538604736,0.0833333283662796
1,1,0.0,0.9999997615814209,1.0,0.8333332538604736,0.6666666269302368,0.5833333134651184
1,1,0.0,0.9999997615814209,1.0,0.7499999403953552,0.4999999701976776,0.5833333134651184
1,1,0.49999987500003124,0.49999988079071045,0.5000001249999375,0.6666666269302368,0.7499999403953552,0.2499999850988388
1,1,0.49999987500003124,0.49999988079071045,0.5000001249999375,0.9999999403953552,0.6666666269302368,0.916666567325592
1,1,0.49999987500003124,0.6666664481163025,0.5000001249999375,0.4999999701976776,0.5833333134651184,0.2499999850988388
1,1,0.0,0.9999995231628418,1.0,0.8333332538604736,0.5833333134651184,0.5833333134651184
1,1,0.0,0.9999995231628418,1.0,0.8333332538604736,0.4166666269302368,0.6666666269302368
1,1,0.0,0.9999995231628418,1.0,0.8333332538604736,0.4166666269302368,0.4166666269302368
1,1,0.49999987500003124,0.6666664481163025,0.5000001249999375,0.7499999403953552,0.5833333134651184,0.6666666269302368
1,1,0.49999987500003124,0.6666664481163025,0.2500001249999375,0.4999999403953552,0.6249999403953552,0.1249999850988388
1,1,0.49999987500003124,0.6666664481163025,0.2500001249999375,0.8749998807907104,0.8749998807907104,0.8749998807907104
1,1,0.0,0.9999995231628418,1.0,0.6249999403953552,0.3749999701976776,0.3749999701976776
1,1,0.0,0.9999995231628418,1.0,0.7499999403953552,0.6249999403953552,0.4999999403953552
1,1,0.0,0.9999995231628418,1.0,0.9999998807907104,0.6249999403953552,0.6249999403953552
1,1,0.49999987500003124,0.6666664481163025,0.2500001249999375,0.7499999403953552,0.5833333134651184,0.4166666269302368
1,1,0.0,0.9999995231628418,1.0,0.7499999403953552,0.4999999701976776,0.4999999701976776
1,1,0.0,0.9999995231628418,1.0,0.7499999403953552,0.5833333134651184,0.5833333134651184
1,1,0.49999987500003124,0.6666664481163025,0.2500001249999375,0.7499999403953552,0.6666666269302368,0.4166666269302368
1,1,0.49999987500003124,0.6666664481163025,0.5000001249999375,0.916666567325592,0.3333333134651184,0.6666666269302368
1,1,0.0,0.9999995231628418,1.0,0.8888887763023376,0.333333283662796,0.7777776718139648
1,1,0.49999987500003124,0.6666664481163025,0.2500001249999375,0.7777776718139648,0.7777776718139648,0.7777776718139648
1,1,0.49999987500003124,0.0,0.5000001249999375,0.666666567325592,0.555555522441864,0.4444443881511688
1,1,0.9999997500000625,0.49999988079071045,0.2500000624999844,0.8888887763023376,0.4444443881511688,0.2222221940755844
1,1,0.0,0.9999995231628418,1.0,0.8888887763023376,0.4444443881511688,0.4444443881511688
1,1,0.7499998125000469,0.33333322405815125,0.5000000456214295,0.7499999403953552,0.6249999403953552,0.4999999403953552
1,1,0.49999987500003124,0.6666664481163025,0.2500001249999375,0.8749998807907104,0.3749999701976776,0.7499999403953552
1,1,0.49999987500003124,0.6666664481163025,0.2500001249999375,0.4999999403953552,0.7499999403953552,0.6249999403953552
1,1,0.0,0.9999995231628418,1.0,0.7499999403953552,0.6249999403953552,0.4999999403953552
1,1,0.0,0.9999995231628418,1.0,0.7499999403953552,0.6249999403953552,0.4999999403953552
1,1,0.49999987500003124,0.6666664481163025,0.5000001249999375,0.6999999284744263,0.5999999642372131,0.29999998211860657
1,1,0.0,0.9999995231628418,1.0,0.7999999523162842,0.5999999642372131,0.4999999403953552
1,1,0.0,0.9999995231628418,1.0,0.5999999642372131,0.4999999403953552,0.3999999761581421
1,1,0.0,0.9999995231628418,1.0,0.4999999403953552,0.29999998211860657,0.3999999761581421
1,1,0.49999987500003124,0.0,0.5000001249999375,0.6999999284744263,0.3999999761581421,0.6999999284744263
1,1,0.49999987500003124,0.6666664481163025,0.2500001249999375,0.7499999403953552,0.8749998807907104,0.6249999403953552
1,1,0.0,0.9999995231628418,1.0,0.8749998807907104,0.7499999403953552,0.7499999403953552
1,1,0.49999987500003124,0.6666664481163025,0.2500001249999375,0.7499999403953552,0.4999999403953552,0.6249999403953552
1,1,0.0,0.9999995231628418,1.0,0.7499999403953552,0.6249999403953552,0.6249999403953552
1,1,0.0,0.9999995231628418,1.0,0.6249999403953552,0.4999999403953552,0.3749999701976776
1,1,0.49999987500003124,0.33333322405815125,0.2500001249999375,0.4999999403953552,0.6249999403953552,0.2499999701976776
1,1,0.49999987500003124,0.7499998211860657,0.2500001249999375,0.9999998807907104,0.8749998807907104,0.9999998807907104
1,1,0.0,0.9999997019767761,1.0,0.7499999403953552,0.3749999701976776,0.4999999403953552
1,1,0.0,0.9999997019767761,1.0,0.6249999403953552,0.6249999403953552,0.3749999701976776
1,1,0.0,0.9999997019767761,1.0,0.9999998807907104,0.6249999403953552,0.7499999403953552
1,1,0.49999987500003124,0.6666664481163025,0.2500001249999375,0.555555522441864,0.555555522441864,0.4444443881511688
1,1,0.0,0.9999995231628418,1.0,0.9999998807907104,0.666666567325592,0.4444443881511688
1,1,0.49999987500003124,0.6666664481163025,0.2500001249999375,0.555555522441864,0.333333283662796,0.4444443881511688
1,1,0.0,0.9999995231628418,1.0,0.7777776718139648,0.666666567325592,0.333333283662796
1,1,0.0,0.9999995231628418,1.0,0.555555522441864,0.4444443881511688,0.555555522441864
1,1,0.0,0.9999995231628418,1.0,0.7272726893424988,0.5454545021057129,0.45454540848731995
1,1,0.0,0.9999995231628418,1.0,0.8181817531585693,0.6363635659217834,0.3636363446712494
1,1,0.0,0.9999995231628418,1.0,0.5454545021057129,0.6363635659217834,0.5454545021057129
1,1,0.0,0.9999995231628418,1.0,0.7272726893424988,0.7272726893424988,0.6363635659217834
1,1,0.49999987500003124,0.9999997615814209,0.2500001249999375,0.6363635659217834,0.6363635659217834,0.6363635659217834
1,1,0.49999987500003124,0.0,0.5000001249999375,0.8461537957191467,0.615384578704834,0.38461536169052124
1,1,0.0,0.9999995231628418,1.0,0.8461537957191467,0.4615384340286255,0.4615384340286255
1,1,0.0,0.9999995231628418,1.0,0.8461537957191467,0.615384578704834,0.6923076510429382
1,1,0.0,0.9999995231628418,1.0,0.5384615063667297,0.7692307233810425,0.4615384340286255
1,1,0.49999987500003124,0.6666664481163025,0.5000001249999375,0.7692307233810425,0.4615384340286255,0.6923076510429382
1,1,0.0,0.9999995231628418,1.0,0.7692307233810425,0.7692307233810425,0.38461536169052124
1,1,0.49999987500003124,0.6666664481163025,0.2500001249999375,0.6923076510429382,0.307692289352417,0.5384615063667297
1,1,0.0,0.9999995231628418,1.0,0.8461537957191467,0.615384578704834,0.615384578704834
1,1,0.0,0.9999995231628418,1.0,0.8461537957191467,0.8461537957191467,0.615384578704834
1,1,0.0,0.9999995231628418,1.0,0.615384578704834,0.5384615063667297,0.5384615063667297
1,1,0.49999987500003124,0.0,0.2500001249999375,0.7857142090797424,0.5714285373687744,0.5714285373687744
1,1,0.0,0.9999995231628418,1.0,0.7857142090797424,0.6428570747375488,0.4999999701976776
1,1,0.0,0.9999995231628418,1.0,0.6428570747375488,0.4999999701976776,0.4285714030265808
1,1,0.49999987500003124,0.0,0.2500001249999375,0.5714285373687744,0.7857142090797424,0.2857142686843872
1,1,0.49999987500003124,0.6666664481163025,0.5000001249999375,0.7857142090797424,0.4999999701976776,0.4999999701976776
1,1,0.49999987500003124,0.9999997615814209,0.2500001249999375,0.7499999403953552,0.3749999701976776,0.4999999403953552
1,1,0.0,0.9999995231628418,1.0,0.8749998807907104,0.7499999403953552,0.3749999701976776
1,1,0.49999987500003124,0.9999997615814209,0.2500001249999375,0.6249999403953552,0.6249999403953552,0.6249999403953552
1,1,0.0,0.9999995231628418,1.0,0.8749998807907104,0.6249999403953552,0.4999999403953552
1,1,0.0,0.9999995231628418,1.0,0.6249999403953552,0.6249999403953552,0.3749999701976776
1,1,0.0,0.9999997615814209,1.0,0.9090908169746399,0.45454540848731995,0.6363635659217834
1,1,0.49999987500003124,0.49999988079071045,0.2500001249999375,0.8181817531585693,0.5454545021057129,0.8181817531585693
1,1,0.49999987500003124,0.49999988079071045,0.5000001249999375,0.8181817531585693,0.45454540848731995,0.45454540848731995
1,1,0.9999997500000625,0.0,0.2500000624999844,0.8181817531585693,0.7272726893424988,0.45454540848731995
1,1,0.0,0.9999997615814209,1.0,0.8181817531585693,0.6363635659217834,0.45454540848731995
1,1,0.49999987500003124,0.0,0.2500001249999375,0.6666666269302368,0.6249999403953552,0.458333283662796
1,1,0.49999987500003124,0.9999997615814209,0.2500001249999375,0.916666567325592,0.7499999403953552,0.5416666269302368
1,1,0.0,0.9999995231628418,1.0,0.7083332538604736,0.4166666269302368,0.458333283662796
1,1,0.0,0.9999995231628418,1.0,0.7083332538604736,0.5833333134651184,0.4166666269302368
1,1,0.0,0.9999995231628418,1.0,0.7083332538604736,0.6249999403953552,0.5833333134651184
1,1,0.0,0.9999995231628418,1.0,0.8571427464485168,0.5714284777641296,0.7142856121063232
1,1,0.0,0.9999995231628418,1.0,0.7142856121063232,0.5714284777641296,0.5714284777641296
1,1,0.49999987500003124,0.6666664481163025,0.5000001249999375,0.7142856121063232,0.9999998807907104,0.5714284777641296
1,1,0.49999987500003124,0.9999997615814209,0.5000001249999375,0.5714284777641296,0.8571427464485168,0.7142856121063232
1,1,0.49999987500003124,0.9999997615814209,0.5000001249999375,0.5714284777641296,0.2857142388820648,0.5714284777641296
1,1,0.0,0.9999995231628418,1.0,0.7272726893424988,0.4999999701976776,0.4999999701976776
1,1,0.0,0.9999995231628418,1.0,0.7727271914482117,0.6363635659217834,0.4999999701976776
1,1,0.0,0.9999995231628418,1.0,0.7272726893424988,0.7727271914482117,0.5909090638160706
1,1,0.0,0.9999995231628418,1.0,0.6818181276321411,0.5909090638160706,0.4999999701976776
1,1,0.49999987500003124,0.6666664481163025,0.2500001249999375,0.7727271914482117,0.45454540848731995,0.5454545021057129
1,1,0.49999987500003124,0.6666664481163025,0.2500001249999375,0.7499999403953552,0.6666666269302368,0.4166666269302368
1,1,0.0,0.9999995231628418,1.0,0.7499999403953552,0.5833333134651184,0.4999999701976776
1,1,0.49999987500003124,0.6666664481163025,0.2500001249999375,0.7499999403953552,0.4999999701976776,0.4999999701976776
1,1,0.0,0.9999995231628418,1.0,0.8333332538604736,0.7499999403953552,0.4999999701976776
1,1,0.0,0.9999995231628418,1.0,0.8333332538604736,0.6666666269302368,0.5833333134651184
1,1,0.0,0.9999995231628418,1.0,0.8181817531585693,0.6363635659217834,0.5909090638160706
1,1,0.0,0.9999995231628418,1.0,0.6363635659217834,0.7272726893424988,0.5454545021057129
1,1,0.0,0.9999995231628418,1.0,0.7727271914482117,0.4999999701976776,0.45454540848731995
1,1,0.0,0.9999995231628418,1.0,0.7272726893424988,0.45454540848731995,0.3636363446712494
1,1,0.7499998125000469,0.33333322405815125,0.3333333888888703,0.8181817531585693,0.7272726893424988,0.4999999701976776
1,1,0.0,0.9999995231628418,1.0,0.7777776718139648,0.611111044883728,0.4999999403953552
1,1,0.0,0.9999995231628418,1.0,0.611111044883728,0.611111044883728,0.4444443881511688
1,1,0.0,0.9999995231628418,1.0,0.7777776718139648,0.4444443881511688,0.4444443881511688
1,1,0.0,0.9999995231628418,1.0,0.7777776718139648,0.4444443881511688,0.4444443881511688
1,1,0.7499998125000469,0.7499998211860657,0.3333333888888703,0.8888887763023376,0.7777776718139648,0.4999999403953552
1,1,0.0,0.9999995231628418,1.0,0.7058822512626648,0.5882351994514465,0.29411759972572327
1,1,0.49999987500003124,0.6666664481163025,0.2500001249999375,0.8235293030738831,0.5882351994514465,0.7058822512626648
1,1,0.0,0.9999995231628418,1.0,0.7647057771682739,0.5294117331504822,0.5882351994514465
1,1,0.0,0.9999995231628418,1.0,0.7058822512626648,0.5882351994514465,0.6470587253570557
1,1,0.0,0.9999995231628418,1.0,0.7058822512626648,0.7647057771682739,0.5882351994514465
1,1,0.49999987500003124,0.6666664481163025,0.2500001249999375,0.6521738767623901,0.6086956262588501,0.3913043141365051
1,1,0.0,0.9999995231628418,1.0,0.7391303777694702,0.5217390656471252,0.3913043141365051
1,1,0.49999987500003124,0.6666664481163025,0.2500001249999375,0.6521738767623901,0.43478256464004517,0.4782608151435852
1,1,0.0,0.9999995231628418,1.0,0.8695651292800903,0.6956521272659302,0.5217390656471252
1,1,0.0,0.9999995231628418,1.0,0.6956521272659302,0.5217390656471252,0.4782608151435852
1,1,0.49999987500003124,0.49999988079071045,0.5000001249999375,0.8999999165534973,0.29999998211860657,0.3999999761581421
1,1,0.0,0.9999997615814209,1.0,0.6999999284744263,0.5999999642372131,0.4999999403953552
1,1,0.0,0.9999997615814209,1.0,0.7999999523162842,0.6999999284744263,0.6999999284744263
1,1,0.0,0.9999997615814209,1.0,0.8999999165534973,0.29999998211860657,0.6999999284744263
1,1,0.49999987500003124,0.49999988079071045,0.5000001249999375,0.6999999284744263,0.4999999403953552,0.4999999403953552
1,1,0.7499998125000469,0.24999994039535522,0.5000000456214295,0.555555522441864,0.555555522441864,0.2222221940755844
1,1,0.49999987500003124,0.49999988079071045,0.2500001249999375,0.8888887763023376,0.333333283662796,0.8888887763023376
1,1,0.49999987500003124,0.49999988079071045,0.2500001249999375,0.7777776718139648,0.333333283662796,0.555555522441864
1,1,0.0,0.9999997615814209,1.0,0.8888887763023376,0.7777776718139648,0.555555522441864
1,1,0.0,0.9999997615814209,1.0,0.7777776718139648,0.666666567325592,0.333333283662796
1,1,0.0,0.9999995231628418,1.0,0.5999999046325684,0.3999999165534973,0.3999999165534973
1,1,0.0,0.9999995231628418,1.0,0.7999998331069946,0.7999998331069946,0.3999999165534973
1,1,0.49999987500003124,0.6666664481163025,0.2500001249999375,0.9999998211860657,0.7999998331069946,0.5999999046325684
1,1,0.0,0.9999995231628418,1.0,0.9999998211860657,0.19999995827674866,0.3999999165534973
1,1,0.49999987500003124,0.9999997615814209,0.5000001249999375,0.7999998331069946,0.5999999046325684,0.3999999165534973
1,1,0.49999987500003124,0.49999988079071045,0.2500001249999375,0.7999999523162842,0.5999999642372131,0.4999999403953552
1,1,0.0,0.9999997615814209,1.0,0.7999999523162842,0.5999999642372131,0.19999998807907104
1,1,0.49999987500003124,0.49999988079071045,0.2500001249999375,0.7999999523162842,0.4999999403953552,0.7999999523162842
1,1,0.0,0.9999997615814209,1.0,0.7999999523162842,0.5999999642372131,0.4999999403953552
1,1,0.0,0.9999997615814209,1.0,0.4999999403953552,0.5999999642372131,0.3999999761581421
1,1,0.0,0.9999995231628418,1.0,0.8260868787765503,0.5217390656471252,0.5217390656471252
1,1,0.49999987500003124,0.9999997615814209,0.2500001249999375,0.8260868787765503,0.6521738767623901,0.6521738767623901
1,1,0.49999987500003124,0.6666664481163025,0.5000001249999375,0.9130433797836304,0.6086956262588501,0.43478256464004517
1,1,0.9999997500000625,0.49999988079071045,0.2500000624999844,0.7826086282730103,0.6956521272659302,0.30434781312942505
1,1,0.0,0.9999995231628418,1.0,0.8260868787765503,0.6521738767623901,0.6956521272659302
1,1,0.0,0.9999997019767761,1.0,0.5714284777641296,0.8571427464485168,0.5714284777641296
1,1,0.0,0.9999997019767761,1.0,0.5714284777641296,0.7142856121063232,0.5714284777641296
1,1,0.49999987500003124,0.7499998211860657,0.5000001249999375,0.8571427464485168,0.9999998807907104,0.5714284777641296
1,1,0.49999987500003124,0.33333322405815125,0.5000001249999375,0.5714284777641296,0.7142856121063232,0.2857142388820648
1,1,0.49999987500003124,0.33333322405815125,0.5000001249999375,0.7142856121063232,0.8571427464485168,0.5714284777641296
1,1,0.0,0.9999995231628418,1.0,0.8571427464485168,0.4285713732242584,0.5714284777641296
1,1,0.0,0.9999995231628418,1.0,0.5714284777641296,0.8571427464485168,0.5714284777641296
1,1,0.0,0.9999995231628418,1.0,0.8571427464485168,0.5714284777641296,0.5714284777641296
1,1,0.0,0.9999995231628418,1.0,0.9999998807907104,0.4285713732242584,0.8571427464485168
1,1,0.7499998125000469,0.7499998211860657,0.3333333888888703,0.7142856121063232,0.9999998807907104,0.5714284777641296
1,1,0.0,0.9999995231628418,1.0,0.4285713732242584,0.7142856121063232,0.5714284777641296
1,1,0.0,0.9999995231628418,1.0,0.7142856121063232,0.5714284777641296,0.7142856121063232
1,1,0.49999987500003124,0.9999997615814209,0.5000001249999375,0.9999998807907104,0.9999998807907104,0.8571427464485168
1,1,0.49999987500003124,0.6666664481163025,0.5000001249999375,0.8571427464485168,0.7142856121063232,0.7142856121063232
1,1,0.49999987500003124,0.6666664481163025,0.5000001249999375,0.5714284777641296,0.5714284777641296,0.5714284777641296
1,1,0.7499998125000469,0.9999997019767761,0.5000000456214295,0.7499999403953552,0.5833333134651184,0.4999999701976776
1,1,0.49999987500003124,0.9999995231628418,0.2500001249999375,0.5833333134651184,0.4166666269302368,0.4166666269302368
1,1,0.49999987500003124,0.9999995231628418,0.2500001249999375,0.7499999403953552,0.4166666269302368,0.5833333134651184
1,1,0.0,0.0,1.0,0.8333332538604736,0.4999999701976776,0.6666666269302368
1,1,0.0,0.0,1.0,0.6666666269302368,0.4166666269302368,0.2499999850988388
1,1,0.49999987500003124,0.9999997615814209,0.2500001249999375,0.8571427464485168,0.4285713732242584,0.5714284777641296
1,1,0.0,0.9999995231628418,1.0,0.8571427464485168,0.7142856121063232,0.5714284777641296
1,1,0.49999987500003124,0.6666664481163025,0.2500001249999375,0.7142856121063232,0.5714284777641296,0.7142856121063232
1,1,0.0,0.9999995231628418,1.0,0.7142856121063232,0.5714284777641296,0.4285713732242584
1,1,0.0,0.9999995231628418,1.0,0.4285713732242584,0.4285713732242584,0.4285713732242584
1,1,0.49999987500003124,0.49999988079071045,0.2500001249999375,0.7142856121063232,0.7142856121063232,0.7142856121063232
1,1,0.49999987500003124,0.49999988079071045,0.2500001249999375,0.8571427464485168,0.7142856121063232,0.4285713732242584
1,1,0.0,0.9999997615814209,1.0,0.8571427464485168,0.7142856121063232,0.5714284777641296
1,1,0.0,0.9999997615814209,1.0,0.4285713732242584,0.7142856121063232,0.2857142388820648
1,1,0.0,0.9999997615814209,1.0,0.8571427464485168,0.4285713732242584,0.8571427464485168
1,1,0.0,0.9999997019767761,1.0,0.8461537957191467,0.615384578704834,0.6923076510429382
1,1,0.49999987500003124,0.7499998211860657,0.5000001249999375,0.8461537957191467,0.615384578704834,0.615384578704834
1,1,0.0,0.9999997019767761,1.0,0.7692307233810425,0.5384615063667297,0.5384615063667297
1,1,0.49999987500003124,0.7499998211860657,0.2500001249999375,0.8461537957191467,0.4615384340286255,0.5384615063667297
1,1,0.0,0.9999997019767761,1.0,0.9999999403953552,0.7692307233810425,0.615384578704834
1,1,0.49999987500003124,0.6666664481163025,0.5000001249999375,0.666666567325592,0.49999991059303284,0.8333331942558289
1,1,0.49999987500003124,0.6666664481163025,0.5000001249999375,0.666666567325592,0.666666567325592,0.666666567325592
1,1,0.0,0.9999995231628418,1.0,0.8333331942558289,0.49999991059303284,0.8333331942558289
1,1,0.49999987500003124,0.0,0.5000001249999375,0.666666567325592,0.333333283662796,0.166666641831398
1,1,0.49999987500003124,0.6666664481163025,0.2500001249999375,0.666666567325592,0.666666567325592,0.49999991059303284
1,1,0.0,0.9999997019767761,1.0,0.8333331942558289,0.8333331942558289,0.666666567325592
1,1,0.49999987500003124,0.33333322405815125,0.2500001249999375,0.9999998211860657,0.333333283662796,0.666666567325592
1,1,0.7499998125000469,0.49999988079071045,0.3333333888888703,0.8333331942558289,0.333333283662796,0.49999991059303284
1,1,0.0,0.9999997019767761,1.0,0.9999998211860657,0.166666641831398,0.333333283662796
1,1,0.49999987500003124,0.33333322405815125,0.2500001249999375,0.8333331942558289,0.666666567325592,0.666666567325592
1,1,0.0,0.9999997019767761,1.0,0.7499999403953552,0.4999999701976776,0.5833333134651184
1,1,0.0,0.9999997019767761,1.0,0.5833333134651184,0.8333332538604736,0.4166666269302368
1,1,0.0,0.9999997019767761,1.0,0.916666567325592,0.4999999701976776,0.4999999701976776
1,1,0.0,0.9999997019767761,1.0,0.8333332538604736,0.4999999701976776,0.3333333134651184
1,1,0.7499998125000469,0.49999988079071045,0.3333333888888703,0.8333332538604736,0.5833333134651184,0.6666666269302368
1,1,0.0,0.9999995231628418,1.0,0.666666567325592,0.49999991059303284,0.8333331942558289
1,1,0.7499998125000469,0.33333322405815125,0.3333333888888703,0.8333331942558289,0.49999991059303284,0.166666641831398
1,1,0.0,0.9999995231628418,1.0,0.8333331942558289,0.8333331942558289,0.8333331942558289
1,1,0.0,0.9999995231628418,1.0,0.666666567325592,0.49999991059303284,0.666666567325592
1,1,0.7499998125000469,0.33333322405815125,0.5000000456214295,0.9999998211860657,0.8333331942558289,0.666666567325592
1,1,0.0,0.9999995231628418,1.0,0.9999998807907104,0.7499999403953552,0.7499999403953552
1,1,0.49999987500003124,0.6666664481163025,0.2500001249999375,0.6249999403953552,0.4999999403953552,0.3749999701976776
1,1,0.7499998125000469,0.7499998211860657,0.3333333888888703,0.6249999403953552,0.2499999701976776,0.6249999403953552
1,1,0.0,0.9999995231628418,1.0,0.9999998807907104,0.4999999403953552,0.7499999403953552
1,1,0.49999987500003124,0.6666664481163025,0.2500001249999375,0.7499999403953552,0.6249999403953552,0.4999999403953552
1,1,0.0,0.9999997615814209,1.0,0.7142856121063232,0.7142856121063232,0.5714284777641296
1,1,0.0,0.9999997615814209,1.0,0.7142856121063232,0.8571427464485168,0.7142856121063232
1,1,0.0,0.9999997615814209,1.0,0.7142856121063232,0.5714284777641296,0.5714284777641296
1,1,0.0,0.9999997615814209,1.0,0.5714284777641296,0.7142856121063232,0.4285713732242584
1,1,0.7499998125000469,0.24999994039535522,0.3333333888888703,0.8571427464485168,0.7142856121063232,0.7142856121063232
1,1,0.49999987500003124,0.0,0.2500001249999375,0.555555522441864,0.4444443881511688,0.4444443881511688
1,1,0.49999987500003124,0.9999997615814209,0.2500001249999375,0.9999998807907104,0.7777776718139648,0.666666567325592
1,1,0.0,0.9999995231628418,1.0,0.7777776718139648,0.666666567325592,0.555555522441864
1,1,0.0,0.9999995231628418,1.0,0.666666567325592,0.555555522441864,0.4444443881511688
1,1,0.0,0.9999995231628418,1.0,0.7777776718139648,0.555555522441864,0.555555522441864
1,1,0.0,0.9999995231628418,1.0,0.8888887763023376,0.4444443881511688,0.666666567325592
1,1,0.49999987500003124,0.6666664481163025,0.2500001249999375,0.8888887763023376,0.666666567325592,0.8888887763023376
1,1,0.49999987500003124,0.6666664481163025,0.5000001249999375,0.8888887763023376,0.666666567325592,0.4444443881511688
1,1,0.9999997500000625,0.49999988079071045,0.2500000624999844,0.555555522441864,0.555555522441864,0.4444443881511688
1,1,0.0,0.9999995231628418,1.0,0.555555522441864,0.555555522441864,0.4444443881511688
1,1,0.49999987500003124,0.49999988079071045,0.5000001249999375,0.8999999165534973,0.5999999642372131,0.3999999761581421
1,1,0.0,0.9999997615814209,1.0,0.8999999165534973,0.4999999403953552,0.4999999403953552
1,1,0.0,0.9999997615814209,1.0,0.9999998807907104,0.6999999284744263,0.6999999284744263
1,1,0.0,0.9999997615814209,1.0,0.5999999642372131,0.7999999523162842,0.3999999761581421
1,1,0.49999987500003124,0.49999988079071045,0.5000001249999375,0.7999999523162842,0.4999999403953552,0.5999999642372131
1,1,0.0,0.9999997019767761,1.0,0.8749998807907104,0.6249999403953552,0.6249999403953552
1,1,0.49999987500003124,0.7499998211860657,0.5000001249999375,0.7499999403953552,0.3749999701976776,0.3749999701976776
1,1,0.0,0.9999997019767761,1.0,0.8749998807907104,0.4999999403953552,0.4999999403953552
1,1,0.0,0.9999997019767761,1.0,0.7499999403953552,0.4999999403953552,0.4999999403953552
1,1,0.49999987500003124,0.33333322405815125,0.2500001249999375,0.6249999403953552,0.4999999403953552,0.4999999403953552
1,1,0.49999987500003124,0.33333322405815125,0.5000001249999375,0.666666567325592,0.666666567325592,0.49999991059303284
1,1,0.0,0.9999997019767761,1.0,0.8333331942558289,0.49999991059303284,0.49999991059303284
1,1,0.49999987500003124,0.7499998211860657,0.2500001249999375,0.8333331942558289,0.8333331942558289,0.49999991059303284
1,1,0.0,0.9999997019767761,1.0,0.666666567325592,0.49999991059303284,0.333333283662796
1,1,0.0,0.9999997019767761,1.0,0.8333331942558289,0.333333283662796,0.666666567325592
1,1,0.7499998125000469,0.24999994039535522,0.5000000456214295,0.8888887763023376,0.555555522441864,0.333333283662796
1,1,0.49999987500003124,0.49999988079071045,0.2500001249999375,0.7777776718139648,0.555555522441864,0.555555522441864
1,1,0.49999987500003124,0.49999988079071045,0.2500001249999375,0.555555522441864,0.555555522441864,0.555555522441864
1,1,0.0,0.9999997615814209,1.0,0.7777776718139648,0.555555522441864,0.555555522441864
1,1,0.0,0.9999997615814209,1.0,0.7777776718139648,0.555555522441864,0.333333283662796
1,1,0.0,0.9999995231628418,1.0,0.7692307233810425,0.6923076510429382,0.6923076510429382
1,1,0.49999987500003124,0.0,0.5000001249999375,0.923076868057251,0.7692307233810425,0.4615384340286255
1,1,0.0,0.9999995231628418,1.0,0.8461537957191467,0.4615384340286255,0.4615384340286255
1,1,0.49999987500003124,0.6666664481163025,0.2500001249999375,0.6923076510429382,0.6923076510429382,0.5384615063667297
1,1,0.0,0.9999995231628418,1.0,0.7692307233810425,0.8461537957191467,0.6923076510429382
1,1,0.49999987500003124,0.7499998211860657,0.5000001249999375,0.9999998211860657,0.7999998331069946,0.5999999046325684
1,1,0.49999987500003124,0.7499998211860657,0.5000001249999375,0.5999999046325684,0.7999998331069946,0.7999998331069946
1,1,0.0,0.9999997019767761,1.0,0.7999998331069946,0.7999998331069946,0.5999999046325684
1,1,0.49999987500003124,0.33333322405815125,0.5000001249999375,0.9999998211860657,0.7999998331069946,0.7999998331069946
1,1,0.49999987500003124,0.33333322405815125,0.2500001249999375,0.9999998211860657,0.5999999046325684,0.7999998331069946
1,1,0.0,0.9999997019767761,1.0,0.6249999403953552,0.7499999403953552,0.6249999403953552
1,1,0.49999987500003124,0.33333322405815125,0.5000001249999375,0.7499999403953552,0.3749999701976776,0.3749999701976776
1,1,0.0,0.9999997019767761,1.0,0.4999999403953552,0.4999999403953552,0.3749999701976776
1,1,0.0,0.9999997019767761,1.0,0.7499999403953552,0.6249999403953552,0.6249999403953552
1,1,0.49999987500003124,0.7499998211860657,0.2500001249999375,0.7499999403953552,0.3749999701976776,0.4999999403953552
1,1,0.49999987500003124,0.9999995231628418,0.2500001249999375,0.8571427464485168,0.4285713732242584,0.2857142388820648
1,1,0.0,0.0,1.0,0.8571427464485168,0.7142856121063232,0.5714284777641296
1,1,0.0,0.0,1.0,0.8571427464485168,0.4285713732242584,0.7142856121063232
1,1,0.49999987500003124,0.9999995231628418,0.5000001249999375,0.8571427464485168,0.5714284777641296,0.5714284777641296
1,1,0.0,0.0,1.0,0.8571427464485168,0.4285713732242584,0.7142856121063232
1,1,0.49999987500003124,0.33333322405815125,0.2500001249999375,0.7777776718139648,0.4444443881511688,0.333333283662796
1,1,0.0,0.9999997019767761,1.0,0.7777776718139648,0.666666567325592,0.555555522441864
1,1,0.0,0.9999997019767761,1.0,0.8888887763023376,0.7777776718139648,0.333333283662796
1,1,0.49999987500003124,0.33333322405815125,0.5000001249999375,0.666666567325592,0.666666567325592,0.666666567325592
1,1,0.0,0.9999997019767761,1.0,0.7777776718139648,0.555555522441864,0.666666567325592
1,1,0.0,0.9999997019767761,1.0,0.49999991059303284,0.666666567325592,0.333333283662796
1,1,0.49999987500003124,0.33333322405815125,0.5000001249999375,0.666666567325592,0.49999991059303284,0.333333283662796
1,1,0.0,0.9999997019767761,1.0,0.8333331942558289,0.49999991059303284,0.49999991059303284
1,1,0.0,0.9999997019767761,1.0,0.49999991059303284,0.333333283662796,0.49999991059303284
1,1,0.49999987500003124,0.7499998211860657,0.2500001249999375,0.666666567325592,0.333333283662796,0.49999991059303284
1,1,0.49999987500003124,0.9999995231628418,0.2500001249999375,0.8947367668151855,0.5263157486915588,0.6315788626670837
1,1,0.0,0.0,1.0,0.8421051502227783,0.7894735932350159,0.5263157486915588
2,1,0.49999987500003124,0.9999995231628418,0.2500001249999375,0.666666567325592,0.666666567325592,0.333333283662796
2,1,0.9999997500000625,0.9999997615814209,0.7500000312499921,0.9999998807907104,0.9999998807907104,0.9999998807907104
2,1,0.0,0.0,1.0,0.8124998807907104,0.4374999403953552,0.7499999403953552
1,1,0.0,0.9999997019767761,1.0,0.8181817531585693,0.5454545021057129,0.6363635659217834
1,1,0.49999987500003124,0.33333322405815125,0.2500001249999375,0.9090908169746399,0.5454545021057129,0.5454545021057129
1,1,0.49999987500003124,0.7499998211860657,0.5000001249999375,0.8181817531585693,0.5454545021057129,0.3636363446712494
1,1,0.9999997500000625,0.24999994039535522,0.2500000624999844,0.7272726893424988,0.6363635659217834,0.1818181723356247
1,1,0.0,0.9999997019767761,1.0,0.9090908169746399,0.8181817531585693,0.7272726893424988
1,1,0.49999987500003124,0.9999997615814209,0.2500001249999375,0.555555522441864,0.4444443881511688,0.333333283662796
1,1,0.0,0.9999995231628418,1.0,0.8888887763023376,0.555555522441864,0.555555522441864
1,1,0.0,0.9999995231628418,1.0,0.555555522441864,0.7777776718139648,0.2222221940755844
1,1,0.49999987500003124,0.9999997615814209,0.2500001249999375,0.8888887763023376,0.666666567325592,0.333333283662796
1,1,0.49999987500003124,0.6666664481163025,0.5000001249999375,0.7777776718139648,0.666666567325592,0.555555522441864
1,1,0.0,0.9999997019767761,1.0,0.7499999403953552,0.6666666269302368,0.6666666269302368
1,1,0.49999987500003124,0.7499998211860657,0.5000001249999375,0.8333332538604736,0.7499999403953552,0.5833333134651184
1,1,0.0,0.9999997019767761,1.0,0.8333332538604736,0.4166666269302368,0.4999999701976776
1,1,0.49999987500003124,0.7499998211860657,0.2500001249999375,0.7499999403953552,0.7499999403953552,0.5833333134651184
1,1,0.0,0.9999997019767761,1.0,0.8333332538604736,0.6666666269302368,0.5833333134651184
1,1,0.49999987500003124,0.6666664481163025,0.5000001249999375,0.9999998807907104,0.6249999403953552,0.4999999403953552
1,1,0.0,0.9999995231628418,1.0,0.7499999403953552,0.4999999403953552,0.6249999403953552
1,1,0.0,0.9999995231628418,1.0,0.7499999403953552,0.4999999403953552,0.4999999403953552
1,1,0.0,0.9999995231628418,1.0,0.7499999403953552,0.7499999403953552,0.4999999403953552
1,1,0.49999987500003124,0.0,0.5000001249999375,0.6249999403953552,0.4999999403953552,0.6249999403953552
1,1,0.7499998125000469,0.33333322405815125,0.5000000456214295,0.7777776718139648,0.555555522441864,0.333333283662796
1,1,0.49999987500003124,0.6666664481163025,0.2500001249999375,0.8888887763023376,0.555555522441864,0.7777776718139648
1,1,0.49999987500003124,0.0,0.2500001249999375,0.666666567325592,0.4444443881511688,0.666666567325592
1,1,0.0,0.9999995231628418,1.0,0.333333283662796,0.8888887763023376,0.4444443881511688
1,1,0.0,0.9999995231628418,1.0,0.8888887763023376,0.7777776718139648,0.555555522441864
1,1,0.49999987500003124,0.7499998211860657,0.2500001249999375,0.5714284777641296,0.7142856121063232,0.1428571194410324
1,1,0.49999987500003124,0.33333322405815125,0.2500001249999375,0.8571427464485168,0.5714284777641296,0.4285713732242584
1,1,0.0,0.9999997019767761,1.0,0.7142856121063232,0.2857142388820648,0.5714284777641296
1,1,0.0,0.9999997019767761,1.0,0.8571427464485168,0.5714284777641296,0.4285713732242584
1,1,0.0,0.9999997019767761,1.0,0.5714284777641296,0.8571427464485168,0.7142856121063232
1,1,0.49999987500003124,0.0,0.2500001249999375,0.8999999165534973,0.4999999403953552,0.4999999403953552
1,1,0.7499998125000469,0.7499998211860657,0.5000000456214295,0.6999999284744263,0.7999999523162842,0.3999999761581421
1,1,0.49999987500003124,0.6666664481163025,0.2500001249999375,0.6999999284744263,0.6999999284744263,0.5999999642372131
1,1,0.0,0.9999995231628418,1.0,0.8999999165534973,0.5999999642372131,0.5999999642372131
1,1,0.49999987500003124,0.9999997615814209,0.2500001249999375,0.6999999284744263,0.4999999403953552,0.6999999284744263
1,1,0.0,0.9999995231628418,1.0,0.6363635659217834,0.7272726893424988,0.45454540848731995
1,1,0.0,0.9999995231628418,1.0,0.8181817531585693,0.45454540848731995,0.6363635659217834
1,1,0.0,0.9999995231628418,1.0,0.6363635659217834,0.6363635659217834,0.5454545021057129
1,1,0.0,0.9999995231628418,1.0,0.8181817531585693,0.7272726893424988,0.45454540848731995
1,1,0.49999987500003124,0.6666664481163025,0.2500001249999375,0.5454545021057129,0.6363635659217834,0.3636363446712494
1,1,0.0,0.0,1.0,0.7272726893424988,0.6363635659217834,0.45454540848731995
1,1,0.49999987500003124,0.9999995231628418,0.2500001249999375,0.8181817531585693,0.3636363446712494,0.9090908169746399
1,1,0.0,0.0,1.0,0.8181817531585693,0.5454545021057129,0.6363635659217834
1,1,0.0,0.0,1.0,0.8181817531585693,0.6363635659217834,0.5454545021057129
1,1,0.0,0.0,1.0,0.7272726893424988,0.6363635659217834,0.6363635659217834
1,1,0.49999987500003124,0.0,0.2500001249999375,0.8888887763023376,0.555555522441864,0.4444443881511688
1,1,0.0,0.9999995231628418,1.0,0.8888887763023376,0.555555522441864,0.4444443881511688
1,1,0.0,0.9999995231628418,1.0,0.555555522441864,0.666666567325592,0.555555522441864
1,1,0.49999987500003124,0.0,0.2500001249999375,0.4444443881511688,0.666666567325592,0.333333283662796
1,1,0.49999987500003124,0.6666664481163025,0.5000001249999375,0.8888887763023376,0.2222221940755844,0.555555522441864
1,1,0.49999987500003124,0.9999995231628418,0.2500001249999375,0.7999999523162842,0.6999999284744263,0.5999999642372131
1,1,0.0,0.0,1.0,0.8999999165534973,0.5999999642372131,0.5999999642372131
1,1,0.0,0.0,1.0,0.8999999165534973,0.3999999761581421,0.6999999284744263
1,1,0.49999987500003124,0.9999995231628418,0.2500001249999375,0.6999999284744263,0.6999999284744263,0.3999999761581421
1,1,0.49999987500003124,0.9999995231628418,0.5000001249999375,0.8999999165534973,0.4999999403953552,0.4999999403953552
1,1,0.0,0.9999997615814209,1.0,0.6249999403953552,0.6249999403953552,0.3749999701976776
1,1,0.0,0.9999997615814209,1.0,0.7499999403953552,0.3749999701976776,0.4999999403953552
1,1,0.49999987500003124,0.49999988079071045,0.5000001249999375,0.9999998807907104,0.7499999403953552,0.7499999403953552
1,1,0.0,0.9999997615814209,1.0,0.7499999403953552,0.7499999403953552,0.3749999701976776
1,1,0.0,0.9999997615814209,1.0,0.8749998807907104,0.6249999403953552,0.4999999403953552
1,1,0.0,0.9999995231628418,1.0,0.7499999403953552,0.4999999701976776,0.6666666269302368
1,1,0.0,0.9999995231628418,1.0,0.9999999403953552,0.6666666269302368,0.5833333134651184
1,1,0.49999987500003124,0.0,0.2500001249999375,0.916666567325592,0.7499999403953552,0.6666666269302368
1,1,0.0,0.9999995231628418,1.0,0.9999999403953552,0.5833333134651184,0.3333333134651184
1,1,0.49999987500003124,0.6666664481163025,0.5000001249999375,0.7499999403953552,0.8333332538604736,0.6666666269302368
1,1,0.49999987500003124,0.33333322405815125,0.5000001249999375,0.9999998211860657,0.3999999165534973,0.3999999165534973
1,1,0.49999987500003124,0.33333322405815125,0.5000001249999375,0.9999998211860657,0.9999998211860657,0.7999998331069946
1,1,0.0,0.9999997019767761,1.0,0.7999998331069946,0.3999999165534973,0.3999999165534973
1,1,0.49999987500003124,0.33333322405815125,0.5000001249999375,0.9999998211860657,0.7999998331069946,0.3999999165534973
1,1,0.49999987500003124,0.7499998211860657,0.2500001249999375,0.7999998331069946,0.3999999165534973,0.3999999165534973
1,1,0.0,0.9999997615814209,1.0,0.666666567325592,0.666666567325592,0.49999991059303284
1,1,0.0,0.9999997615814209,1.0,0.8333331942558289,0.49999991059303284,0.333333283662796
1,1,0.49999987500003124,0.49999988079071045,0.5000001249999375,0.8333331942558289,0.8333331942558289,0.49999991059303284
1,1,0.0,0.9999997615814209,1.0,0.8333331942558289,0.49999991059303284,0.49999991059303284
1,1,0.0,0.9999997615814209,1.0,0.9999998211860657,0.666666567325592,0.166666641831398
1,1,0.0,0.9999995231628418,1.0,0.9999998807907104,0.8888887763023376,0.7777776718139648
1,1,0.0,0.9999995231628418,1.0,0.8888887763023376,0.555555522441864,0.666666567325592
1,1,0.49999987500003124,0.6666664481163025,0.5000001249999375,0.7777776718139648,0.7777776718139648,0.333333283662796
1,1,0.49999987500003124,0.6666664481163025,0.5000001249999375,0.555555522441864,0.4444443881511688,0.4444443881511688
1,1,0.49999987500003124,0.6666664481163025,0.5000001249999375,0.7777776718139648,0.333333283662796,0.555555522441864
1,1,0.0,0.9999995231628418,1.0,0.8333332538604736,0.6666666269302368,0.4999999701976776
1,1,0.49999987500003124,0.9999997615814209,0.2500001249999375,0.8333332538604736,0.4166666269302368,0.4166666269302368
1,1,0.7499998125000469,0.7499998211860657,0.3333333888888703,0.7499999403953552,0.4999999701976776,0.4999999701976776
1,1,0.0,0.9999995231628418,1.0,0.9999999403953552,0.2499999850988388,0.5833333134651184
1,1,0.49999987500003124,0.9999997615814209,0.2500001249999375,0.916666567325592,0.6666666269302368,0.5833333134651184
1,1,0.49999987500003124,0.7499998211860657,0.2500001249999375,0.7142856121063232,0.5714284777641296,0.5714284777641296
1,1,0.0,0.9999997019767761,1.0,0.9999998807907104,0.8571427464485168,0.7142856121063232
1,1,0.49999987500003124,0.7499998211860657,0.2500001249999375,0.5714284777641296,0.5714284777641296,0.1428571194410324
1,1,0.0,0.9999997019767761,1.0,0.7142856121063232,0.4285713732242584,0.5714284777641296
1,1,0.0,0.9999997019767761,1.0,0.7142856121063232,0.8571427464485168,0.2857142388820648
1,1,0.49999987500003124,0.49999988079071045,0.5000001249999375,0.7999998331069946,0.5999999046325684,0.5999999046325684
1,1,0.49999987500003124,0.49999988079071045,0.5000001249999375,0.9999998211860657,0.7999998331069946,0.5999999046325684
1,1,0.0,0.9999997615814209,1.0,0.7999998331069946,0.5999999046325684,0.3999999165534973
1,1,0.49999987500003124,0.49999988079071045,0.5000001249999375,0.7999998331069946,0.5999999046325684,0.19999995827674866
1,1,0.49999987500003124,0.49999988079071045,0.2500001249999375,0.7999998331069946,0.3999999165534973,0.5999999046325684
1,1,0.49999987500003124,0.6666664481163025,0.2500001249999375,0.555555522441864,0.666666567325592,0.4444443881511688
1,1,0.0,0.9999995231628418,1.0,0.8888887763023376,0.666666567325592,0.555555522441864
1,1,0.49999987500003124,0.6666664481163025,0.2500001249999375,0.7777776718139648,0.4444443881511688,0.4444443881511688
1,1,0.0,0.9999995231628418,1.0,0.7777776718139648,0.8888887763023376,0.2222221940755844
1,1,0.0,0.9999995231628418,1.0,0.8888887763023376,0.555555522441864,0.666666567325592
1,1,0.49999987500003124,0.7499998211860657,0.2500001249999375,0.4285713732242584,0.5714284777641296,0.1428571194410324
1,1,0.49999987500003124,0.33333322405815125,0.2500001249999375,0.9999998807907104,0.7142856121063232,0.9999998807907104
1,1,0.0,0.9999997019767761,1.0,0.5714284777641296,0.5714284777641296,0.5714284777641296
1,1,0.0,0.9999997019767761,1.0,0.7142856121063232,0.5714284777641296,0.4285713732242584
1,1,0.0,0.9999997019767761,1.0,0.5714284777641296,0.5714284777641296,0.5714284777641296
1,1,0.0,0.9999997019767761,1.0,0.8888887763023376,0.555555522441864,0.4444443881511688
1,1,0.0,0.9999997019767761,1.0,0.666666567325592,0.666666567325592,0.333333283662796
1,1,0.0,0.9999997019767761,1.0,0.8888887763023376,0.7777776718139648,0.666666567325592
1,1,0.0,0.9999997019767761,1.0,0.8888887763023376,0.333333283662796,0.333333283662796
1,1,0.7499998125000469,0.49999988079071045,0.3333333888888703,0.666666567325592,0.7777776718139648,0.4444443881511688
1,1,0.49999987500003124,0.33333322405815125,0.2500001249999375,0.7999999523162842,0.3999999761581421,0.5999999642372131
1,1,0.0,0.9999997019767761,1.0,0.6999999284744263,0.3999999761581421,0.3999999761581421
1,1,0.0,0.9999997019767761,1.0,0.6999999284744263,0.5999999642372131,0.4999999403953552
1,1,0.49999987500003124,0.33333322405815125,0.2500001249999375,0.7999999523162842,0.5999999642372131,0.5999999642372131
1,1,0.49999987500003124,0.33333322405815125,0.5000001249999375,0.7999999523162842,0.5999999642372131,0.3999999761581421
1,1,0.49999987500003124,0.49999988079071045,0.2500001249999375,0.6999999284744263,0.5999999642372131,0.29999998211860657
1,1,0.0,0.9999997615814209,1.0,0.7999999523162842,0.4999999403953552,0.7999999523162842
1,1,0.0,0.9999997615814209,1.0,0.6999999284744263,0.6999999284744263,0.3999999761581421
1,1,0.49999987500003124,0.49999988079071045,0.5000001249999375,0.5999999642372131,0.7999999523162842,0.5999999642372131
1,1,0.0,0.9999997615814209,1.0,0.5999999642372131,0.5999999642372131,0.4999999403953552
1,1,0.0,0.9999995231628418,1.0,0.7142856121063232,0.2857142388820648,0.4285713732242584
1,1,0.0,0.9999995231628418,1.0,0.8571427464485168,0.5714284777641296,0.5714284777641296
1,1,0.49999987500003124,0.9999997615814209,0.5000001249999375,0.7142856121063232,0.8571427464485168,0.4285713732242584
1,1,0.0,0.9999995231628418,1.0,0.7142856121063232,0.5714284777641296,0.4285713732242584
1,1,0.0,0.9999995231628418,1.0,0.5714284777641296,0.5714284777641296,0.4285713732242584
1,1,0.49999987500003124,0.49999988079071045,0.5000001249999375,0.9999998211860657,0.49999991059303284,0.666666567325592
1,1,0.49999987500003124,0.49999988079071045,0.5000001249999375,0.666666567325592,0.666666567325592,0.49999991059303284
1,1,0.0,0.9999997615814209,1.0,0.8333331942558289,0.8333331942558289,0.333333283662796
1,1,0.49999987500003124,0.49999988079071045,0.5000001249999375,0.9999998211860657,0.8333331942558289,0.333333283662796
1,1,0.49999987500003124,0.49999988079071045,0.2500001249999375,0.8333331942558289,0.9999998211860657,0.666666567325592
1,1,0.49999987500003124,0.6666664481163025,0.2500001249999375,0.8749998807907104,0.4999999403953552,0.6249999403953552
1,1,0.0,0.9999995231628418,1.0,0.6249999403953552,0.7499999403953552,0.7499999403953552
1,1,0.0,0.9999995231628418,1.0,0.7499999403953552,0.4999999403953552,0.4999999403953552
1,1,0.49999987500003124,0.0,0.5000001249999375,0.8749998807907104,0.7499999403953552,0.7499999403953552
1,1,0.0,0.9999995231628418,1.0,0.7499999403953552,0.7499999403953552,0.3749999701976776
1,1,0.49999987500003124,0.6666664481163025,0.2500001249999375,0.6874999403953552,0.5624999403953552,0.3749999701976776
1,1,0.49999987500003124,0.6666664481163025,0.2500001249999375,0.8749998807907104,0.7499999403953552,0.6249999403953552
1,1,0.0,0.9999995231628418,1.0,0.8124998807907104,0.4374999403953552,0.4999999403953552
1,1,0.0,0.9999995231628418,1.0,0.6874999403953552,0.4999999403953552,0.3749999701976776
1,1,0.0,0.9999995231628418,1.0,0.7499999403953552,0.6249999403953552,0.6249999403953552
1,1,0.0,0.9999995231628418,1.0,0.8333332538604736,0.7499999403953552,0.5833333134651184
1,1,0.49999987500003124,0.6666664481163025,0.2500001249999375,0.6666666269302368,0.4999999701976776,0.3333333134651184
1,1,0.7499998125000469,0.33333322405815125,0.3333333888888703,0.6666666269302368,0.2499999850988388,0.5833333134651184
1,1,0.0,0.9999995231628418,1.0,0.9999999403953552,0.4166666269302368,0.7499999403953552
1,1,0.49999987500003124,0.6666664481163025,0.2500001249999375,0.7499999403953552,0.5833333134651184,0.5833333134651184
1,1,0.0,0.9999995231628418,1.0,0.8333332538604736,0.7499999403953552,0.4999999701976776
1,1,0.49999987500003124,0.6666664481163025,0.2500001249999375,0.8333332538604736,0.4999999701976776,0.4999999701976776
1,1,0.7499998125000469,0.7499998211860657,0.3333333888888703,0.7499999403953552,0.4999999701976776,0.5833333134651184
1,1,0.0,0.9999995231628418,1.0,0.9999999403953552,0.3333333134651184,0.6666666269302368
1,1,0.49999987500003124,0.6666664481163025,0.2500001249999375,0.8333332538604736,0.4166666269302368,0.5833333134651184
1,1,0.49999987500003124,0.49999988079071045,0.2500001249999375,0.6249999403953552,0.6874999403953552,0.4374999403953552
1,1,0.49999987500003124,0.49999988079071045,0.2500001249999375,0.8749998807907104,0.6874999403953552,0.5624999403953552
1,1,0.0,0.9999997615814209,1.0,0.7499999403953552,0.4999999403953552,0.4999999403953552
1,1,0.0,0.9999997615814209,1.0,0.6874999403953552,0.6874999403953552,0.3749999701976776
1,1,0.0,0.9999997615814209,1.0,0.7499999403953552,0.5624999403953552,0.6249999403953552
1,1,0.49999987500003124,0.49999988079071045,0.5000001249999375,0.7499999403953552,0.3749999701976776,0.3749999701976776
1,1,0.0,0.9999997615814209,1.0,0.8124998807907104,0.5624999403953552,0.4999999403953552
1,1,0.0,0.9999997615814209,1.0,0.6874999403953552,0.5624999403953552,0.3749999701976776
1,1,0.0,0.9999997615814209,1.0,0.8124998807907104,0.4999999403953552,0.6249999403953552
1,1,0.49999987500003124,0.49999988079071045,0.5000001249999375,0.6874999403953552,0.6249999403953552,0.6874999403953552
1,1,0.0,0.9999995231628418,1.0,0.666666567325592,0.666666567325592,0.4444443881511688
1,1,0.0,0.9999995231628418,1.0,0.555555522441864,0.7777776718139648,0.666666567325592
1,1,0.49999987500003124,0.6666664481163025,0.5000001249999375,0.555555522441864,0.666666567325592,0.333333283662796
1,1,0.49999987500003124,0.6666664481163025,0.5000001249999375,0.555555522441864,0.7777776718139648,0.4444443881511688
1,1,0.49999987500003124,0.6666664481163025,0.5000001249999375,0.7777776718139648,0.555555522441864,0.2222221940755844
1,1,0.49999987500003124,0.7499998211860657,0.2500001249999375,0.4999999701976776,0.5833333134651184,0.3333333134651184
1,1,0.49999987500003124,0.33333322405815125,0.2500001249999375,0.9999999403953552,0.7499999403953552,0.5833333134651184
1,1,0.0,0.9999997019767761,1.0,0.6666666269302368,0.3333333134651184,0.5833333134651184
1,1,0.0,0.9999997019767761,1.0,0.7499999403953552,0.5833333134651184,0.5833333134651184
1,1,0.0,0.9999997019767761,1.0,0.7499999403953552,0.6666666269302368,0.5833333134651184
1,1,0.7499998125000469,0.49999988079071045,0.5000000456214295,0.7499999403953552,0.4999999403953552,0.29999998211860657
1,1,0.49999987500003124,0.33333322405815125,0.2500001249999375,0.7499999403953552,0.4999999403953552,0.5999999642372131
1,1,0.49999987500003124,0.33333322405815125,0.2500001249999375,0.6999999284744263,0.29999998211860657,0.4999999403953552
1,1,0.0,0.9999997019767761,1.0,0.5499999523162842,0.7499999403953552,0.5999999642372131
1,1,0.0,0.9999997019767761,1.0,0.7499999403953552,0.5499999523162842,0.44999995827674866
1,1,0.0,0.9999997615814209,1.0,0.615384578704834,0.615384578704834,0.23076921701431274
1,1,0.49999987500003124,0.49999988079071045,0.2500001249999375,0.7692307233810425,0.4615384340286255,0.615384578704834
1,1,0.0,0.9999997615814209,1.0,0.7692307233810425,0.6923076510429382,0.615384578704834
1,1,0.0,0.9999997615814209,1.0,0.7692307233810425,0.6923076510429382,0.615384578704834
1,1,0.0,0.9999997615814209,1.0,0.615384578704834,0.6923076510429382,0.615384578704834
1,1,0.0,0.9999995231628418,1.0,0.9999998807907104,0.7499999403953552,0.7499999403953552
1,1,0.0,0.9999995231628418,1.0,0.4999999403953552,0.6249999403953552,0.6249999403953552
1,1,0.49999987500003124,0.6666664481163025,0.5000001249999375,0.6249999403953552,0.7499999403953552,0.3749999701976776
1,1,0.49999987500003124,0.0,0.5000001249999375,0.9999998807907104,0.7499999403953552,0.7499999403953552
1,1,0.49999987500003124,0.0,0.5000001249999375,0.4999999403953552,0.3749999701976776,0.2499999701976776
1,1,0.0,0.0,1.0,0.7999999523162842,0.7999999523162842,0.7999999523162842
1,1,0.49999987500003124,0.9999995231628418,0.5000001249999375,0.8999999165534973,0.8999999165534973,0.6999999284744263
1,1,0.0,0.0,1.0,0.7999999523162842,0.29999998211860657,0.4999999403953552
1,1,0.49999987500003124,0.9999995231628418,0.2500001249999375,0.6999999284744263,0.5999999642372131,0.6999999284744263
1,1,0.0,0.0,1.0,0.6999999284744263,0.6999999284744263,0.5999999642372131
1,1,0.0,0.9999995231628418,1.0,0.714285671710968,0.357142835855484,0.4999999701976776
1,1,0.0,0.9999995231628418,1.0,0.6428570747375488,0.714285671710968,0.357142835855484
1,1,0.0,0.9999995231628418,1.0,0.714285671710968,0.928571343421936,0.5714285373687744
1,1,0.0,0.9999995231628418,1.0,0.714285671710968,0.4285714030265808,0.5714285373687744
1,1,0.49999987500003124,0.6666664481163025,0.2500001249999375,0.714285671710968,0.2857142686843872,0.357142835855484
1,1,0.49999987500003124,0.33333322405815125,0.2500001249999375,0.6999999284744263,0.6999999284744263,0.4999999403953552
1,1,0.7499998125000469,0.49999988079071045,0.5000000456214295,0.5999999642372131,0.5999999642372131,0.29999998211860657
1,1,0.49999987500003124,0.33333322405815125,0.2500001249999375,0.7999999523162842,0.7999999523162842,0.6999999284744263
1,1,0.0,0.9999997019767761,1.0,0.9999998807907104,0.3999999761581421,0.4999999403953552
1,1,0.49999987500003124,0.7499998211860657,0.2500001249999375,0.6999999284744263,0.7999999523162842,0.5999999642372131
1,1,0.49999987500003124,0.9999995231628418,0.2500001249999375,0.9999999403953552,0.4166666269302368,0.8333332538604736
1,1,0.0,0.0,1.0,0.8333332538604736,0.7499999403953552,0.4166666269302368
1,1,0.0,0.0,1.0,0.7499999403953552,0.7499999403953552,0.5833333134651184
1,1,0.49999987500003124,0.9999995231628418,0.2500001249999375,0.6666666269302368,0.5833333134651184,0.5833333134651184
1,1,0.49999987500003124,0.9999995231628418,0.5000001249999375,0.8333332538604736,0.6666666269302368,0.6666666269302368
1,1,0.0,0.9999997019767761,1.0,0.8333331942558289,0.9999998211860657,0.8333331942558289
1,1,0.49999987500003124,0.33333322405815125,0.2500001249999375,0.8333331942558289,0.333333283662796,0.666666567325592
1,1,0.7499998125000469,0.0,0.3333333888888703,0.8333331942558289,0.166666641831398,0.8333331942558289
1,1,0.0,0.9999997019767761,1.0,0.9999998211860657,0.49999991059303284,0.666666567325592
1,1,0.49999987500003124,0.33333322405815125,0.2500001249999375,0.8333331942558289,0.8333331942558289,0.666666567325592
1,1,0.0,0.9999995231628418,1.0,0.7499999403953552,0.6666666269302368,0.4166666269302368
1,1,0.0,0.9999995231628418,1.0,0.5833333134651184,0.6666666269302368,0.4166666269302368
1,1,0.49999987500003124,0.0,0.5000001249999375,0.7499999403953552,0.6666666269302368,0.4166666269302368
1,1,0.49999987500003124,0.6666664481163025,0.5000001249999375,0.6666666269302368,0.6666666269302368,0.4166666269302368
1,1,0.49999987500003124,0.6666664481163025,0.5000001249999375,0.5833333134651184,0.4999999701976776,0.2499999850988388
1,1,0.49999987500003124,0.9999997615814209,0.2500001249999375,0.8999999165534973,0.7999999523162842,0.5999999642372131
1,1,0.0,0.9999995231628418,1.0,0.6999999284744263,0.5999999642372131,0.29999998211860657
1,1,0.0,0.9999995231628418,1.0,0.6999999284744263,0.5999999642372131,0.6999999284744263
1,1,0.49999987500003124,0.9999997615814209,0.2500001249999375,0.3999999761581421,0.4999999403953552,0.29999998211860657
1,1,0.49999987500003124,0.6666664481163025,0.5000001249999375,0.7999999523162842,0.29999998211860657,0.4999999403953552
1,1,0.49999987500003124,0.0,0.5000001249999375,0.7499998211860657,0.49999988079071045,0.49999988079071045
1,1,0.0,0.9999995231628418,1.0,0.7499998211860657,0.49999988079071045,0.49999988079071045
1,1,0.49999987500003124,0.9999997615814209,0.2500001249999375,0.9999997615814209,0.7499998211860657,0.7499998211860657
1,1,0.0,0.9999995231628418,1.0,0.7499998211860657,0.49999988079071045,0.24999994039535522
1,1,0.0,0.9999995231628418,1.0,0.7499998211860657,0.49999988079071045,0.7499998211860657
1,1,0.0,0.9999995231628418,1.0,0.666666567325592,0.4444443881511688,0.666666567325592
1,1,0.0,0.9999995231628418,1.0,0.555555522441864,0.2222221940755844,0.333333283662796
1,1,0.49999987500003124,0.6666664481163025,0.5000001249999375,0.7777776718139648,0.9999998807907104,0.555555522441864
1,1,0.49999987500003124,0.0,0.5000001249999375,0.7777776718139648,0.666666567325592,0.666666567325592
1,1,0.49999987500003124,0.0,0.5000001249999375,0.8888887763023376,0.2222221940755844,0.8888887763023376
1,1,0.0,0.9999995231628418,1.0,0.5999999642372131,0.6999999284744263,0.5999999642372131
1,1,0.49999987500003124,0.6666664481163025,0.2500001249999375,0.6999999284744263,0.6999999284744263,0.3999999761581421
1,1,0.0,0.9999995231628418,1.0,0.7999999523162842,0.9999998807907104,0.4999999403953552
1,1,0.0,0.9999995231628418,1.0,0.7999999523162842,0.4999999403953552,0.4999999403953552
1,1,0.49999987500003124,0.6666664481163025,0.2500001249999375,0.5999999642372131,0.7999999523162842,0.3999999761581421
1,1,0.0,0.9999995231628418,1.0,0.8999999165534973,0.5999999642372131,0.5999999642372131
1,1,0.0,0.9999995231628418,1.0,0.6999999284744263,0.3999999761581421,0.3999999761581421
1,1,0.49999987500003124,0.0,0.5000001249999375,0.7999999523162842,0.8999999165534973,0.4999999403953552
1,1,0.49999987500003124,0.6666664481163025,0.5000001249999375,0.7999999523162842,0.6999999284744263,0.4999999403953552
1,1,0.49999987500003124,0.6666664481163025,0.5000001249999375,0.8999999165534973,0.4999999403953552,0.3999999761581421
1,1,0.0,0.9999995231628418,1.0,0.7999999523162842,0.4999999403953552,0.4999999403953552
1,1,0.0,0.9999995231628418,1.0,0.8999999165534973,0.7999999523162842,0.5999999642372131
1,1,0.0,0.9999995231628418,1.0,0.5999999642372131,0.6999999284744263,0.29999998211860657
1,1,0.0,0.9999995231628418,1.0,0.8999999165534973,0.5999999642372131,0.6999999284744263
1,1,0.7499998125000469,0.7499998211860657,0.3333333888888703,0.6999999284744263,0.7999999523162842,0.3999999761581421
1,1,0.49999987500003124,0.6666664481163025,0.2500001249999375,0.6666666269302368,0.5833333134651184,0.5833333134651184
1,1,0.0,0.9999995231628418,1.0,0.8333332538604736,0.5833333134651184,0.4999999701976776
1,1,0.49999987500003124,0.0,0.2500001249999375,0.7499999403953552,0.4999999701976776,0.6666666269302368
1,1,0.0,0.9999995231628418,1.0,0.8333332538604736,0.4999999701976776,0.5833333134651184
1,1,0.0,0.9999995231628418,1.0,0.5833333134651184,0.4166666269302368,0.3333333134651184
2,1,0.49999987500003124,0.9999997615814209,0.2500001249999375,0.7499999403953552,0.4166666269302368,0.4999999701976776
2,1,0.0,0.9999995231628418,1.0,0.7083332538604736,0.5833333134651184,0.3749999701976776
2,1,0.49999987500003124,0.6666664481163025,0.2500001249999375,0.7619047164916992,0.7619047164916992,0.476190447807312
2,1,0.9999997500000625,0.49999988079071045,0.7500000312499921,0.9999998807907104,0.9999998807907104,0.9999998807907104
2,1,0.0,0.9999995231628418,1.0,0.7619047164916992,0.5238094925880432,0.6666666269302368
1,1,0.0,0.0,1.0,0.7692307233810425,0.615384578704834,0.23076921701431274
1,1,0.49999987500003124,0.9999995231628418,0.2500001249999375,0.5384615063667297,0.38461536169052124,0.307692289352417
1,1,0.0,0.0,1.0,0.6923076510429382,0.6923076510429382,0.307692289352417
1,1,0.0,0.0,1.0,0.8461537957191467,0.8461537957191467,0.38461536169052124
1,1,0.0,0.0,1.0,0.615384578704834,0.615384578704834,0.5384615063667297
1,1,0.7499998125000469,0.9999997019767761,0.5000000456214295,0.5454545021057129,0.45454540848731995,0.27272725105285645
1,1,0.49999987500003124,0.9999995231628418,0.2500001249999375,0.9090908169746399,0.5454545021057129,0.5454545021057129
1,1,0.49999987500003124,0.9999995231628418,0.2500001249999375,0.6363635659217834,0.5454545021057129,0.7272726893424988
1,1,0.0,0.0,1.0,0.5454545021057129,0.8181817531585693,0.45454540848731995
1,1,0.0,0.0,1.0,0.9090908169746399,0.7272726893424988,0.45454540848731995
1,1,0.0,0.9999997019767761,1.0,0.8333332538604736,0.4999999701976776,0.7083332538604736
1,1,0.9999997500000625,0.24999994039535522,0.7500000312499921,0.9999999403953552,0.9999999403953552,0.9999999403953552
1,2,0.49999987500003124,0.7499998211860657,0.2500001249999375,0.7499999403953552,0.6249999403953552,0.5833333134651184
2,1,0.49999987500003124,0.33333322405815125,0.2500001249999375,0.5833333134651184,0.458333283662796,0.5833333134651184
1,2,0.9999997500000625,0.24999994039535522,0.7500000312499921,0.9999999403953552,0.9999999403953552,0.9999999403953552
2,1,0.49999987500003124,0.49999988079071045,0.2500001249999375,0.7647057771682739,0.7647057771682739,0.6470587253570557
1,2,0.49999987500003124,0.49999988079071045,0.2500001249999375,0.6470587253570557,0.6470587253570557,0.6470587253570557
2,1,0.9999997500000625,0.0,0.7500000312499921,0.9999998807907104,0.9999998807907104,0.9999998807907104
1,2,0.0,0.9999997615814209,1.0,0.6470587253570557,0.6470587253570557,0.47058817744255066
2,1,0.0,0.9999997615814209,1.0,0.7499999403953552,0.4999999403953552,0.6249999403953552
1,1,0.7499998125000469,0.9999997019767761,0.5000000456214295,0.8749998807907104,0.4999999403953552,0.2499999701976776
1,1,0.49999987500003124,0.9999995231628418,0.2500001249999375,0.8749998807907104,0.6249999403953552,0.4999999403953552
1,1,0.49999987500003124,0.9999995231628418,0.2500001249999375,0.6249999403953552,0.4999999403953552,0.4999999403953552
1,1,0.0,0.0,1.0,0.6249999403953552,0.4999999403953552,0.6249999403953552
1,1,0.0,0.0,1.0,0.8749998807907104,0.7499999403953552,0.3749999701976776
2,1,0.49999987500003124,0.6666664481163025,0.2500001249999375,0.7058822512626648,0.41176465153694153,0.5294117331504822
2,1,0.0,0.9999995231628418,1.0,0.8235293030738831,0.47058817744255066,0.41176465153694153
2,1,0.49999987500003124,0.6666664481163025,0.2500001249999375,0.7857142090797424,0.7857142090797424,0.4999999701976776
2,1,0.9999997500000625,0.49999988079071045,0.7500000312499921,0.9999999403953552,0.9999999403953552,0.9999999403953552
2,1,0.0,0.9999995231628418,1.0,0.5714285373687744,0.4285714030265808,0.5714285373687744
1,1,0.49999987500003124,0.7499998211860657,0.2500001249999375,0.8333332538604736,0.5833333134651184,0.2499999850988388
1,1,0.0,0.9999997019767761,1.0,0.5833333134651184,0.6666666269302368,0.3333333134651184
1,1,0.0,0.9999997019767761,1.0,0.8333332538604736,0.4999999701976776,0.6666666269302368
1,1,0.49999987500003124,0.33333322405815125,0.5000001249999375,0.6666666269302368,0.6666666269302368,0.2499999850988388
1,1,0.49999987500003124,0.33333322405815125,0.5000001249999375,0.916666567325592,0.8333332538604736,0.7499999403953552
1,1,0.9999997500000625,0.24999994039535522,0.2500000624999844,0.6249999403953552,0.4374999403953552,0.3749999701976776
1,1,0.7499998125000469,0.49999988079071045,0.3333333888888703,0.8124998807907104,0.4374999403953552,0.4999999403953552
1,1,0.49999987500003124,0.33333322405815125,0.2500001249999375,0.6874999403953552,0.7499999403953552,0.6249999403953552
1,1,0.9999997500000625,0.24999994039535522,0.3750000624999844,0.8749998807907104,0.5624999403953552,0.4999999403953552
1,1,0.7499998125000469,0.49999988079071045,0.5000000456214295,0.6874999403953552,0.4999999403953552,0.1874999850988388
1,1,0.7499998125000469,0.33333322405815125,0.5000000456214295,0.916666567325592,0.6666666269302368,0.4999999701976776
1,1,0.49999987500003124,0.6666664481163025,0.2500001249999375,0.7499999403953552,0.4166666269302368,0.4999999701976776
1,1,0.49999987500003124,0.6666664481163025,0.2500001249999375,0.8333332538604736,0.4166666269302368,0.5833333134651184
1,1,0.0,0.9999995231628418,1.0,0.6666666269302368,0.5833333134651184,0.4999999701976776
1,1,0.0,0.9999995231628418,1.0,0.6666666269302368,0.5833333134651184,0.0833333283662796
1,1,0.49999987500003124,0.6666664481163025,0.2500001249999375,0.4999999403953552,0.3749999701976776,0.4999999403953552
1,1,0.49999987500003124,0.6666664481163025,0.2500001249999375,0.8749998807907104,0.6249999403953552,0.4999999403953552
1,1,0.0,0.9999995231628418,1.0,0.6249999403953552,0.4999999403953552,0.4999999403953552
1,1,0.0,0.9999995231628418,1.0,0.4999999403953552,0.2499999701976776,0.3749999701976776
1,1,0.0,0.9999995231628418,1.0,0.8749998807907104,0.4999999403953552,0.6249999403953552
1,1,0.0,0.9999997019767761,1.0,0.7999999523162842,0.6999999284744263,0.5999999642372131
1,1,0.49999987500003124,0.7499998211860657,0.2500001249999375,0.9999998807907104,0.6999999284744263,0.6999999284744263
1,1,0.49999987500003124,0.33333322405815125,0.5000001249999375,0.7999999523162842,0.3999999761581421,0.4999999403953552
1,1,0.9999997500000625,0.24999994039535522,0.2500000624999844,0.5999999642372131,0.5999999642372131,0.3999999761581421
1,1,0.0,0.9999997019767761,1.0,0.6999999284744263,0.6999999284744263,0.3999999761581421
1,1,0.49999987500003124,0.6666664481163025,0.2500001249999375,0.6666666269302368,0.5833333134651184,0.4999999701976776
1,1,0.0,0.9999995231628418,1.0,0.7499999403953552,0.2499999850988388,0.4999999701976776
1,1,0.0,0.9999995231628418,1.0,0.6666666269302368,0.4999999701976776,0.6666666269302368
1,1,0.49999987500003124,0.6666664481163025,0.2500001249999375,0.6666666269302368,0.7499999403953552,0.3333333134651184
1,1,0.49999987500003124,0.6666664481163025,0.5000001249999375,0.8333332538604736,0.4999999701976776,0.5833333134651184
1,1,0.0,0.9999997615814209,1.0,0.7499999403953552,0.6785714030265808,0.6071428060531616
1,1,0.0,0.9999997615814209,1.0,0.6428570747375488,0.5714285373687744,0.5357142686843872
1,1,0.49999987500003124,0.49999988079071045,0.5000001249999375,0.7857142090797424,0.7857142090797424,0.5357142686843872
1,1,0.49999987500003124,0.49999988079071045,0.5000001249999375,0.6785714030265808,0.6428570747375488,0.5357142686843872
1,1,0.49999987500003124,0.49999988079071045,0.5000001249999375,0.7499999403953552,0.4999999701976776,0.464285671710968
1,1,0.0,0.9999997615814209,1.0,0.7777776718139648,0.3888888359069824,0.555555522441864
1,1,0.9999997500000625,0.0,0.7500000312499921,0.9999998807907104,0.9999998807907104,0.9999998807907104
1,2,0.49999987500003124,0.49999988079071045,0.2500001249999375,0.611111044883728,0.611111044883728,0.3888888359069824
2,1,0.49999987500003124,0.49999988079071045,0.2500001249999375,0.666666567325592,0.7222221493721008,0.4999999403953552
1,2,0.9999997500000625,0.0,0.7500000312499921,0.9999998807907104,0.9999998807907104,0.9999998807907104
1,1,0.49999987500003124,0.49999988079071045,0.5000001249999375,0.6666666269302368,0.4166666269302368,0.4166666269302368
1,1,0.0,0.9999997615814209,1.0,0.9999999403953552,0.6666666269302368,0.5833333134651184
1,1,0.49999987500003124,0.49999988079071045,0.5000001249999375,0.6666666269302368,0.6666666269302368,0.2499999850988388
1,1,0.7499998125000469,0.24999994039535522,0.6666667172551499,0.6666666269302368,0.9999999403953552,0.6666666269302368
1,1,0.9999997500000625,0.0,0.5000000624999844,0.8333332538604736,0.6666666269302368,0.4999999701976776
1,1,0.49999987500003124,0.6666664481163025,0.2500001249999375,0.4999999403953552,0.3749999701976776,0.2499999701976776
1,1,0.0,0.9999995231628418,1.0,0.7499999403953552,0.7499999403953552,0.7499999403953552
1,1,0.0,0.9999995231628418,1.0,0.7499999403953552,0.4999999403953552,0.6249999403953552
1,1,0.49999987500003124,0.9999997615814209,0.5000001249999375,0.6249999403953552,0.6249999403953552,0.4999999403953552
1,1,0.0,0.9999995231628418,1.0,0.7499999403953552,0.3749999701976776,0.3749999701976776
1,1,0.0,0.9999995231628418,1.0,0.9090908169746399,0.5454545021057129,0.7272726893424988
1,1,0.49999987500003124,0.6666664481163025,0.5000001249999375,0.8181817531585693,0.7272726893424988,0.6363635659217834
1,1,0.0,0.9999995231628418,1.0,0.8181817531585693,0.45454540848731995,0.45454540848731995
1,1,0.49999987500003124,0.6666664481163025,0.2500001249999375,0.9090908169746399,0.5454545021057129,0.7272726893424988
1,1,0.0,0.9999995231628418,1.0,0.7272726893424988,0.8181817531585693,0.5454545021057129
1,1,0.49999987500003124,0.9999995231628418,0.2500001249999375,0.666666567325592,0.333333283662796,0.333333283662796
1,1,0.0,0.0,1.0,0.8333331942558289,0.666666567325592,0.49999991059303284
1,1,0.0,0.0,1.0,0.666666567325592,0.666666567325592,0.666666567325592
1,1,0.49999987500003124,0.9999995231628418,0.5000001249999375,0.9999998211860657,0.333333283662796,0.8333331942558289
1,1,0.0,0.0,1.0,0.9999998211860657,0.49999991059303284,0.666666567325592
1,1,0.49999987500003124,0.6666664481163025,0.2500001249999375,0.7619047164916992,0.476190447807312,0.5714285373687744
1,1,0.0,0.9999995231628418,1.0,0.714285671710968,0.7619047164916992,0.5238094925880432
1,1,0.49999987500003124,0.9999997615814209,0.2500001249999375,0.7619047164916992,0.5238094925880432,0.5714285373687744
1,1,0.0,0.9999995231628418,1.0,0.8095237612724304,0.476190447807312,0.5714285373687744
1,1,0.0,0.9999995231628418,1.0,0.5714285373687744,0.6190475821495056,0.476190447807312
1,1,0.49999987500003124,0.9999995231628418,0.2500001249999375,0.6944444179534912,0.6388888955116272,0.2777777910232544
1,1,0.0,0.0,1.0,0.7777777910232544,0.7222222089767456,0.5
1,1,0.0,0.0,1.0,0.8333333134651184,0.5555555820465088,0.5555555820465088
1,1,0.49999987500003124,0.9999995231628418,0.5000001249999375,0.6666666865348816,0.6666666865348816,0.3055555522441864
1,1,0.49999987500003124,0.9999995231628418,0.5000001249999375,0.9166666865348816,0.8333333134651184,0.8055555820465088
1,1,0.0,0.9999995231628418,1.0,0.4285713732242584,0.5714284777641296,0.5714284777641296
1,1,0.0,0.9999995231628418,1.0,0.4285713732242584,0.4285713732242584,0.4285713732242584
1,1,0.49999987500003124,0.6666664481163025,0.5000001249999375,0.9999998807907104,0.8571427464485168,0.7142856121063232
1,1,0.49999987500003124,0.6666664481163025,0.5000001249999375,0.7142856121063232,0.4285713732242584,0.5714284777641296
1,1,0.49999987500003124,0.6666664481163025,0.5000001249999375,0.9999998807907104,0.5714284777641296,0.5714284777641296
1,1,0.0,0.0,1.0,0.8571427464485168,0.7142856121063232,0.5714284777641296
1,1,0.0,0.0,1.0,0.4285713732242584,0.4285713732242584,0.4285713732242584
1,1,0.49999987500003124,0.9999995231628418,0.5000001249999375,0.7142856121063232,0.8571427464485168,0.7142856121063232
1,1,0.49999987500003124,0.9999995231628418,0.5000001249999375,0.7142856121063232,0.7142856121063232,0.5714284777641296
1,1,0.49999987500003124,0.9999995231628418,0.5000001249999375,0.7142856121063232,0.2857142388820648,0.4285713732242584
1,1,0.0,0.9999995231628418,1.0,0.7826086282730103,0.6521738767623901,0.4782608151435852
1,1,0.0,0.9999995231628418,1.0,0.6521738767623901,0.6521738767623901,0.43478256464004517
1,1,0.0,0.9999995231628418,1.0,0.8260868787765503,0.5652173161506653,0.3913043141365051
1,1,0.0,0.9999995231628418,1.0,0.7826086282730103,0.4782608151435852,0.3913043141365051
1,1,0.7499998125000469,0.7499998211860657,0.3333333888888703,0.8260868787765503,0.7826086282730103,0.4782608151435852
1,1,0.0,0.0,1.0,0.714285671710968,0.8095237612724304,0.6666666269302368
1,1,0.0,0.0,1.0,0.6666666269302368,0.5714285373687744,0.6190475821495056
1,1,0.49999987500003124,0.9999995231628418,0.5000001249999375,0.7619047164916992,0.8571428060531616,0.5238094925880432
1,1,0.49999987500003124,0.9999995231628418,0.5000001249999375,0.714285671710968,0.6666666269302368,0.476190447807312
1,1,0.49999987500003124,0.9999995231628418,0.5000001249999375,0.714285671710968,0.476190447807312,0.4285714030265808
1,1,0.49999987500003124,0.33333322405815125,0.2500001249999375,0.9999999403953552,0.38461536169052124,0.4615384340286255
1,1,0.0,0.9999997019767761,1.0,0.923076868057251,0.6923076510429382,0.7692307233810425
1,1,0.0,0.9999997019767761,1.0,0.7692307233810425,0.6923076510429382,0.4615384340286255
1,1,0.49999987500003124,0.33333322405815125,0.2500001249999375,0.615384578704834,0.6923076510429382,0.5384615063667297
1,1,0.49999987500003124,0.7499998211860657,0.5000001249999375,0.6923076510429382,0.5384615063667297,0.5384615063667297
1,1,0.49999987500003124,0.6666664481163025,0.2500001249999375,0.7777776718139648,0.4444443881511688,0.555555522441864
1,1,0.0,0.9999995231628418,1.0,0.8888887763023376,0.555555522441864,0.4444443881511688
1,1,0.49999987500003124,0.6666664481163025,0.2500001249999375,0.7777776718139648,0.555555522441864,0.666666567325592
1,1,0.0,0.9999995231628418,1.0,0.8888887763023376,0.666666567325592,0.555555522441864
1,1,0.0,0.9999995231628418,1.0,0.555555522441864,0.333333283662796,0.4444443881511688
1,1,0.0,0.9999995231628418,1.0,0.7777776718139648,0.7777776718139648,0.666666567325592
1,1,0.49999987500003124,0.6666664481163025,0.5000001249999375,0.666666567325592,0.666666567325592,0.333333283662796
1,1,0.0,0.9999995231628418,1.0,0.8888887763023376,0.555555522441864,0.555555522441864
1,1,0.49999987500003124,0.6666664481163025,0.2500001249999375,0.555555522441864,0.666666567325592,0.555555522441864
1,1,0.0,0.9999995231628418,1.0,0.4444443881511688,0.7777776718139648,0.333333283662796
1,1,0.49999987500003124,0.9999997615814209,0.2500001249999375,0.7368420362472534,0.684210479259491,0.3684210181236267
1,1,0.0,0.9999995231628418,1.0,0.7894735932350159,0.7368420362472534,0.5263157486915588
1,1,0.0,0.9999995231628418,1.0,0.8947367668151855,0.6315788626670837,0.5789473056793213
1,1,0.49999987500003124,0.0,0.5000001249999375,0.7368420362472534,0.684210479259491,0.42105257511138916
1,1,0.49999987500003124,0.0,0.5000001249999375,0.947368323802948,0.8421051502227783,0.8421051502227783
1,1,0.49999987500003124,0.9999995231628418,0.5000001249999375,0.7777776718139648,0.4444443881511688,0.4444443881511688
1,1,0.0,0.0,1.0,0.8888887763023376,0.4444443881511688,0.555555522441864
1,1,0.0,0.0,1.0,0.666666567325592,0.8888887763023376,0.7777776718139648
1,1,0.0,0.0,1.0,0.8888887763023376,0.555555522441864,0.666666567325592
1,1,0.49999987500003124,0.9999995231628418,0.5000001249999375,0.666666567325592,0.7777776718139648,0.555555522441864
1,1,0.0,0.9999995231628418,1.0,0.8888887763023376,0.7777776718139648,0.555555522441864
1,1,0.0,0.9999995231628418,1.0,0.4444443881511688,0.333333283662796,0.333333283662796
1,1,0.49999987500003124,0.9999997615814209,0.5000001249999375,0.7777776718139648,0.7777776718139648,0.666666567325592
1,1,0.49999987500003124,0.6666664481163025,0.5000001249999375,0.666666567325592,0.7777776718139648,0.666666567325592
1,1,0.49999987500003124,0.6666664481163025,0.5000001249999375,0.7777776718139648,0.4444443881511688,0.4444443881511688
1,1,0.49999987500003124,0.33333322405815125,0.2500001249999375,0.8749998807907104,0.4999999403953552,0.4999999403953552
1,1,0.49999987500003124,0.7499998211860657,0.2500001249999375,0.8749998807907104,0.4999999403953552,0.4999999403953552
1,1,0.0,0.9999997019767761,1.0,0.6249999403953552,0.6249999403953552,0.3749999701976776
1,1,0.0,0.9999997019767761,1.0,0.7499999403953552,0.6249999403953552,0.3749999701976776
1,1,0.0,0.9999997019767761,1.0,0.7499999403953552,0.6249999403953552,0.8749998807907104
