multi-notes,multi-sylphones,rhyme density,rhyme distance,rhyme strength,longnote-stress,longnote-nonstop,longnote-longvowel
1,1,0.5833332847222263,0.4999999701976776,0.40714288947194643,0.7142857313156128,0.8285714387893677,0.4000000059604645
1,1,0.7499999375000053,0.1818181723356247,0.3402778024691331,0.7142857313156128,0.6571428775787354,0.5714285969734192
1,1,0.7499999375000053,0.1818181723356247,0.3819444592016923,0.7428571581840515,0.6000000238418579,0.4285714328289032
1,1,0.4999999583333368,0.5833333134651184,0.41666667457622486,0.6857143044471741,0.6285714507102966,0.5714285969734192
1,1,0.9166665902777842,0.1666666567325592,0.45606063069540415,0.8285714387893677,0.4000000059604645,0.5428571701049805
1,1,0.8333332638888947,0.1666666567325592,0.5555555434023269,0.9047618508338928,0.7619047164916992,0.5714285373687744
1,1,0.6666666111111158,0.3333333134651184,0.36805557568168346,0.6190475821495056,0.6666666269302368,0.476190447807312
1,1,0.8333332638888947,0.1666666567325592,0.400000030960462,0.7619047164916992,0.5238094925880432,0.5714285373687744
1,1,0.4999999583333368,0.4999999701976776,0.3333333849341005,0.714285671710968,0.476190447807312,0.5714285373687744
1,1,0.4999999583333368,0.4999999701976776,0.41666667457622486,0.8571428060531616,0.5714285373687744,0.5714285373687744
1,1,0.7499999375000053,0.1818181723356247,0.5013889131554955,0.8333332538604736,0.6333332657814026,0.46666663885116577
1,1,0.7499999375000053,0.1818181723356247,0.3194444592016923,0.7999999523162842,0.4999999701976776,0.3999999761581421
1,1,0.4999999583333368,0.45454540848731995,0.3333333849341005,0.8333332538604736,0.5999999642372131,0.5666666030883789
1,1,0.8333332638888947,0.2499999850988388,0.35000001903953304,0.7333332896232605,0.6333332657814026,0.3999999761581421
1,1,0.4999999583333368,0.45454540848731995,0.2500000416666597,0.8999999165534973,0.7333332896232605,0.5666666030883789
1,1,0.41666663194444736,0.666666567325592,0.5083333534651104,0.6799999475479126,0.559999942779541,0.5999999642372131
1,1,0.5833332847222263,0.2499999701976776,0.5654761910161359,0.7199999690055847,0.7199999690055847,0.47999995946884155
1,1,0.41666663194444736,0.666666567325592,0.46666669673255123,0.7999999523162842,0.559999942779541,0.5999999642372131
1,1,0.8333332638888947,0.45454540848731995,0.5861111194883712,0.7199999690055847,0.6399999260902405,0.7199999690055847
1,1,0.5833332847222263,0.7272726893424988,0.4801587640823398,0.9199999570846558,0.6399999260902405,0.6399999260902405
1,1,0.5833332847222263,0.29999998211860657,0.39682539101257663,0.8888887763023376,0.555555522441864,0.611111044883728
1,1,0.7499999375000053,0.27272725105285645,0.5500000205053379,0.7222221493721008,0.4999999403953552,0.666666567325592
1,1,0.3333333055555579,0.7272726893424988,0.2500000624999844,0.666666567325592,0.555555522441864,0.3888888359069824
1,1,0.7499999375000053,0.4166666269302368,0.3819444592016923,0.7222221493721008,0.555555522441864,0.4999999403953552
1,1,0.3333333055555579,0.7272726893424988,0.3750000624999844,0.7222221493721008,0.8888887763023376,0.555555522441864
1,1,0.4999999583333368,0.5999999642372131,0.2500000416666597,0.8749998807907104,0.4999999403953552,0.4374999403953552
1,1,0.4999999583333368,0.7272726893424988,0.3333333849341005,0.6874999403953552,0.7499999403953552,0.4999999403953552
1,1,0.41666663194444736,0.6999999284744263,0.38333335346511044,0.8124998807907104,0.4374999403953552,0.5624999403953552
1,1,0.7499999375000053,0.45454540848731995,0.3819444592016923,0.4999999403953552,0.4999999403953552,0.4374999403953552
1,1,0.7499999375000053,0.5833333134651184,0.4500000264658024,0.7499999403953552,0.4999999403953552,0.4999999403953552
1,1,0.5833332847222263,0.4166666269302368,0.42460318203583103,0.8260868787765503,0.6521738767623901,0.3913043141365051
1,1,0.5833332847222263,0.4166666269302368,0.632142883511482,0.8695651292800903,0.6086956262588501,0.6521738767623901
1,1,0.5833332847222263,0.4166666269302368,0.3412698685707126,0.6956521272659302,0.6521738767623901,0.5217390656471252
1,1,0.7499999375000053,0.2499999850988388,0.6000000175251057,0.8695651292800903,0.5217390656471252,0.4782608151435852
1,1,0.9166665902777842,0.0833333283662796,0.6719697133400331,0.7826086282730103,0.6521738767623901,0.6086956262588501
1,1,0.41666663194444736,0.8571427464485168,0.5083333534651104,0.7368420958518982,0.5438596606254578,0.6140350699424744
1,1,0.5833332847222263,0.7499999403953552,0.5654761910161359,0.7719298005104065,0.5438596606254578,0.4912280738353729
1,1,0.41666663194444736,0.8571427464485168,0.46666669673255123,0.8771929740905762,0.5789473652839661,0.5964912176132202
1,1,0.8333332638888947,0.6999999284744263,0.5861111194883712,0.6491228342056274,0.8070175647735596,0.5964912176132202
1,1,0.5833332847222263,0.8888887763023376,0.4801587640823398,0.7719298005104065,0.5964912176132202,0.5087719559669495
1,1,0.6666666111111158,0.4166666269302368,0.5347222324142427,0.5624999403953552,0.6249999403953552,0.3749999701976776
1,1,0.9166665902777842,0.1666666567325592,0.5473484914433016,0.6874999403953552,0.5624999403953552,0.3124999701976776
2,1,0.7499999375000053,0.1818181723356247,0.3194444592016923,0.5999999642372131,0.5333333015441895,0.3999999761581421
1,2,0.5833332847222263,0.4999999701976776,0.3412698685707126,0.6874999403953552,0.4374999403953552,0.4999999403953552
2,1,0.5833332847222263,0.3636363446712494,0.4523809730590854,0.7333332896232605,0.5333333015441895,0.3333333134651184
1,1,0.41666663194444736,0.7272726893424988,0.5083333534651104,0.7575757503509521,0.5454545617103577,0.6060606241226196
1,1,0.5833332847222263,0.5454545021057129,0.5654761910161359,0.6969696879386902,0.5757575631141663,0.3030303120613098
1,1,0.41666663194444736,0.7272726893424988,0.46666669673255123,0.8181818127632141,0.6363636255264282,0.5151515007019043
1,1,0.8333332638888947,0.27272725105285645,0.5861111194883712,0.6363636255264282,0.7272727489471436,0.6363636255264282
1,1,0.5833332847222263,0.6666666269302368,0.4801587640823398,0.7878788113594055,0.4848484992980957,0.4545454680919647
1,1,0.5833332847222263,0.3999999761581421,0.39682539101257663,0.6956521272659302,0.6086956262588501,0.43478256464004517
1,1,0.7499999375000053,0.4999999701976776,0.5500000205053379,0.6521738767623901,0.5652173161506653,0.43478256464004517
1,1,0.3333333055555579,0.8181817531585693,0.2500000624999844,0.7391303777694702,0.5652173161506653,0.5217390656471252
1,1,0.7499999375000053,0.19999998807907104,0.3819444592016923,0.7391303777694702,0.6956521272659302,0.6086956262588501
1,1,0.3333333055555579,0.8181817531585693,0.3750000624999844,0.6956521272659302,0.5652173161506653,0.4782608151435852
1,1,0.5833332847222263,0.4999999403953552,0.3412698685707126,0.7272727489471436,0.6666666865348816,0.4545454680919647
1,1,0.4999999583333368,0.4444443881511688,0.33333336111110645,0.8787878751754761,0.6969696879386902,0.5757575631141663
1,1,0.6666666111111158,0.5454545021057129,0.39583336670493785,0.8484848737716675,0.7272727489471436,0.7272727489471436
1,1,0.9999999166666736,0.3333333134651184,0.3749999974928947,0.8787878751754761,0.3636363744735718,0.4848484992980957
1,1,0.9999999166666736,0.3333333134651184,0.6250000104166658,0.939393937587738,0.5757575631141663,0.7575757503509521
1,1,0.5833332847222263,0.5454545021057129,0.5863095342835767,0.8695651292800903,0.5652173161506653,0.5217390656471252
1,1,0.5833332847222263,0.3999999761581421,0.2857143163265262,0.7391303777694702,0.6086956262588501,0.4782608151435852
1,1,0.6666666111111158,0.29999998211860657,0.39583336670493785,0.6956521272659302,0.4782608151435852,0.4782608151435852
1,1,0.7499999375000053,0.3636363446712494,0.4444444592016923,0.6956521272659302,0.4782608151435852,0.5652173161506653
1,1,0.7499999375000053,0.3636363446712494,0.3666666831983616,0.6956521272659302,0.4782608151435852,0.43478256464004517
1,1,0.5833332847222263,0.5833333134651184,0.3412698685707126,0.8571428060531616,0.464285671710968,0.5357142686843872
1,1,0.4999999583333368,0.5454545021057129,0.33333336111110645,0.8928570747375488,0.5714285373687744,0.5714285373687744
1,1,0.6666666111111158,0.3636363446712494,0.39583336670493785,0.8571428060531616,0.3214285373687744,0.6428570747375488
1,1,0.9999999166666736,0.1666666567325592,0.3749999974928947,0.8571428060531616,0.464285671710968,0.357142835855484
1,1,0.9999999166666736,0.1666666567325592,0.6250000104166658,0.8571428060531616,0.4999999701976776,0.6071428060531616
1,1,0.6666666111111158,0.3636363446712494,0.43750002343749705,0.7894735932350159,0.5789473056793213,0.5789473056793213
1,1,0.7499999375000053,0.4166666269302368,0.3402778024691331,0.8421051502227783,0.684210479259491,0.6315788626670837
1,1,0.6666666111111158,0.4999999701976776,0.42361109812354747,0.684210479259491,0.5263157486915588,0.5789473056793213
1,1,0.4999999583333368,0.5454545021057129,0.4166666983992189,0.6315788626670837,0.42105257511138916,0.42105257511138916
1,1,0.9999999166666736,0.1666666567325592,0.6416666696280362,0.8421051502227783,0.7368420362472534,0.6315788626670837
1,1,0.5833332847222263,0.5454545021057129,0.5863095342835767,0.8888887763023376,0.4999999403953552,0.611111044883728
1,1,0.5833332847222263,0.2222221940755844,0.2857143163265262,0.8333332538604736,0.555555522441864,0.4999999403953552
1,1,0.6666666111111158,0.45454540848731995,0.39583336670493785,0.666666567325592,0.555555522441864,0.555555522441864
1,1,0.7499999375000053,0.3636363446712494,0.4444444592016923,0.7777776718139648,0.666666567325592,0.611111044883728
1,1,0.7499999375000053,0.3636363446712494,0.3666666831983616,0.611111044883728,0.555555522441864,0.4444443881511688
1,1,0.5833332847222263,0.7499999403953552,0.3412698685707126,0.615384578704834,0.5384615063667297,0.4615384340286255
1,1,0.41666663194444736,0.6999999284744263,0.38333335346511044,0.923076868057251,0.5384615063667297,0.615384578704834
1,1,0.9166665902777842,0.27272725105285645,0.45359849144330155,0.6923076510429382,0.1538461446762085,0.4615384340286255
1,1,0.9999999166666736,0.3333333134651184,0.6666666820503862,0.615384578704834,0.5384615063667297,0.6923076510429382
1,2,0.6666666111111158,0.6666666269302368,0.31250002343749705,0.9999999403953552,0.7499999403953552,0.8333332538604736
1,1,0.5833332847222263,0.4999999403953552,0.5863095342835767,0.8888887763023376,0.555555522441864,0.4999999403953552
1,1,0.5833332847222263,0.333333283662796,0.2857143163265262,0.7222221493721008,0.611111044883728,0.4999999403953552
1,1,0.6666666111111158,0.3999999761581421,0.39583336670493785,0.7222221493721008,0.666666567325592,0.611111044883728
1,1,0.7499999375000053,0.45454540848731995,0.4444444592016923,0.8333332538604736,0.611111044883728,0.666666567325592
1,1,0.7499999375000053,0.1111110970377922,0.3666666831983616,0.8333332538604736,0.555555522441864,0.555555522441864
1,2,0.7499999375000053,0.4166666269302368,0.3819444592016923,0.9090908169746399,0.5454545021057129,0.7272726893424988
2,1,0.6666666111111158,0.4999999701976776,0.25000003124999604,0.9090908169746399,0.5454545021057129,0.7272726893424988
1,2,0.6666666111111158,0.4999999701976776,0.500000015624998,0.9090908169746399,0.6363635659217834,0.45454540848731995
2,1,0.9166665902777842,0.2499999850988388,0.6636363730528245,0.9999999403953552,0.3636363446712494,0.5454545021057129
2,1,0.7499999375000053,0.4166666269302368,0.38888890409603616,0.2857142388820648,0.7142856121063232,0.5714284777641296
1,1,0.5833332847222263,0.6666666269302368,0.457142871590553,0.7391303777694702,0.6956521272659302,0.5652173161506653
1,1,0.4999999583333368,0.4999999403953552,0.3333333849341005,0.8695651292800903,0.3913043141365051,0.43478256464004517
1,1,0.6666666111111158,0.45454540848731995,0.45833332909011637,0.5652173161506653,0.6086956262588501,0.30434781312942505
1,1,0.6666666111111158,0.5833333134651184,0.39583336670493785,0.7391303777694702,0.5652173161506653,0.3913043141365051
1,1,0.7499999375000053,0.4999999701976776,0.41666669511929055,0.8695651292800903,0.4782608151435852,0.7391303777694702
1,1,0.5833332847222263,0.45454540848731995,0.369047659593967,0.6923076510429382,0.42307689785957336,0.4999999701976776
1,1,0.6666666111111158,0.4999999701976776,0.45138888914680186,0.7692307233810425,0.615384578704834,0.38461536169052124
1,1,0.7499999375000053,0.27272725105285645,0.4444444592016923,0.7692307233810425,0.6538460850715637,0.4615384340286255
1,1,0.7499999375000053,0.4166666269302368,0.6333333488716175,0.8846153020858765,0.4999999701976776,0.6923076510429382
1,1,0.6666666111111158,0.4999999701976776,0.43750002343749705,0.6923076510429382,0.7692307233810425,0.5769230127334595
1,1,0.4999999583333368,0.5833333134651184,0.3333333849341005,0.8076922297477722,0.730769157409668,0.4999999701976776
1,1,0.4999999583333368,0.45454540848731995,0.4166666983992189,0.8846153020858765,0.5384615063667297,0.6923076510429382
1,1,0.7499999375000053,0.3333333134651184,0.5486111308354127,0.7692307233810425,0.615384578704834,0.38461536169052124
1,1,0.7499999375000053,0.3333333134651184,0.48333335781231423,0.6923076510429382,0.8076922297477722,0.4615384340286255
1,2,0.6666666111111158,0.27272725105285645,0.42361109812354747,0.8076922297477722,0.5769230127334595,0.4999999701976776
1,1,0.5833332847222263,0.4999999701976776,0.369047659593967,0.6129031777381897,0.5161290168762207,0.4838709235191345
1,1,0.6666666111111158,0.4166666269302368,0.45138888914680186,0.8064515590667725,0.6451612710952759,0.4516128897666931
1,1,0.7499999375000053,0.3333333134651184,0.4444444592016923,0.7419354319572449,0.6129031777381897,0.5806451439857483
1,1,0.7499999375000053,0.3333333134651184,0.6333333488716175,0.8709676861763,0.4516128897666931,0.7096773982048035
1,1,0.6666666111111158,0.4166666269302368,0.43750002343749705,0.7096773982048035,0.774193525314331,0.5161290168762207
1,1,0.6666666111111158,0.3636363446712494,0.42361109812354747,0.7083332538604736,0.3333333134651184,0.2916666567325592
1,1,0.8333332638888947,0.3333333134651184,0.38333333346511633,0.8333332538604736,0.4999999701976776,0.3333333134651184
1,1,0.6666666111111158,0.3636363446712494,0.6041666950712175,0.6666666269302368,0.458333283662796,0.5833333134651184
1,1,0.41666663194444736,0.6363635659217834,0.5083333534651104,0.7499999403953552,0.6249999403953552,0.458333283662796
1,1,0.6666666111111158,0.3636363446712494,0.31250003124999604,0.7499999403953552,0.7083332538604736,0.6666666269302368
1,1,0.7499999375000053,0.5833333134651184,0.5013889131554955,0.6896551251411438,0.6551723480224609,0.3448275625705719
1,1,0.7499999375000053,0.45454540848731995,0.3194444592016923,0.7931033968925476,0.6206896305084229,0.5517240762710571
1,1,0.4999999583333368,0.5999999642372131,0.3333333849341005,0.8275861740112305,0.6206896305084229,0.6206896305084229
1,1,0.8333332638888947,0.3636363446712494,0.35000001903953304,0.6896551251411438,0.58620685338974,0.41379308700561523
1,1,0.4999999583333368,0.7272726893424988,0.2500000416666597,0.7241379022598267,0.6551723480224609,0.4482758343219757
1,1,0.5833332847222263,0.4999999403953552,0.39682539101257663,0.7826086282730103,0.5217390656471252,0.3913043141365051
1,1,0.7499999375000053,0.45454540848731995,0.5500000205053379,0.7826086282730103,0.6521738767623901,0.5217390656471252
1,1,0.3333333055555579,0.666666567325592,0.2500000624999844,0.8260868787765503,0.7826086282730103,0.3913043141365051
1,1,0.7499999375000053,0.45454540848731995,0.3819444592016923,0.8695651292800903,0.5652173161506653,0.6086956262588501
1,1,0.3333333055555579,0.666666567325592,0.3750000624999844,0.7391303777694702,0.6086956262588501,0.6086956262588501
1,1,0.6666666111111158,0.4166666269302368,0.35416668017005626,0.714285671710968,0.5238094925880432,0.3809523582458496
1,1,0.5833332847222263,0.3636363446712494,0.5321428894719464,0.8571428060531616,0.5714285373687744,0.5714285373687744
1,1,0.7499999375000053,0.3333333134651184,0.3194444592016923,0.8571428060531616,0.6190475821495056,0.5714285373687744
1,1,0.6666666111111158,0.27272725105285645,0.45138888914680186,0.7619047164916992,0.7619047164916992,0.4285714030265808
1,1,0.5833332847222263,0.3636363446712494,0.42460318203583103,0.8571428060531616,0.5238094925880432,0.5714285373687744
1,1,0.5833332847222263,0.45454540848731995,0.4801587640823398,0.7894735932350159,0.6315788626670837,0.3684210181236267
1,1,0.7499999375000053,0.27272725105285645,0.3194444592016923,0.7894735932350159,0.5789473056793213,0.5789473056793213
1,1,0.6666666111111158,0.3636363446712494,0.37500003124999604,0.947368323802948,0.5263157486915588,0.5263157486915588
1,1,0.3333333055555579,0.7272726893424988,0.5000000312499921,0.7368420362472534,0.947368323802948,0.5263157486915588
1,1,0.6666666111111158,0.19999998807907104,0.43750003124999604,0.947368323802948,0.5789473056793213,0.5789473056793213
1,1,0.5833332847222263,0.29999998211860657,0.5863095342835767,0.8333332538604736,0.5833333134651184,0.458333283662796
1,1,0.5833332847222263,0.45454540848731995,0.2857143163265262,0.916666567325592,0.6249999403953552,0.458333283662796
1,1,0.6666666111111158,0.4999999701976776,0.39583336670493785,0.7083332538604736,0.4166666269302368,0.5416666269302368
1,1,0.7499999375000053,0.4166666269302368,0.4444444592016923,0.5833333134651184,0.5833333134651184,0.5416666269302368
1,1,0.7499999375000053,0.27272725105285645,0.3666666831983616,0.8333332538604736,0.7083332538604736,0.3749999701976776
1,1,0.7499999375000053,0.3333333134651184,0.5277777996076634,0.8333332538604736,0.555555522441864,0.611111044883728
1,1,0.9166665902777842,0.1666666567325592,0.44318183471074235,0.9444443583488464,0.7222221493721008,0.7222221493721008
1,1,0.5833332847222263,0.4999999701976776,0.4801587640823398,0.555555522441864,0.611111044883728,0.166666641831398
1,1,0.6666666111111158,0.4166666269302368,0.35416668017005626,0.8888887763023376,0.666666567325592,0.4999999403953552
1,1,0.6666666111111158,0.4166666269302368,0.31250003124999604,0.8888887763023376,0.7777776718139648,0.611111044883728
1,1,0.5833332847222263,0.4166666269302368,0.39682539101257663,0.863636314868927,0.40909087657928467,0.5454545021057129
1,1,0.7499999375000053,0.2499999850988388,0.5500000205053379,0.6363635659217834,0.5454545021057129,0.45454540848731995
1,1,0.3333333055555579,0.6666666269302368,0.2500000624999844,0.7272726893424988,0.6818181276321411,0.4999999701976776
1,1,0.7499999375000053,0.2499999850988388,0.3819444592016923,0.863636314868927,0.5454545021057129,0.5454545021057129
1,1,0.3333333055555579,0.6666666269302368,0.3750000624999844,0.6363635659217834,0.6363635659217834,0.5454545021057129
1,1,0.6666666111111158,0.27272725105285645,0.31250003124999604,0.8888887763023376,0.555555522441864,0.666666567325592
1,1,0.7499999375000053,0.1818181723356247,0.4652778024691331,0.611111044883728,0.7222221493721008,0.4999999403953552
1,1,0.41666663194444736,0.5454545021057129,0.5916666967325512,0.7777776718139648,0.7222221493721008,0.4999999403953552
1,1,0.5833332847222263,0.3636363446712494,0.3412698685707126,0.7777776718139648,0.7222221493721008,0.4444443881511688
1,1,0.9166665902777842,0.1666666567325592,0.589015163077022,0.9999998807907104,0.4999999403953552,0.4444443881511688
1,1,0.6666666111111158,0.45454540848731995,0.31250002343749705,0.804347813129425,0.47826087474823,0.54347825050354
1,1,0.7499999375000053,0.3636363446712494,0.3194444592016923,0.782608687877655,0.47826087474823,0.5869565010070801
1,1,0.4999999583333368,0.6363635659217834,0.2500000416666597,0.804347813129425,0.6086956262588501,0.5869565010070801
1,1,0.3333333055555579,0.6999999284744263,0.5000000312499921,0.6739130616188049,0.5652173757553101,0.54347825050354
1,1,0.6666666111111158,0.45454540848731995,0.37500003124999604,0.695652186870575,0.6521739363670349,0.52173912525177
1,1,0.6666666111111158,0.3333333134651184,0.36805557568168346,0.8499999046325684,0.5999999642372131,0.4999999403953552
1,1,0.8333332638888947,0.1666666567325592,0.3000000199999979,0.7999999523162842,0.44999995827674866,0.6999999284744263
1,1,0.7499999375000053,0.2499999850988388,0.3402778024691331,0.6999999284744263,0.6999999284744263,0.44999995827674866
1,1,0.6666666111111158,0.3333333134651184,0.5208333667049379,0.8499999046325684,0.5999999642372131,0.6499999165534973
1,1,0.8333332638888947,0.1666666567325592,0.42499999019767554,0.6999999284744263,0.5499999523162842,0.3999999761581421
1,1,0.6666666111111158,0.3636363446712494,0.42361109812354747,0.8064515590667725,0.4838709235191345,0.6129031777381897
1,1,0.8333332638888947,0.3333333134651184,0.38333333346511633,0.8064515590667725,0.7096773982048035,0.5483870506286621
1,1,0.6666666111111158,0.4999999701976776,0.6041666950712175,0.6129031777381897,0.5483870506286621,0.4838709235191345
1,1,0.41666663194444736,0.6363635659217834,0.5083333534651104,0.8064515590667725,0.6129031777381897,0.6451612710952759
1,1,0.6666666111111158,0.3636363446712494,0.31250003124999604,0.774193525314331,0.6129031777381897,0.4838709235191345
1,1,0.7499999375000053,0.2499999850988388,0.5013889131554955,0.7647058963775635,0.5588235259056091,0.38235294818878174
1,1,0.7499999375000053,0.2499999850988388,0.3194444592016923,0.7941176295280457,0.5,0.5
1,1,0.4999999583333368,0.4999999701976776,0.3333333849341005,0.8823529481887817,0.5,0.6764705777168274
1,1,0.8333332638888947,0.1666666567325592,0.35000001903953304,0.6176470518112183,0.5882353186607361,0.4117647111415863
1,1,0.4999999583333368,0.4999999701976776,0.2500000416666597,0.8235294222831726,0.6764705777168274,0.5882353186607361
1,1,0.4999999583333368,0.5833333134651184,0.2500000416666597,0.7894735932350159,0.684210479259491,0.5263157486915588
1,1,0.4999999583333368,0.45454540848731995,0.3333333849341005,0.7894735932350159,0.5789473056793213,0.6315788626670837
1,1,0.41666663194444736,0.5454545021057129,0.38333335346511044,0.7368420362472534,0.5789473056793213,0.5263157486915588
1,1,0.7499999375000053,0.3333333134651184,0.3819444592016923,0.5263157486915588,0.5263157486915588,0.42105257511138916
1,1,0.7499999375000053,0.3333333134651184,0.4500000264658024,0.684210479259491,0.473684161901474,0.3684210181236267
1,1,0.6666666111111158,0.5833333134651184,0.36805557568168346,0.8333332538604736,0.6333332657814026,0.5666666030883789
1,1,0.8333332638888947,0.4166666269302368,0.3000000199999979,0.7333332896232605,0.46666663885116577,0.5666666030883789
1,1,0.7499999375000053,0.4999999701976776,0.3402778024691331,0.7333332896232605,0.6999999284744263,0.6333332657814026
1,1,0.6666666111111158,0.45454540848731995,0.5208333667049379,0.8666666150093079,0.6333332657814026,0.6666666269302368
1,1,0.8333332638888947,0.4166666269302368,0.42499999019767554,0.6999999284744263,0.5999999642372131,0.3999999761581421
1,1,0.4999999583333368,0.45454540848731995,0.4166666983992189,0.8799999356269836,0.6799999475479126,0.7199999690055847
1,1,0.4999999583333368,0.45454540848731995,0.4166666983992189,0.7999999523162842,0.47999995946884155,0.559999942779541
1,1,0.6666666111111158,0.4166666269302368,0.31250003124999604,0.7599999308586121,0.35999998450279236,0.5199999809265137
1,1,0.7499999375000053,0.3333333134651184,0.47222221756115457,0.8399999141693115,0.559999942779541,0.6399999260902405
1,1,0.5833332847222263,0.4999999701976776,0.5654761910161359,0.6399999260902405,0.4399999678134918,0.4399999678134918
1,1,0.8333332638888947,0.1666666567325592,0.5555555434023269,0.6818181276321411,0.4999999701976776,0.3636363446712494
1,1,0.6666666111111158,0.3333333134651184,0.36805557568168346,0.6818181276321411,0.7727271914482117,0.45454540848731995
1,1,0.8333332638888947,0.1666666567325592,0.400000030960462,0.863636314868927,0.4999999701976776,0.6363635659217834
1,1,0.4999999583333368,0.4999999701976776,0.3333333849341005,0.8181817531585693,0.7272726893424988,0.5909090638160706
1,1,0.4999999583333368,0.4999999701976776,0.41666667457622486,0.6818181276321411,0.4999999701976776,0.45454540848731995
1,1,0.7499999375000053,0.4999999701976776,0.5277777996076634,0.8205128312110901,0.5897436141967773,0.6410256624221802
1,1,0.9166665902777842,0.3333333134651184,0.44318183471074235,0.8461538553237915,0.7179487347602844,0.6153846383094788
1,1,0.5833332847222263,0.6666666269302368,0.4801587640823398,0.692307710647583,0.6153846383094788,0.38461539149284363
1,1,0.6666666111111158,0.45454540848731995,0.35416668017005626,0.6666666865348816,0.6666666865348816,0.43589743971824646
1,1,0.6666666111111158,0.45454540848731995,0.31250003124999604,0.8717948794364929,0.692307710647583,0.6153846383094788
1,1,0.6666666111111158,0.2222221940755844,0.43750002343749705,0.7291666865348816,0.6458333134651184,0.5416666865348816
1,1,0.7499999375000053,0.45454540848731995,0.5972222324623158,0.7083333134651184,0.6666666865348816,0.5833333134651184
1,1,0.6666666111111158,0.3999999761581421,0.43750002343749705,0.8125,0.6458333134651184,0.4791666567325592
1,1,0.7499999375000053,0.5833333134651184,0.3611111159342515,0.7291666865348816,0.7083333134651184,0.5
1,1,0.7499999375000053,0.45454540848731995,0.2777778024691331,0.75,0.5416666865348816,0.5
1,1,0.8333332638888947,0.4166666269302368,0.5555555434023269,0.782608687877655,0.52173912525177,0.47826087474823
1,1,0.6666666111111158,0.45454540848731995,0.36805557568168346,0.760869562625885,0.695652186870575,0.5869565010070801
1,1,0.8333332638888947,0.4166666269302368,0.400000030960462,0.739130437374115,0.54347825050354,0.52173912525177
1,1,0.4999999583333368,0.6363635659217834,0.3333333849341005,0.695652186870575,0.695652186870575,0.3913043439388275
1,1,0.4999999583333368,0.6363635659217834,0.41666667457622486,0.739130437374115,0.52173912525177,0.5652173757553101
1,1,0.8333332638888947,0.2499999850988388,0.34166667673255713,0.7878788113594055,0.6666666865348816,0.4848484992980957
1,1,0.7499999375000053,0.1818181723356247,0.33333335185184976,0.7575757503509521,0.6666666865348816,0.5151515007019043
1,1,0.4999999583333368,0.45454540848731995,0.5208333611111065,0.8484848737716675,0.4848484992980957,0.6060606241226196
1,1,0.7499999375000053,0.3333333134651184,0.4861111457365739,0.8181818127632141,0.5454545617103577,0.4545454680919647
1,1,0.9166665902777842,0.0,0.6858585939504991,0.9696969985961914,0.6666666865348816,0.7272727489471436
1,1,0.5833332847222263,0.45454540848731995,0.42460318203583103,0.7857142686843872,0.625,0.5535714030265808
1,1,0.5833332847222263,0.45454540848731995,0.632142883511482,0.7857142686843872,0.5892857313156128,0.5714285969734192
1,1,0.5833332847222263,0.5833333134651184,0.3412698685707126,0.7321428656578064,0.5892857313156128,0.5
1,1,0.7499999375000053,0.4166666269302368,0.6000000175251057,0.875,0.5178571343421936,0.6071428656578064
1,1,0.9166665902777842,0.09090908616781235,0.6719697133400331,0.8035714030265808,0.6071428656578064,0.5535714030265808
1,1,0.8333332638888947,0.2499999850988388,0.40416667673255713,0.8799999356269836,0.5199999809265137,0.3999999761581421
1,1,0.6666666111111158,0.4166666269302368,0.31250003124999604,0.7999999523162842,0.35999998450279236,0.3999999761581421
1,1,0.41666663194444736,0.5454545021057129,0.38333335346511044,0.6799999475479126,0.47999995946884155,0.4399999678134918
1,1,0.7499999375000053,0.3333333134651184,0.3402778024691331,0.6799999475479126,0.7199999690055847,0.559999942779541
1,1,0.8333332638888947,0.09090908616781235,0.38333333346511633,0.9199999570846558,0.3999999761581421,0.5199999809265137
1,1,0.5833332847222263,0.29999998211860657,0.4801587640823398,0.8333333134651184,0.5166666507720947,0.5666666626930237
1,1,0.7499999375000053,0.27272725105285645,0.3194444592016923,0.800000011920929,0.6833333373069763,0.550000011920929
1,1,0.6666666111111158,0.3636363446712494,0.37500003124999604,0.8166666626930237,0.550000011920929,0.5333333611488342
1,1,0.3333333055555579,0.7272726893424988,0.5000000312499921,0.7833333611488342,0.6333333253860474,0.550000011920929
1,1,0.6666666111111158,0.3636363446712494,0.43750003124999604,0.8500000238418579,0.5666666626930237,0.550000011920929
1,1,0.7499999375000053,0.3333333134651184,0.3402778024691331,0.44999995827674866,0.6499999165534973,0.29999998211860657
1,1,0.5833332847222263,0.4999999701976776,0.369047659593967,0.6999999284744263,0.4999999403953552,0.34999996423721313
1,1,0.3333333055555579,0.6363635659217834,0.3750000624999844,0.7499999403953552,0.7999999523162842,0.5999999642372131
1,1,0.7499999375000053,0.3333333134651184,0.5333333697332432,0.6999999284744263,0.4999999403953552,0.5499999523162842
1,1,0.8333332638888947,0.2499999850988388,0.5187500199999979,0.8499999046325684,0.3999999761581421,0.6999999284744263
1,1,0.6666666111111158,0.3636363446712494,0.31250002343749705,0.6521738767623901,0.5652173161506653,0.3913043141365051
1,1,0.7499999375000053,0.4166666269302368,0.3194444592016923,0.8260868787765503,0.6521738767623901,0.6086956262588501
1,1,0.4999999583333368,0.6666666269302368,0.2500000416666597,0.8695651292800903,0.4782608151435852,0.5652173161506653
1,1,0.3333333055555579,0.7272726893424988,0.5000000312499921,0.6086956262588501,0.6521738767623901,0.5217390656471252
1,1,0.6666666111111158,0.4999999701976776,0.37500003124999604,0.6521738767623901,0.7391303777694702,0.6956521272659302
1,1,0.6666666111111158,0.3636363446712494,0.4250000275459269,0.7037036418914795,0.4814814329147339,0.4814814329147339
1,1,0.9166665902777842,0.09090908616781235,0.5580808237888704,0.7407407164573669,0.555555522441864,0.37037035822868347
1,2,0.7499999375000053,0.4166666269302368,0.4444444265379002,0.7407407164573669,0.7037036418914795,0.555555522441864
2,1,0.7499999375000053,0.4166666269302368,0.4027778024691331,0.7407407164573669,0.555555522441864,0.40740737318992615
2,1,0.7499999375000053,0.4166666269302368,0.5166666891588261,0.8148147463798523,0.5925925374031067,0.4814814329147339
1,1,0.6666666111111158,0.5833333134651184,0.36805557568168346,0.8421051502227783,0.5789473056793213,0.5789473056793213
1,1,0.8333332638888947,0.4166666269302368,0.3000000199999979,0.684210479259491,0.5789473056793213,0.42105257511138916
1,1,0.7499999375000053,0.4999999701976776,0.3402778024691331,0.6315788626670837,0.5263157486915588,0.6315788626670837
1,1,0.6666666111111158,0.5833333134651184,0.5208333667049379,0.7894735932350159,0.6315788626670837,0.6315788626670837
1,1,0.8333332638888947,0.4166666269302368,0.42499999019767554,0.7368420362472534,0.473684161901474,0.42105257511138916
1,2,0.41666663194444736,0.5454545021057129,0.42500003999999203,0.6857143044471741,0.5428571701049805,0.5714285969734192
1,2,0.9166665902777842,0.1666666567325592,0.817424248701883,0.4285714328289032,0.8571428656578064,0.6571428775787354
2,1,0.7499999375000053,0.1818181723356247,0.3402778024691331,0.8823529481887817,0.6176470518112183,0.529411792755127
2,1,0.5833332847222263,0.4999999701976776,0.3571428775510175,0.6764705777168274,0.47058823704719543,0.44117647409439087
2,1,0.9166665902777842,0.0,0.6969697043993364,0.8235294222831726,0.6176470518112183,0.6764705777168274
1,1,0.6666666111111158,0.4166666269302368,0.25000003124999604,0.9090908169746399,0.6363635659217834,0.6363635659217834
1,1,0.9166665902777842,0.1666666567325592,0.6636363730528245,0.9999999403953552,0.27272725105285645,0.6363635659217834
1,2,0.7499999375000053,0.1818181723356247,0.3819444592016923,0.8181817531585693,0.27272725105285645,0.5454545021057129
1,2,0.6666666111111158,0.27272725105285645,0.500000015624998,0.5454545021057129,0.5454545021057129,0.27272725105285645
2,1,0.7499999375000053,0.3333333134651184,0.38888890409603616,0.7777776718139648,0.7777776718139648,0.666666567325592
1,1,0.41666663194444736,0.4444443881511688,0.30000003999999203,0.6666666269302368,0.4814814329147339,0.4814814329147339
1,1,0.8333332638888947,0.27272725105285645,0.4458333632674387,0.7037036418914795,0.555555522441864,0.3333333134651184
1,1,0.2499999791666684,0.666666567325592,0.3333333888888703,0.8148147463798523,0.4444444179534912,0.555555522441864
1,1,0.7499999375000053,0.3636363446712494,0.3819444592016923,0.7407407164573669,0.6666666269302368,0.4444444179534912
1,2,0.6666666111111158,0.45454540848731995,0.31250003124999604,0.8461537957191467,0.615384578704834,0.4999999701976776
1,1,0.7499999375000053,0.45454540848731995,0.3819444592016923,0.5454545021057129,0.7272726893424988,0.3636363446712494
1,1,0.6666666111111158,0.6666666269302368,0.500000015624998,0.9090908169746399,0.8181817531585693,0.3636363446712494
2,1,0.6666666111111158,0.5454545021057129,0.25000003124999604,0.7777776718139648,0.666666567325592,0.666666567325592
2,1,0.9166665902777842,0.4166666269302368,0.6636363730528245,0.9999998807907104,0.1111110970377922,0.7777776718139648
1,2,0.6666666111111158,0.5454545021057129,0.39583336670493785,0.8181817531585693,0.8181817531585693,0.5454545021057129
1,2,0.6666666111111158,0.3636363446712494,0.39583336670493785,0.7499999403953552,0.5999999642372131,0.44999995827674866
1,2,0.8333332638888947,0.3333333134651184,0.35000001903953304,0.9499999284744263,0.6499999165534973,0.5999999642372131
1,2,0.6666666111111158,0.3636363446712494,0.5583333529319743,0.8999999165534973,0.44999995827674866,0.7499999403953552
1,2,0.9166665902777842,0.2499999850988388,0.48484849144330155,0.8499999046325684,0.6499999165534973,0.4999999403953552
1,2,0.7499999375000053,0.4166666269302368,0.3194444592016923,0.7272726893424988,0.6363635659217834,0.4999999701976776
1,1,0.7499999375000053,0.45454540848731995,0.3402778024691331,0.6086956262588501,0.6521738767623901,0.3478260636329651
1,1,0.5833332847222263,0.4999999403953552,0.369047659593967,0.5652173161506653,0.6521738767623901,0.3478260636329651
1,1,0.3333333055555579,0.7999999523162842,0.3750000624999844,0.6521738767623901,0.6086956262588501,0.5217390656471252
1,1,0.7499999375000053,0.45454540848731995,0.5333333697332432,0.8260868787765503,0.5217390656471252,0.6086956262588501
1,1,0.8333332638888947,0.3636363446712494,0.5187500199999979,0.8260868787765503,0.6086956262588501,0.6956521272659302
1,1,0.6666666111111158,0.45454540848731995,0.25000003124999604,0.8124998807907104,0.5624999403953552,0.7499999403953552
1,1,0.9166665902777842,0.3333333134651184,0.6636363730528245,0.9999998807907104,0.3124999701976776,0.7499999403953552
1,2,0.7499999375000053,0.4999999701976776,0.3819444592016923,0.7333332896232605,0.6666666269302368,0.5999999642372131
1,2,0.6666666111111158,0.29999998211860657,0.500000015624998,0.7333332896232605,0.6666666269302368,0.46666663885116577
2,1,0.7499999375000053,0.19999998807907104,0.38888890409603616,0.5714285373687744,0.4999999701976776,0.4285714030265808
1,2,0.7499999375000053,0.3636363446712494,0.3819444592016923,0.6923076510429382,0.6923076510429382,0.5384615063667297
2,1,0.6666666111111158,0.29999998211860657,0.25000003124999604,0.923076868057251,0.7692307233810425,0.7692307233810425
1,2,0.6666666111111158,0.45454540848731995,0.500000015624998,0.8461537957191467,0.38461536169052124,0.4615384340286255
2,1,0.9166665902777842,0.3333333134651184,0.6636363730528245,0.9999999403953552,0.307692289352417,0.6923076510429382
2,1,0.7499999375000053,0.3636363446712494,0.38888890409603616,0.7777776718139648,0.7777776718139648,0.555555522441864
1,1,0.6666666111111158,0.29999998211860657,0.39583336670493785,0.7333332896232605,0.5333333015441895,0.3333333134651184
1,1,0.8333332638888947,0.27272725105285645,0.35000001903953304,0.8666666150093079,0.5333333015441895,0.5333333015441895
1,1,0.6666666111111158,0.29999998211860657,0.5583333529319743,0.7999999523162842,0.46666663885116577,0.6666666269302368
1,1,0.9166665902777842,0.3333333134651184,0.48484849144330155,0.8666666150093079,0.7333332896232605,0.5333333015441895
1,2,0.7499999375000053,0.3636363446712494,0.3194444592016923,0.7333332896232605,0.5999999642372131,0.7999999523162842
2,1,0.7499999375000053,0.4999999701976776,0.38888890409603616,0.6666666269302368,0.5999999642372131,0.5333333015441895
2,1,0.6666666111111158,0.45454540848731995,0.35416668017005626,0.8666666150093079,0.7999999523162842,0.5333333015441895
1,2,0.6666666111111158,0.45454540848731995,0.25000003124999604,0.6666666269302368,0.46666663885116577,0.5999999642372131
2,1,0.9166665902777842,0.3333333134651184,0.5369318347107424,0.7333332896232605,0.6666666269302368,0.5999999642372131
2,1,0.7499999375000053,0.4999999701976776,0.7222222296008461,0.9999999403953552,0.6666666269302368,0.5999999642372131
2,1,0.7499999375000053,0.3333333134651184,0.3819444592016923,0.6666666269302368,0.7499999403953552,0.4166666269302368
2,1,0.6666666111111158,0.4166666269302368,0.500000015624998,0.9999999403953552,0.916666567325592,0.5833333134651184
2,1,0.6666666111111158,0.4166666269302368,0.25000003124999604,0.8333332538604736,0.4999999701976776,0.6666666269302368
2,1,0.9166665902777842,0.0,0.6636363730528245,0.9999999403953552,0.2499999850988388,0.8333332538604736
1,2,0.6666666111111158,0.27272725105285645,0.39583336670493785,0.8999999165534973,0.5999999642372131,0.4999999403953552
1,1,0.6666666111111158,0.4166666269302368,0.31250003124999604,0.8666666150093079,0.6666666269302368,0.5333333015441895
1,1,0.6666666111111158,0.4166666269302368,0.42361109812354747,0.7999999523162842,0.6666666269302368,0.3999999761581421
1,1,0.5833332847222263,0.3636363446712494,0.40714288947194643,0.7333332896232605,0.3999999761581421,0.5999999642372131
1,1,0.6666666111111158,0.4166666269302368,0.43750002343749705,0.7999999523162842,0.2666666507720947,0.7999999523162842
1,1,0.7499999375000053,0.3333333134651184,0.5166666891588261,0.5333333015441895,0.7999999523162842,0.7999999523162842
1,1,0.7499999375000053,0.27272725105285645,0.38888890409603616,0.6999999284744263,0.8999999165534973,0.5999999642372131
1,1,0.6666666111111158,0.4999999701976776,0.35416668017005626,0.8999999165534973,0.5999999642372131,0.6999999284744263
1,1,0.9166665902777842,0.2499999850988388,0.5369318347107424,0.8999999165534973,0.5999999642372131,0.4999999403953552
1,1,0.7499999375000053,0.27272725105285645,0.7222222296008461,0.9999998807907104,0.5999999642372131,0.7999999523162842
2,1,0.41666663194444736,0.6363635659217834,0.42500003999999203,0.8999999165534973,0.3999999761581421,0.6999999284744263
1,2,0.6666666111111158,0.45454540848731995,0.25000003124999604,0.7222221493721008,0.4999999403953552,0.555555522441864
1,2,0.9166665902777842,0.3333333134651184,0.6636363730528245,0.9999998807907104,0.166666641831398,0.7222221493721008
2,1,0.7499999375000053,0.19999998807907104,0.38888890409603616,0.4999999403953552,0.4999999403953552,0.333333283662796
1,2,0.7499999375000053,0.4999999701976776,0.3819444592016923,0.7222221493721008,0.7777776718139648,0.555555522441864
2,1,0.6666666111111158,0.5833333134651184,0.35416668017005626,0.7777776718139648,0.611111044883728,0.4999999403953552
1,1,0.7499999375000053,0.2499999850988388,0.5013889131554955,0.7647058963775635,0.7058823704719543,0.5588235259056091
1,1,0.7499999375000053,0.2499999850988388,0.3194444592016923,0.7941176295280457,0.6764705777168274,0.5588235259056091
1,1,0.4999999583333368,0.4999999701976776,0.3333333849341005,0.8823529481887817,0.5882353186607361,0.6470588445663452
1,1,0.8333332638888947,0.1666666567325592,0.35000001903953304,0.7647058963775635,0.529411792755127,0.5
1,1,0.4999999583333368,0.4999999701976776,0.2500000416666597,0.7941176295280457,0.529411792755127,0.5
1,1,0.41666663194444736,0.6363635659217834,0.5083333534651104,0.7432432174682617,0.5540540814399719,0.6081081032752991
1,1,0.5833332847222263,0.45454540848731995,0.5654761910161359,0.7297297120094299,0.5540540814399719,0.4324324429035187
1,1,0.41666663194444736,0.7499999403953552,0.46666669673255123,0.8243243098258972,0.5945945978164673,0.5540540814399719
1,1,0.8333332638888947,0.3333333134651184,0.5861111194883712,0.662162184715271,0.7702702879905701,0.6081081032752991
1,1,0.5833332847222263,0.45454540848731995,0.4801587640823398,0.8108108043670654,0.5675675868988037,0.5135135054588318
1,1,0.41666663194444736,0.555555522441864,0.5083333534651104,0.7142857313156128,0.5714285969734192,0.6285714507102966
1,1,0.5833332847222263,0.4999999403953552,0.5654761910161359,0.7714285850524902,0.5428571701049805,0.4000000059604645
1,1,0.41666663194444736,0.8181817531585693,0.46666669673255123,0.800000011920929,0.6000000238418579,0.5714285969734192
1,1,0.8333332638888947,0.4999999701976776,0.5861111194883712,0.7142857313156128,0.800000011920929,0.6857143044471741
1,1,0.5833332847222263,0.6363635659217834,0.4801587640823398,0.7714285850524902,0.5714285969734192,0.4571428596973419
1,1,0.6666666111111158,0.4999999403953552,0.42361109812354747,0.6521738767623901,0.43478256464004517,0.5652173161506653
1,1,0.6666666111111158,0.333333283662796,0.35416668017005626,0.6521738767623901,0.6521738767623901,0.43478256464004517
1,1,0.7499999375000053,0.3999999761581421,0.5166666891588261,0.9999999403953552,0.6086956262588501,0.6086956262588501
1,1,0.9166665902777842,0.4999999701976776,0.5181818227898134,0.9999999403953552,0.6086956262588501,0.8260868787765503
2,1,0.6666666111111158,0.6363635659217834,0.35416668017005626,0.863636314868927,0.5454545021057129,0.4999999701976776
1,1,0.5833332847222263,0.5999999642372131,0.42460318203583103,0.8333332538604736,0.458333283662796,0.458333283662796
1,1,0.4999999583333368,0.6999999284744263,0.49999999402067163,0.7083332538604736,0.6249999403953552,0.3749999701976776
1,1,0.5833332847222263,0.5999999642372131,0.4404761910161359,0.8749999403953552,0.6249999403953552,0.4999999701976776
1,1,0.5833332847222263,0.4444443881511688,0.4196428775510175,0.8333332538604736,0.6666666269302368,0.6249999403953552
1,1,0.8333332638888947,0.45454540848731995,0.3312500199999979,0.7499999403953552,0.4166666269302368,0.2916666567325592
1,1,0.8333332638888947,0.4999999701976776,0.5555555434023269,0.6363635659217834,0.4999999701976776,0.40909087657928467
1,1,0.6666666111111158,0.3999999761581421,0.36805557568168346,0.8181817531585693,0.7272726893424988,0.5454545021057129
1,1,0.8333332638888947,0.4999999701976776,0.400000030960462,0.6818181276321411,0.6363635659217834,0.4999999701976776
1,1,0.4999999583333368,0.7272726893424988,0.3333333849341005,0.6818181276321411,0.5909090638160706,0.5454545021057129
1,1,0.4999999583333368,0.5999999642372131,0.41666667457622486,0.6363635659217834,0.5909090638160706,0.3181817829608917
1,1,0.5833332847222263,0.5454545021057129,0.42460318203583103,0.7368420362472534,0.5263157486915588,0.3684210181236267
1,1,0.4999999583333368,0.4999999403953552,0.49999999402067163,0.5263157486915588,0.6315788626670837,0.3684210181236267
1,1,0.5833332847222263,0.3999999761581421,0.4404761910161359,0.8421051502227783,0.684210479259491,0.42105257511138916
1,1,0.5833332847222263,0.5454545021057129,0.4196428775510175,0.7894735932350159,0.5789473056793213,0.684210479259491
1,1,0.8333332638888947,0.27272725105285645,0.3312500199999979,0.7894735932350159,0.5263157486915588,0.5263157486915588
1,1,0.4999999583333368,0.4999999403953552,0.3333333849341005,0.7931033968925476,0.4482758343219757,0.58620685338974
1,1,0.8333332638888947,0.4166666269302368,0.5500000199999979,0.7241379022598267,0.6206896305084229,0.58620685338974
2,1,0.5833332847222263,0.5454545021057129,0.4404761910161359,0.9310344457626343,0.58620685338974,0.4827585816383362
2,1,0.6666666111111158,0.45454540848731995,0.7083333439912776,0.58620685338974,0.6206896305084229,0.41379308700561523
2,1,0.7499999375000053,0.19999998807907104,0.38888890409603616,0.4999999701976776,0.6428570747375488,0.2142857015132904
1,1,0.6666666111111158,0.3636363446712494,0.5083333410110453,0.8695651292800903,0.4782608151435852,0.5217390656471252
1,1,0.9166665902777842,0.09090908616781235,0.5181818227898134,0.8695651292800903,0.6086956262588501,0.4782608151435852
2,1,0.6666666111111158,0.4999999701976776,0.31250002343749705,0.7391303777694702,0.4782608151435852,0.4782608151435852
2,1,0.7499999375000053,0.27272725105285645,0.3194444592016923,0.8260868787765503,0.5652173161506653,0.6086956262588501
2,1,0.4999999583333368,0.3999999761581421,0.2500000416666597,0.8695651292800903,0.6521738767623901,0.6521738767623901
1,1,0.6666666111111158,0.7272726893424988,0.42361109812354747,0.7916666269302368,0.4166666269302368,0.4999999701976776
1,1,0.8333332638888947,0.3999999761581421,0.38333333346511633,0.8333332538604736,0.5833333134651184,0.5416666269302368
1,1,0.6666666111111158,0.7272726893424988,0.6041666950712175,0.8749999403953552,0.6249999403953552,0.458333283662796
1,1,0.41666663194444736,0.6249999403953552,0.5083333534651104,0.7499999403953552,0.8333332538604736,0.6666666269302368
1,1,0.6666666111111158,0.4444443881511688,0.31250003124999604,0.8749999403953552,0.7083332538604736,0.6249999403953552
1,1,0.5833332847222263,0.4999999403953552,0.39682539101257663,0.7857142686843872,0.4523809552192688,0.4047619104385376
1,1,0.7499999375000053,0.5833333134651184,0.5500000205053379,0.7857142686843872,0.6190476417541504,0.4761904776096344
1,1,0.3333333055555579,0.7999999523162842,0.2500000624999844,0.7857142686843872,0.761904776096344,0.5714285969734192
1,1,0.7499999375000053,0.29999998211860657,0.3819444592016923,0.7857142686843872,0.5714285969734192,0.523809552192688
1,1,0.3333333055555579,0.4999999403953552,0.3750000624999844,0.7142857313156128,0.5476190447807312,0.5952380895614624
1,1,0.4999999583333368,0.5833333134651184,0.4166666983992189,0.7999999523162842,0.3999999761581421,0.5999999642372131
1,1,0.4999999583333368,0.5833333134651184,0.4166666983992189,0.7333332896232605,0.46666663885116577,0.5333333015441895
1,1,0.6666666111111158,0.27272725105285645,0.31250003124999604,0.7333332896232605,0.2666666507720947,0.5333333015441895
1,1,0.7499999375000053,0.3333333134651184,0.47222221756115457,0.7333332896232605,0.5333333015441895,0.5999999642372131
1,1,0.5833332847222263,0.4999999701976776,0.5654761910161359,0.7999999523162842,0.6666666269302368,0.7333332896232605
1,1,0.7499999375000053,0.6666666269302368,0.38888890409603616,0.7222222089767456,0.5740740895271301,0.46296295523643494
1,1,0.8333332638888947,0.5833333134651184,0.681250009999999,0.6666666865348816,0.6666666865348816,0.3888888955116272
2,1,0.7499999375000053,0.3999999761581421,0.5138889040960362,0.7407407164573669,0.5925925970077515,0.5
1,2,0.5833332847222263,0.5999999642372131,0.4404761910161359,0.8333333134651184,0.5370370149612427,0.5925925970077515
2,1,0.5833332847222263,0.0,0.3968254506172214,0.8518518805503845,0.6296296119689941,0.5740740895271301
1,1,0.6666666111111158,0.4166666269302368,0.42361109812354747,0.6875,0.59375,0.375
1,1,0.6666666111111158,0.4166666269302368,0.35416668017005626,0.8125,0.5625,0.4375
1,1,0.7499999375000053,0.3333333134651184,0.5166666891588261,0.9375,0.625,0.71875
1,1,0.9166665902777842,0.0,0.5181818227898134,0.9375,0.5625,0.6875
2,1,0.6666666111111158,0.4166666269302368,0.35416668017005626,0.8064515590667725,0.6129031777381897,0.4516128897666931
1,1,0.8333332638888947,0.1666666567325592,0.34166667673255713,0.8695651292800903,0.6086956262588501,0.5217390656471252
1,1,0.7499999375000053,0.2499999850988388,0.33333335185184976,0.9130433797836304,0.6956521272659302,0.7391303777694702
1,1,0.4999999583333368,0.4999999701976776,0.5208333611111065,0.7391303777694702,0.6521738767623901,0.5652173161506653
1,1,0.7499999375000053,0.2499999850988388,0.4861111457365739,0.8260868787765503,0.6086956262588501,0.6086956262588501
1,1,0.9166665902777842,0.0833333283662796,0.6858585939504991,0.6956521272659302,0.8260868787765503,0.6086956262588501
1,1,0.7499999375000053,0.19999998807907104,0.38888890409603616,0.7027027010917664,0.6486486196517944,0.45945945382118225
1,1,0.8333332638888947,0.09999999403953552,0.681250009999999,0.7027027010917664,0.6216216087341309,0.4324324429035187
2,1,0.7499999375000053,0.4999999701976776,0.5138889040960362,0.7297297120094299,0.6216216087341309,0.6216216087341309
1,2,0.5833332847222263,0.5454545021057129,0.4404761910161359,0.8108108043670654,0.5135135054588318,0.4864864945411682
2,1,0.5833332847222263,0.6666666269302368,0.3968254506172214,0.7297297120094299,0.6216216087341309,0.5945945978164673
1,1,0.7499999375000053,0.6363635659217834,0.500000008584409,0.8666666150093079,0.4999999701976776,0.5333333015441895
1,1,0.8333332638888947,0.3999999761581421,0.3625000199999979,0.7333332896232605,0.6333332657814026,0.5333333015441895
1,1,0.5833332847222263,0.555555522441864,0.5321428894719464,0.6999999284744263,0.5999999642372131,0.4999999701976776
1,1,0.9999999166666736,0.4999999701976776,0.5555555626608522,0.5666666030883789,0.6666666269302368,0.3999999761581421
1,1,0.9166665902777842,0.5833333134651184,0.48484852124562394,0.6333332657814026,0.8333332538604736,0.2666666507720947
1,1,0.5833332847222263,0.3999999761581421,0.369047659593967,0.7647058963775635,0.5882353186607361,0.44117647409439087
1,1,0.9166665902777842,0.3333333134651184,0.48484849144330155,0.7352941036224365,0.6764705777168274,0.38235294818878174
1,2,0.5833332847222263,0.3999999761581421,0.369047659593967,0.7575757503509521,0.5454545617103577,0.4848484992980957
2,1,0.8333332638888947,0.4166666269302368,0.34166667673255713,0.6666666865348816,0.8787878751754761,0.5454545617103577
2,1,0.7499999375000053,0.3636363446712494,0.33333335185184976,0.7878788113594055,0.5454545617103577,0.5454545617103577
1,1,0.5833332847222263,0.4166666269302368,0.5863095342835767,0.7692307233810425,0.42307689785957336,0.5384615063667297
1,1,0.5833332847222263,0.4166666269302368,0.2857143163265262,0.7692307233810425,0.5769230127334595,0.42307689785957336
1,1,0.6666666111111158,0.3333333134651184,0.39583336670493785,0.730769157409668,0.615384578704834,0.4615384340286255
1,1,0.7499999375000053,0.2499999850988388,0.4444444592016923,0.730769157409668,0.615384578704834,0.5769230127334595
1,1,0.7499999375000053,0.2499999850988388,0.3666666831983616,0.6923076510429382,0.4615384340286255,0.4999999701976776
1,1,0.5833332847222263,0.4999999403953552,0.42460318203583103,0.7777776718139648,0.333333283662796,0.4444443881511688
1,1,0.4999999583333368,0.4444443881511688,0.49999999402067163,0.611111044883728,0.611111044883728,0.3888888359069824
1,1,0.5833332847222263,0.6363635659217834,0.4404761910161359,0.7777776718139648,0.7777776718139648,0.333333283662796
1,1,0.5833332847222263,0.4999999403953552,0.4196428775510175,0.7777776718139648,0.666666567325592,0.7222221493721008
1,1,0.8333332638888947,0.4999999701976776,0.3312500199999979,0.8333332538604736,0.555555522441864,0.4444443881511688
1,1,0.8333332638888947,0.4166666269302368,0.34166667673255713,0.699999988079071,0.7200000286102295,0.4399999976158142
1,1,0.7499999375000053,0.3636363446712494,0.33333335185184976,0.800000011920929,0.6200000047683716,0.5799999833106995
1,1,0.4999999583333368,0.6363635659217834,0.5208333611111065,0.7799999713897705,0.5799999833106995,0.6200000047683716
1,1,0.7499999375000053,0.4999999701976776,0.4861111457365739,0.800000011920929,0.6800000071525574,0.5
1,1,0.9166665902777842,0.3333333134651184,0.6858585939504991,0.8399999737739563,0.800000011920929,0.6000000238418579
1,1,0.5833332847222263,0.3999999761581421,0.5863095342835767,0.7551020383834839,0.5714285969734192,0.5102040767669678
1,1,0.5833332847222263,0.2222221940755844,0.2857143163265262,0.8979591727256775,0.6530612111091614,0.6122449040412903
1,1,0.6666666111111158,0.29999998211860657,0.39583336670493785,0.6530612111091614,0.5510203838348389,0.44897958636283875
1,1,0.7499999375000053,0.3636363446712494,0.4444444592016923,0.7551020383834839,0.5306122303009033,0.5306122303009033
1,1,0.7499999375000053,0.0,0.3666666831983616,0.7551020383834839,0.6530612111091614,0.4285714328289032
1,1,0.5833332847222263,0.6666666269302368,0.4801587640823398,0.8947367668151855,0.5263157486915588,0.684210479259491
1,1,0.7499999375000053,0.3636363446712494,0.3194444592016923,0.8421051502227783,0.684210479259491,0.5263157486915588
1,1,0.6666666111111158,0.5833333134651184,0.37500003124999604,0.7368420362472534,0.5263157486915588,0.5263157486915588
1,1,0.3333333055555579,0.555555522441864,0.5000000312499921,0.684210479259491,0.684210479259491,0.31578943133354187
1,1,0.6666666111111158,0.29999998211860657,0.43750003124999604,0.8421051502227783,0.5263157486915588,0.473684161901474
1,1,0.6666666111111158,0.19999998807907104,0.35416668017005626,0.7594936490058899,0.6202531456947327,0.4556961953639984
1,1,0.8333332638888947,0.3333333134651184,0.35000001903953304,0.8101266026496887,0.607594907283783,0.5569620132446289
1,1,0.5833332847222263,0.5833333134651184,0.369047659593967,0.8101266026496887,0.5189873576164246,0.594936728477478
1,1,0.8333332638888947,0.0,0.34166667673255713,0.7215189933776855,0.607594907283783,0.4810126721858978
1,1,0.7499999375000053,0.4166666269302368,0.41666669511929055,0.6835442781448364,0.594936728477478,0.4810126721858978
1,1,0.7499999375000053,0.3636363446712494,0.5277777996076634,0.7999999523162842,0.47999995946884155,0.5199999809265137
1,1,0.9166665902777842,0.3333333134651184,0.44318183471074235,0.7599999308586121,0.6399999260902405,0.47999995946884155
1,1,0.5833332847222263,0.5454545021057129,0.4801587640823398,0.7599999308586121,0.5999999642372131,0.3999999761581421
1,1,0.6666666111111158,0.45454540848731995,0.35416668017005626,0.8399999141693115,0.7599999308586121,0.7199999690055847
1,1,0.6666666111111158,0.5833333134651184,0.31250003124999604,0.8399999141693115,0.5999999642372131,0.5199999809265137
1,1,0.6666666111111158,0.4999999701976776,0.31250002343749705,0.71875,0.71875,0.375
1,1,0.8333332638888947,0.1818181723356247,0.4250000199999979,0.875,0.65625,0.46875
2,1,0.41666663194444736,0.7499999403953552,0.5083333534651104,0.7096773982048035,0.5483870506286621,0.5806451439857483
1,2,0.4999999583333368,0.3999999761581421,0.3333333849341005,0.774193525314331,0.5806451439857483,0.5806451439857483
2,1,0.5833332847222263,0.45454540848731995,0.5654761910161359,0.8387096524238586,0.6451612710952759,0.5483870506286621
1,1,0.5833332847222263,0.5999999642372131,0.5863095342835767,0.8181817531585693,0.45454540848731995,0.3636363446712494
1,1,0.5833332847222263,0.4444443881511688,0.2857143163265262,0.7272726893424988,0.7727271914482117,0.40909087657928467
1,1,0.6666666111111158,0.4999999403953552,0.39583336670493785,0.7272726893424988,0.5454545021057129,0.5909090638160706
1,1,0.7499999375000053,0.2222221940755844,0.4444444592016923,0.7727271914482117,0.40909087657928467,0.4999999701976776
1,1,0.7499999375000053,0.5454545021057129,0.3666666831983616,0.8181817531585693,0.7272726893424988,0.40909087657928467
1,1,0.5833332847222263,0.3636363446712494,0.5863095342835767,0.7454545497894287,0.581818163394928,0.4909090995788574
1,1,0.5833332847222263,0.4999999701976776,0.2857143163265262,0.8545454740524292,0.581818163394928,0.5636363625526428
1,1,0.6666666111111158,0.4166666269302368,0.39583336670493785,0.6909090876579285,0.4727272689342499,0.4545454680919647
1,1,0.7499999375000053,0.1818181723356247,0.4444444592016923,0.7272727489471436,0.5454545617103577,0.6000000238418579
1,1,0.7499999375000053,0.3333333134651184,0.3666666831983616,0.7818182110786438,0.5636363625526428,0.4727272689342499
1,1,0.8333332638888947,0.1666666567325592,0.40416667673255713,0.9374998807907104,0.6874999403953552,0.4374999403953552
1,1,0.6666666111111158,0.3333333134651184,0.31250003124999604,0.8124998807907104,0.4999999403953552,0.4999999403953552
1,1,0.41666663194444736,0.5833333134651184,0.38333335346511044,0.6249999403953552,0.6874999403953552,0.5624999403953552
1,1,0.7499999375000053,0.2499999850988388,0.3402778024691331,0.4999999403953552,0.6249999403953552,0.4999999403953552
1,1,0.8333332638888947,0.1666666567325592,0.38333333346511633,0.9374998807907104,0.4374999403953552,0.7499999403953552
1,1,0.5833332847222263,0.4166666269302368,0.457142871590553,0.9411763548851013,0.7058822512626648,0.5294117331504822
1,1,0.4999999583333368,0.4999999701976776,0.3333333849341005,0.6470587253570557,0.5294117331504822,0.47058817744255066
1,1,0.6666666111111158,0.3333333134651184,0.45833332909011637,0.8823528289794922,0.41176465153694153,0.47058817744255066
1,1,0.6666666111111158,0.3333333134651184,0.39583336670493785,0.6470587253570557,0.7058822512626648,0.5294117331504822
1,1,0.7499999375000053,0.2499999850988388,0.41666669511929055,0.8823528289794922,0.5882351994514465,0.5882351994514465
1,1,0.5833332847222263,0.3999999761581421,0.40714288947194643,0.7499999403953552,0.5833333134651184,0.458333283662796
1,1,0.7499999375000053,0.3636363446712494,0.3402778024691331,0.7916666269302368,0.4999999701976776,0.5416666269302368
1,1,0.7499999375000053,0.19999998807907104,0.3819444592016923,0.8749999403953552,0.4999999701976776,0.4166666269302368
1,1,0.4999999583333368,0.6363635659217834,0.41666667457622486,0.7499999403953552,0.5416666269302368,0.5833333134651184
1,1,0.9166665902777842,0.3333333134651184,0.45606063069540415,0.8749999403953552,0.4166666269302368,0.4999999701976776
1,1,0.7499999375000053,0.1818181723356247,0.5013889131554955,0.6818181276321411,0.5454545021057129,0.3636363446712494
1,1,0.7499999375000053,0.3333333134651184,0.3194444592016923,0.7272726893424988,0.5454545021057129,0.5909090638160706
1,1,0.4999999583333368,0.5833333134651184,0.3333333849341005,0.8181817531585693,0.6363635659217834,0.5909090638160706
1,1,0.8333332638888947,0.2499999850988388,0.35000001903953304,0.8181817531585693,0.5454545021057129,0.5909090638160706
1,1,0.4999999583333368,0.45454540848731995,0.2500000416666597,0.863636314868927,0.7272726893424988,0.40909087657928467
1,1,0.5833332847222263,0.5454545021057129,0.5863095342835767,0.7619047164916992,0.5238094925880432,0.4285714030265808
1,1,0.5833332847222263,0.3999999761581421,0.2857143163265262,0.9047618508338928,0.5714285373687744,0.5714285373687744
1,1,0.6666666111111158,0.29999998211860657,0.39583336670493785,0.5714285373687744,0.4285714030265808,0.476190447807312
1,1,0.7499999375000053,0.3636363446712494,0.4444444592016923,0.8571428060531616,0.5238094925880432,0.714285671710968
1,1,0.7499999375000053,0.3636363446712494,0.3666666831983616,0.8095237612724304,0.6666666269302368,0.476190447807312
1,1,0.6666666111111158,0.45454540848731995,0.36805557568168346,0.6521738767623901,0.6086956262588501,0.4782608151435852
1,1,0.8333332638888947,0.4166666269302368,0.3000000199999979,0.6956521272659302,0.5652173161506653,0.43478256464004517
1,1,0.7499999375000053,0.4999999701976776,0.3402778024691331,0.8695651292800903,0.5652173161506653,0.7391303777694702
1,1,0.6666666111111158,0.29999998211860657,0.5208333667049379,0.7826086282730103,0.7391303777694702,0.6086956262588501
1,1,0.8333332638888947,0.27272725105285645,0.42499999019767554,0.8260868787765503,0.6521738767623901,0.4782608151435852
1,1,0.6666666111111158,0.6363635659217834,0.35416668017005626,0.7272726893424988,0.6363635659217834,0.4999999701976776
1,1,0.8333332638888947,0.29999998211860657,0.35000001903953304,0.7727271914482117,0.5454545021057129,0.6363635659217834
1,1,0.5833332847222263,0.5999999642372131,0.369047659593967,0.6363635659217834,0.27272725105285645,0.5909090638160706
1,1,0.8333332638888947,0.45454540848731995,0.34166667673255713,0.7727271914482117,0.6818181276321411,0.5454545021057129
1,1,0.7499999375000053,0.3999999761581421,0.41666669511929055,0.6818181276321411,0.5909090638160706,0.3636363446712494
1,1,0.6666666111111158,0.6363635659217834,0.35416668017005626,0.714285671710968,0.5714285373687744,0.476190447807312
1,1,0.8333332638888947,0.45454540848731995,0.35000001903953304,0.8571428060531616,0.714285671710968,0.5714285373687744
1,1,0.5833332847222263,0.4444443881511688,0.369047659593967,0.8095237612724304,0.476190447807312,0.6666666269302368
1,1,0.8333332638888947,0.5833333134651184,0.34166667673255713,0.714285671710968,0.7619047164916992,0.5714285373687744
1,1,0.7499999375000053,0.3999999761581421,0.41666669511929055,0.714285671710968,0.476190447807312,0.3333333134651184
2,1,0.6666666111111158,0.4166666269302368,0.43750002343749705,0.7941176295280457,0.5882353186607361,0.5588235259056091
2,1,0.9166665902777842,0.1666666567325592,0.7111742457216508,1.0,0.8529411554336548,0.8823529481887817
2,1,0.4999999583333368,0.5833333134651184,0.33333336111110645,0.7941176295280457,0.7352941036224365,0.5
2,1,0.6666666111111158,0.4166666269302368,0.42361109812354747,0.6764705777168274,0.47058823704719543,0.529411792755127
2,1,0.41666663194444736,0.5454545021057129,0.42500003999999203,0.7499999403953552,0.5357142686843872,0.6785714030265808
1,1,0.6666666111111158,0.45454540848731995,0.35416668017005626,0.5714285969734192,0.5714285969734192,0.3877550959587097
1,1,0.5833332847222263,0.5454545021057129,0.5321428894719464,0.7142857313156128,0.795918345451355,0.44897958636283875
1,1,0.7499999375000053,0.19999998807907104,0.3194444592016923,0.6938775777816772,0.6530612111091614,0.5102040767669678
1,1,0.6666666111111158,0.45454540848731995,0.45138888914680186,0.7755101919174194,0.6326530575752258,0.5102040767669678
1,1,0.5833332847222263,0.3999999761581421,0.42460318203583103,0.8163265585899353,0.6122449040412903,0.4693877696990967
1,1,0.8333332638888947,0.2499999850988388,0.40416667673255713,0.8823528289794922,0.6470587253570557,0.3529411256313324
1,1,0.6666666111111158,0.4166666269302368,0.31250003124999604,0.5882351994514465,0.6470587253570557,0.41176465153694153
1,1,0.41666663194444736,0.5454545021057129,0.38333335346511044,0.7058822512626648,0.5294117331504822,0.5294117331504822
1,1,0.7499999375000053,0.3333333134651184,0.3402778024691331,0.7058822512626648,0.5882351994514465,0.5294117331504822
1,1,0.8333332638888947,0.2499999850988388,0.38333333346511633,0.8823528289794922,0.5294117331504822,0.7647057771682739
1,1,0.8333332638888947,0.2499999850988388,0.5555555434023269,0.7727271914482117,0.6363635659217834,0.4999999701976776
1,1,0.6666666111111158,0.27272725105285645,0.36805557568168346,0.7272726893424988,0.7727271914482117,0.5909090638160706
1,1,0.8333332638888947,0.2499999850988388,0.400000030960462,0.8181817531585693,0.5909090638160706,0.6363635659217834
1,1,0.4999999583333368,0.45454540848731995,0.3333333849341005,0.6363635659217834,0.6363635659217834,0.5454545021057129
1,1,0.4999999583333368,0.45454540848731995,0.41666667457622486,0.6818181276321411,0.4999999701976776,0.45454540848731995
1,1,0.6666666111111158,0.45454540848731995,0.35416668017005626,0.5499999523162842,0.5499999523162842,0.3999999761581421
1,1,0.5833332847222263,0.5454545021057129,0.5321428894719464,0.6499999165534973,0.7999999523162842,0.3999999761581421
1,1,0.7499999375000053,0.3636363446712494,0.3194444592016923,0.7999999523162842,0.6999999284744263,0.6999999284744263
1,1,0.6666666111111158,0.29999998211860657,0.45138888914680186,0.7999999523162842,0.5999999642372131,0.4999999403953552
1,1,0.5833332847222263,0.5454545021057129,0.42460318203583103,0.6999999284744263,0.5999999642372131,0.4999999403953552
1,1,0.6666666111111158,0.3333333134651184,0.35416668017005626,0.7727271914482117,0.7272726893424988,0.3636363446712494
1,1,0.8333332638888947,0.1666666567325592,0.35000001903953304,0.863636314868927,0.6363635659217834,0.6363635659217834
1,1,0.5833332847222263,0.4166666269302368,0.369047659593967,0.863636314868927,0.45454540848731995,0.863636314868927
1,1,0.8333332638888947,0.1666666567325592,0.34166667673255713,0.7272726893424988,0.5909090638160706,0.45454540848731995
1,1,0.7499999375000053,0.2499999850988388,0.41666669511929055,0.7727271914482117,0.6363635659217834,0.40909087657928467
1,1,0.4999999583333368,0.6363635659217834,0.33333336111110645,0.7499999403953552,0.5499999523162842,0.29999998211860657
1,1,0.9999999166666736,0.2499999850988388,0.6249999806143434,0.6499999165534973,0.5999999642372131,0.44999995827674866
1,2,0.5833332847222263,0.5454545021057129,0.4801587640823398,0.8499999046325684,0.5999999642372131,0.44999995827674866
2,1,0.4999999583333368,0.4999999403953552,0.39583336111110645,0.6499999165534973,0.5999999642372131,0.44999995827674866
1,2,0.7499999375000053,0.3636363446712494,0.3194444592016923,0.9499999284744263,0.6999999284744263,0.4999999403953552
1,1,0.4999999583333368,0.4999999403953552,0.39583336111110645,0.8235293030738831,0.5294117331504822,0.47058817744255066
1,1,0.4999999583333368,0.6363635659217834,0.45833336111110645,0.7058822512626648,0.3529411256313324,0.5294117331504822
1,1,0.4999999583333368,0.4999999403953552,0.5208333611111065,0.7058822512626648,0.6470587253570557,0.47058817744255066
1,1,0.7499999375000053,0.3636363446712494,0.4444444592016923,0.8823528289794922,0.5294117331504822,0.5882351994514465
1,1,0.7499999375000053,0.3636363446712494,0.603174602747857,0.5882351994514465,0.6470587253570557,0.47058817744255066
1,1,0.4999999583333368,0.3999999761581421,0.4166666983992189,0.8333332538604736,0.666666567325592,0.666666567325592
1,1,0.4999999583333368,0.5454545021057129,0.4166666983992189,0.666666567325592,0.555555522441864,0.333333283662796
1,1,0.6666666111111158,0.3636363446712494,0.31250003124999604,0.7777776718139648,0.3888888359069824,0.555555522441864
1,1,0.7499999375000053,0.27272725105285645,0.47222221756115457,0.8333332538604736,0.611111044883728,0.555555522441864
1,1,0.5833332847222263,0.45454540848731995,0.5654761910161359,0.7777776718139648,0.3888888359069824,0.555555522441864
1,1,0.4999999583333368,0.6666666269302368,0.2500000416666597,0.7826086282730103,0.43478256464004517,0.43478256464004517
1,1,0.4999999583333368,0.5454545021057129,0.3333333849341005,0.7826086282730103,0.5217390656471252,0.5217390656471252
1,1,0.41666663194444736,0.6363635659217834,0.38333335346511044,0.6956521272659302,0.6086956262588501,0.3478260636329651
1,1,0.7499999375000053,0.4166666269302368,0.3819444592016923,0.6086956262588501,0.5652173161506653,0.3478260636329651
1,1,0.7499999375000053,0.4166666269302368,0.4500000264658024,0.6521738767623901,0.43478256464004517,0.5217390656471252
1,1,0.6666666111111158,0.3333333134651184,0.31250003124999604,0.7999999523162842,0.5999999642372131,0.6666666269302368
1,1,0.7499999375000053,0.2499999850988388,0.4652778024691331,0.5999999642372131,0.5333333015441895,0.6666666269302368
1,1,0.41666663194444736,0.5833333134651184,0.5916666967325512,0.9333332777023315,0.5333333015441895,0.5999999642372131
1,1,0.5833332847222263,0.4166666269302368,0.3412698685707126,0.7999999523162842,0.7999999523162842,0.6666666269302368
1,1,0.9166665902777842,0.0833333283662796,0.589015163077022,0.9999999403953552,0.3333333134651184,0.5333333015441895
1,1,0.7499999375000053,0.4166666269302368,0.3819444592016923,0.8947367668151855,0.684210479259491,0.684210479259491
1,1,0.5833332847222263,0.45454540848731995,0.3412698685707126,0.8421051502227783,0.7368420362472534,0.42105257511138916
1,1,0.8333332638888947,0.3333333134651184,0.5166666717325576,0.8421051502227783,0.5263157486915588,0.5789473056793213
1,1,0.9166665902777842,0.09090908616781235,0.7191919252970109,0.947368323802948,0.6315788626670837,0.6315788626670837
2,1,0.6666666111111158,0.4999999701976776,0.31250002343749705,0.8947367668151855,0.6315788626670837,0.684210479259491
1,1,0.4999999583333368,0.4999999403953552,0.3333333849341005,0.7999999523162842,0.6399999260902405,0.6399999260902405
1,1,0.4999999583333368,0.333333283662796,0.4166666983992189,0.7999999523162842,0.5999999642372131,0.6399999260902405
1,1,0.7499999375000053,0.0,0.5486111308354127,0.9599999189376831,0.7999999523162842,0.6399999260902405
1,1,0.7499999375000053,0.4999999701976776,0.48333335781231423,0.8399999141693115,0.559999942779541,0.559999942779541
1,2,0.6666666111111158,0.29999998211860657,0.42361109812354747,0.7599999308586121,0.4399999678134918,0.559999942779541
1,2,0.7499999375000053,0.4999999701976776,0.500000008584409,0.8297872543334961,0.5531914830207825,0.5319148898124695
1,2,0.8333332638888947,0.4166666269302368,0.3625000199999979,0.7446808218955994,0.5957446694374084,0.5957446694374084
2,1,0.4999999583333368,0.4999999403953552,0.3333333849341005,0.8260869383811951,0.5652173757553101,0.5
1,2,0.5833332847222263,0.6666666269302368,0.5321428894719464,0.6595744490623474,0.5319148898124695,0.4680851101875305
1,2,0.9999999166666736,0.2499999850988388,0.5555555626608522,0.6808510422706604,0.7021276354789734,0.5319148898124695
1,1,0.7499999375000053,0.29999998211860657,0.5138889040960362,0.6603773832321167,0.7169811129570007,0.5660377144813538
1,1,0.5833332847222263,0.333333283662796,0.3968254506172214,0.7547169923782349,0.6037735939025879,0.5283018946647644
2,1,0.7499999375000053,0.5833333134651184,0.4444444265379002,0.807692289352417,0.5,0.5192307829856873
1,2,0.7499999375000053,0.45454540848731995,0.38888890409603616,0.7307692170143127,0.48076921701431274,0.42307692766189575
2,1,0.6666666111111158,0.5454545021057129,0.37500003124999604,0.7307692170143127,0.6538461446762085,0.5384615659713745
2,1,0.7499999375000053,0.4166666269302368,0.3402778024691331,0.692307710647583,0.5641025900840759,0.5128205418586731
2,1,0.5833332847222263,0.45454540848731995,0.3571428775510175,0.7435897588729858,0.4871794879436493,0.5128205418586731
2,1,0.9166665902777842,0.2499999850988388,0.6969697043993364,0.8205128312110901,0.4871794879436493,0.6410256624221802
2,1,0.9166665902777842,0.2499999850988388,0.5160984914433016,0.6410256624221802,0.5384615659713745,0.41025641560554504
1,2,0.41666663194444736,0.4999999403953552,0.42500003999999203,0.7435897588729858,0.41025641560554504,0.6153846383094788
1,1,0.7499999375000053,0.45454540848731995,0.500000008584409,0.7924528121948242,0.5471698045730591,0.5283018946647644
1,1,0.8333332638888947,0.19999998807907104,0.3625000199999979,0.7924528121948242,0.6603773832321167,0.5660377144813538
1,1,0.5833332847222263,0.4999999403953552,0.5321428894719464,0.7169811129570007,0.37735849618911743,0.5094339847564697
1,1,0.9999999166666736,0.3333333134651184,0.5555555626608522,0.6792452931404114,0.7358490824699402,0.5283018946647644
1,1,0.9166665902777842,0.4166666269302368,0.48484852124562394,0.6792452931404114,0.698113203048706,0.3962264060974121
1,1,0.6666666111111158,0.27272725105285645,0.42361109812354747,0.7199999690055847,0.5199999809265137,0.559999942779541
1,1,0.6666666111111158,0.4166666269302368,0.35416668017005626,0.6399999260902405,0.6399999260902405,0.2799999713897705
1,1,0.7499999375000053,0.3333333134651184,0.5166666891588261,0.8799999356269836,0.559999942779541,0.559999942779541
1,1,0.9166665902777842,0.1666666567325592,0.5181818227898134,0.9199999570846558,0.559999942779541,0.6799999475479126
2,1,0.6666666111111158,0.4166666269302368,0.35416668017005626,0.7916666269302368,0.6249999403953552,0.3333333134651184
1,1,0.4999999583333368,0.5833333134651184,0.3333333849341005,0.7333332896232605,0.6999999284744263,0.5666666030883789
1,1,0.4999999583333368,0.5833333134651184,0.4166666983992189,0.8999999165534973,0.5999999642372131,0.6999999284744263
1,1,0.7499999375000053,0.3333333134651184,0.5486111308354127,0.6999999284744263,0.4999999701976776,0.46666663885116577
1,1,0.7499999375000053,0.1818181723356247,0.48333335781231423,0.6999999284744263,0.7999999523162842,0.46666663885116577
1,2,0.6666666111111158,0.4166666269302368,0.42361109812354747,0.8333332538604736,0.46666663885116577,0.5666666030883789
1,1,0.8333332638888947,0.4166666269302368,0.5555555434023269,0.7199999690055847,0.6799999475479126,0.47999995946884155
1,1,0.6666666111111158,0.45454540848731995,0.36805557568168346,0.8399999141693115,0.7599999308586121,0.559999942779541
1,1,0.8333332638888947,0.27272725105285645,0.400000030960462,0.7999999523162842,0.5999999642372131,0.47999995946884155
1,1,0.4999999583333368,0.6363635659217834,0.3333333849341005,0.559999942779541,0.6799999475479126,0.4399999678134918
1,1,0.4999999583333368,0.4999999403953552,0.41666667457622486,0.8799999356269836,0.5999999642372131,0.4399999678134918
1,1,0.6666666111111158,0.5833333134651184,0.4250000275459269,0.8214285373687744,0.6071428060531616,0.6071428060531616
1,1,0.9166665902777842,0.3333333134651184,0.5580808237888704,0.8928570747375488,0.3928571045398712,0.6071428060531616
1,2,0.7499999375000053,0.3636363446712494,0.4444444265379002,0.7499999403953552,0.6428570747375488,0.4999999701976776
2,1,0.7499999375000053,0.4999999701976776,0.4027778024691331,0.5925925374031067,0.7037036418914795,0.5185185074806213
2,1,0.7499999375000053,0.19999998807907104,0.5166666891588261,0.6666666269302368,0.555555522441864,0.4444444179534912
1,1,0.8333332638888947,0.3333333134651184,0.34166667673255713,0.8260868787765503,0.6956521272659302,0.5652173161506653
1,1,0.7499999375000053,0.27272725105285645,0.33333335185184976,0.8695651292800903,0.7826086282730103,0.4782608151435852
1,1,0.4999999583333368,0.3999999761581421,0.5208333611111065,0.8695651292800903,0.6086956262588501,0.5652173161506653
1,1,0.7499999375000053,0.4166666269302368,0.4861111457365739,0.7391303777694702,0.6521738767623901,0.5217390656471252
1,1,0.9166665902777842,0.09090908616781235,0.6858585939504991,0.7391303777694702,0.7826086282730103,0.6956521272659302
1,1,0.6666666111111158,0.5454545021057129,0.42361109812354747,0.692307710647583,0.5769230723381042,0.4423076808452606
1,1,0.6666666111111158,0.5454545021057129,0.35416668017005626,0.7115384340286255,0.6153846383094788,0.5192307829856873
1,1,0.7499999375000053,0.45454540848731995,0.5166666891588261,0.8461538553237915,0.6730769276618958,0.5384615659713745
1,1,0.9166665902777842,0.27272725105285645,0.5181818227898134,0.9038461446762085,0.48076921701431274,0.6153846383094788
2,1,0.6666666111111158,0.6666666269302368,0.35416668017005626,0.7647058963775635,0.6078431606292725,0.529411792755127
1,1,0.4999999583333368,0.5454545021057129,0.3333333849341005,0.8333332538604736,0.458333283662796,0.5416666269302368
1,1,0.8333332638888947,0.3333333134651184,0.4250000199999979,0.916666567325592,0.6249999403953552,0.458333283662796
1,2,0.6666666111111158,0.19999998807907104,0.25000003124999604,0.8333332538604736,0.6249999403953552,0.5833333134651184
1,2,0.4999999583333368,0.5454545021057129,0.45833336111110645,0.7916666269302368,0.6249999403953552,0.4999999701976776
2,1,0.7499999375000053,0.4166666269302368,0.4444444592016923,0.7916666269302368,0.6666666269302368,0.5833333134651184
1,1,0.4999999583333368,0.7272726893424988,0.3333333849341005,0.841269850730896,0.5079365372657776,0.6507936716079712
1,1,0.8333332638888947,0.4999999701976776,0.4250000199999979,0.7301587462425232,0.5714285969734192,0.3968254029750824
1,2,0.6666666111111158,0.3999999761581421,0.25000003124999604,0.8571428656578064,0.5873016119003296,0.523809552192688
1,2,0.4999999583333368,0.5999999642372131,0.45833336111110645,0.7936508059501648,0.5873016119003296,0.60317462682724
2,1,0.7499999375000053,0.5833333134651184,0.4444444592016923,0.7580645084381104,0.5967742204666138,0.5
1,1,0.8333332638888947,0.2499999850988388,0.5555555434023269,0.8139534592628479,0.5581395626068115,0.5348837375640869
1,1,0.6666666111111158,0.27272725105285645,0.36805557568168346,0.6976743936538696,0.6976743936538696,0.41860464215278625
1,1,0.8333332638888947,0.2499999850988388,0.400000030960462,0.7674418687820435,0.604651153087616,0.5813953280448914
1,1,0.4999999583333368,0.5833333134651184,0.3333333849341005,0.6744186282157898,0.5581395626068115,0.5116279125213623
1,1,0.4999999583333368,0.5833333134651184,0.41666667457622486,0.7441860437393188,0.5813953280448914,0.5581395626068115
2,1,0.6666666111111158,0.4166666269302368,0.43750002343749705,0.90625,0.65625,0.71875
2,1,0.9166665902777842,0.0,0.7111742457216508,1.0,0.96875,1.0
2,1,0.4999999583333368,0.5833333134651184,0.33333336111110645,0.8064515590667725,0.6774193048477173,0.5161290168762207
2,1,0.6666666111111158,0.27272725105285645,0.42361109812354747,0.8387096524238586,0.5483870506286621,0.5483870506286621
2,1,0.41666663194444736,0.6666666269302368,0.42500003999999203,0.71875,0.5,0.59375
1,1,0.5833332847222263,0.4166666269302368,0.369047659593967,0.8333332538604736,0.6249999403953552,0.3333333134651184
1,1,0.6666666111111158,0.3333333134651184,0.45138888914680186,0.7083332538604736,0.458333283662796,0.4999999701976776
1,1,0.7499999375000053,0.2499999850988388,0.4444444592016923,0.6666666269302368,0.7083332538604736,0.4999999701976776
1,1,0.7499999375000053,0.2499999850988388,0.6333333488716175,0.7499999403953552,0.4166666269302368,0.6249999403953552
1,1,0.6666666111111158,0.3333333134651184,0.43750002343749705,0.7499999403953552,0.5833333134651184,0.4166666269302368
1,1,0.7499999375000053,0.3333333134651184,0.38888890409603616,0.76666659116745,0.5666666030883789,0.4999999701976776
1,1,0.8333332638888947,0.2499999850988388,0.681250009999999,0.76666659116745,0.5999999642372131,0.36666664481163025
2,1,0.7499999375000053,0.3333333134651184,0.5138889040960362,0.76666659116745,0.6666666269302368,0.5999999642372131
1,2,0.5833332847222263,0.3636363446712494,0.4404761910161359,0.76666659116745,0.5333333015441895,0.4999999701976776
2,1,0.5833332847222263,0.3636363446712494,0.3968254506172214,0.8666666150093079,0.5666666030883789,0.5999999642372131
1,1,0.5833332847222263,0.4166666269302368,0.369047659593967,0.7999999523162842,0.5999999642372131,0.47999995946884155
1,1,0.6666666111111158,0.3333333134651184,0.45138888914680186,0.6399999260902405,0.5199999809265137,0.35999998450279236
1,1,0.7499999375000053,0.2499999850988388,0.4444444592016923,0.7599999308586121,0.6399999260902405,0.559999942779541
1,1,0.7499999375000053,0.2499999850988388,0.6333333488716175,0.9599999189376831,0.6799999475479126,0.6399999260902405
1,1,0.6666666111111158,0.3333333134651184,0.43750002343749705,0.7599999308586121,0.7599999308586121,0.5199999809265137
1,1,0.7499999375000053,0.3333333134651184,0.38888890409603616,0.6785714030265808,0.5357142686843872,0.5357142686843872
1,1,0.8333332638888947,0.2499999850988388,0.681250009999999,0.714285671710968,0.6071428060531616,0.3928571045398712
2,1,0.7499999375000053,0.3333333134651184,0.5138889040960362,0.714285671710968,0.6071428060531616,0.714285671710968
1,2,0.5833332847222263,0.4999999701976776,0.4404761910161359,0.7857142090797424,0.464285671710968,0.4999999701976776
2,1,0.5833332847222263,0.3636363446712494,0.3968254506172214,0.7857142090797424,0.464285671710968,0.714285671710968
1,1,0.5833332847222263,0.6363635659217834,0.42460318203583103,0.8823528289794922,0.5294117331504822,0.6470587253570557
1,1,0.7499999375000053,0.45454540848731995,0.5666666712774326,0.8235293030738831,0.5294117331504822,0.47058817744255066
2,1,0.5833332847222263,0.4999999403953552,0.4801587640823398,0.9411763548851013,0.47058817744255066,0.8235293030738831
2,1,0.7499999375000053,0.45454540848731995,0.3194444592016923,0.8235293030738831,0.5882351994514465,0.47058817744255066
1,2,0.6666666111111158,0.6666666269302368,0.43750002343749705,0.7058822512626648,0.47058817744255066,0.5294117331504822
1,1,0.6666666111111158,0.45454540848731995,0.42361109812354747,0.5714285373687744,0.476190447807312,0.4285714030265808
1,1,0.6666666111111158,0.45454540848731995,0.35416668017005626,0.7619047164916992,0.6666666269302368,0.5714285373687744
1,1,0.7499999375000053,0.3636363446712494,0.5166666891588261,0.8571428060531616,0.6666666269302368,0.6666666269302368
1,1,0.9166665902777842,0.3333333134651184,0.5181818227898134,0.8571428060531616,0.5238094925880432,0.714285671710968
2,1,0.6666666111111158,0.29999998211860657,0.35416668017005626,0.7499999403953552,0.5999999642372131,0.5499999523162842
1,1,0.6666666111111158,0.5454545021057129,0.43750002343749705,0.8571428060531616,0.5238094925880432,0.6666666269302368
1,1,0.7499999375000053,0.45454540848731995,0.3402778024691331,0.7619047164916992,0.6190475821495056,0.476190447807312
1,1,0.6666666111111158,0.0,0.42361109812354747,0.7619047164916992,0.714285671710968,0.476190447807312
1,1,0.4999999583333368,0.4444443881511688,0.4166666983992189,0.6190475821495056,0.4285714030265808,0.5238094925880432
1,1,0.9999999166666736,0.3333333134651184,0.6416666696280362,0.714285671710968,0.714285671710968,0.8095237612724304
1,1,0.6666666111111158,0.29999998211860657,0.43750002343749705,0.7037036418914795,0.4814814329147339,0.555555522441864
1,1,0.7499999375000053,0.4999999701976776,0.5972222324623158,0.6666666269302368,0.7037036418914795,0.5925925374031067
1,1,0.6666666111111158,0.5833333134651184,0.43750002343749705,0.8148147463798523,0.7037036418914795,0.29629626870155334
1,1,0.7499999375000053,0.3636363446712494,0.3611111159342515,0.7777777314186096,0.6296296119689941,0.5925925374031067
1,1,0.7499999375000053,0.4999999701976776,0.2777778024691331,0.7777777314186096,0.6296296119689941,0.4814814329147339
1,1,0.6666666111111158,0.3636363446712494,0.5083333410110453,0.7199999690055847,0.3999999761581421,0.5199999809265137
1,1,0.9166665902777842,0.2499999850988388,0.5181818227898134,0.7199999690055847,0.5999999642372131,0.47999995946884155
2,1,0.6666666111111158,0.4999999701976776,0.31250002343749705,0.8333332538604736,0.6666666269302368,0.458333283662796
2,1,0.7499999375000053,0.27272725105285645,0.3194444592016923,0.8333332538604736,0.6666666269302368,0.6249999403953552
2,1,0.4999999583333368,0.3999999761581421,0.2500000416666597,0.7916666269302368,0.5416666269302368,0.6249999403953552
1,1,0.4999999583333368,0.5454545021057129,0.3333333849341005,0.714285671710968,0.6190475821495056,0.5238094925880432
1,1,0.4999999583333368,0.5454545021057129,0.4166666983992189,0.6666666269302368,0.6666666269302368,0.714285671710968
1,1,0.7499999375000053,0.4166666269302368,0.5486111308354127,0.8571428060531616,0.6666666269302368,0.5714285373687744
1,1,0.7499999375000053,0.27272725105285645,0.48333335781231423,0.8095237612724304,0.6666666269302368,0.476190447807312
1,2,0.6666666111111158,0.4999999701976776,0.42361109812354747,0.714285671710968,0.4285714030265808,0.6190475821495056
1,1,0.5833332847222263,0.45454540848731995,0.369047659593967,0.8260868787765503,0.7391303777694702,0.6521738767623901
1,1,0.9166665902777842,0.2499999850988388,0.48484849144330155,0.8260868787765503,0.6521738767623901,0.4782608151435852
1,2,0.5833332847222263,0.29999998211860657,0.369047659593967,0.7391303777694702,0.6521738767623901,0.43478256464004517
2,1,0.8333332638888947,0.3333333134651184,0.34166667673255713,0.6521738767623901,0.6956521272659302,0.4782608151435852
2,1,0.7499999375000053,0.27272725105285645,0.33333335185184976,0.8260868787765503,0.6521738767623901,0.4782608151435852
1,1,0.7499999375000053,0.4166666269302368,0.4444444592016923,0.8999999165534973,0.6666666269302368,0.6333332657814026
1,1,0.4999999583333368,0.6666666269302368,0.41666667457622486,0.7999999523162842,0.6999999284744263,0.6333332657814026
1,1,0.6666666111111158,0.3636363446712494,0.39583336670493785,0.8999999165534973,0.46666663885116577,0.46666663885116577
1,1,0.5833332847222263,0.5833333134651184,0.42460318203583103,0.76666659116745,0.5666666030883789,0.5333333015441895
1,1,0.8333332638888947,0.1818181723356247,0.5500000199999979,0.8333332538604736,0.7333332896232605,0.5333333015441895
1,1,0.6666666111111158,0.3636363446712494,0.5083333410110453,0.8787878751754761,0.39393940567970276,0.6363636255264282
1,1,0.9166665902777842,0.2499999850988388,0.5181818227898134,0.7575757503509521,0.5757575631141663,0.4848484992980957
2,1,0.6666666111111158,0.4999999701976776,0.31250002343749705,0.78125,0.65625,0.4375
2,1,0.7499999375000053,0.4166666269302368,0.3194444592016923,0.75,0.625,0.65625
2,1,0.4999999583333368,0.3999999761581421,0.2500000416666597,0.78125,0.625,0.5
1,1,0.5833332847222263,0.333333283662796,0.39682539101257663,0.8235294222831726,0.47058823704719543,0.44117647409439087
1,1,0.7499999375000053,0.29999998211860657,0.5500000205053379,0.7058823704719543,0.5588235259056091,0.47058823704719543
1,1,0.3333333055555579,0.666666567325592,0.2500000624999844,0.7647058963775635,0.6764705777168274,0.529411792755127
1,1,0.7499999375000053,0.45454540848731995,0.3819444592016923,0.7647058963775635,0.5588235259056091,0.5882353186607361
1,1,0.3333333055555579,0.666666567325592,0.3750000624999844,0.7352941036224365,0.7058823704719543,0.529411792755127
1,1,0.5833332847222263,0.5454545021057129,0.457142871590553,0.8666666150093079,0.5333333015441895,0.3333333134651184
1,1,0.4999999583333368,0.6363635659217834,0.3333333849341005,0.7999999523162842,0.46666663885116577,0.3999999761581421
1,1,0.6666666111111158,0.5833333134651184,0.45833332909011637,0.7333332896232605,0.46666663885116577,0.2666666507720947
1,1,0.6666666111111158,0.29999998211860657,0.39583336670493785,0.7999999523162842,0.6666666269302368,0.5999999642372131
1,1,0.7499999375000053,0.3636363446712494,0.41666669511929055,0.9333332777023315,0.5999999642372131,0.5333333015441895
1,1,0.6666666111111158,0.3636363446712494,0.43750002343749705,0.7317073345184326,0.5609756112098694,0.46341463923454285
1,1,0.7499999375000053,0.09999999403953552,0.3402778024691331,0.8536585569381714,0.6097561120986938,0.5853658318519592
1,1,0.6666666111111158,0.3636363446712494,0.42361109812354747,0.7560975551605225,0.6341463327407837,0.6097561120986938
1,1,0.4999999583333368,0.5454545021057129,0.4166666983992189,0.6829268336296082,0.46341463923454285,0.5121951103210449
1,1,0.9999999166666736,0.1666666567325592,0.6416666696280362,0.8780487775802612,0.6829268336296082,0.6829268336296082
1,1,0.7499999375000053,0.4166666269302368,0.3819444592016923,0.666666567325592,0.7777776718139648,0.555555522441864
1,1,0.5833332847222263,0.45454540848731995,0.3412698685707126,0.8888887763023376,0.666666567325592,0.611111044883728
1,1,0.8333332638888947,0.3333333134651184,0.5166666717325576,0.9444443583488464,0.4444443881511688,0.666666567325592
1,1,0.9166665902777842,0.09090908616781235,0.7191919252970109,0.9444443583488464,0.666666567325592,0.666666567325592
2,1,0.6666666111111158,0.4999999701976776,0.31250002343749705,0.8823528289794922,0.5882351994514465,0.6470587253570557
1,1,0.8333332638888947,0.45454540848731995,0.5555555434023269,0.5909090638160706,0.5909090638160706,0.3181817829608917
1,1,0.6666666111111158,0.4999999403953552,0.36805557568168346,0.7727271914482117,0.7727271914482117,0.4999999701976776
1,1,0.8333332638888947,0.45454540848731995,0.400000030960462,0.7727271914482117,0.40909087657928467,0.5909090638160706
1,1,0.4999999583333368,0.555555522441864,0.3333333849341005,0.7272726893424988,0.6363635659217834,0.4999999701976776
1,1,0.4999999583333368,0.6999999284744263,0.41666667457622486,0.7272726893424988,0.4999999701976776,0.4999999701976776
1,1,0.5833332847222263,0.4999999701976776,0.4801587640823398,0.8333333134651184,0.5833333134651184,0.6388888955116272
1,1,0.7499999375000053,0.3333333134651184,0.3194444592016923,0.8333333134651184,0.75,0.6388888955116272
1,1,0.6666666111111158,0.4166666269302368,0.37500003124999604,0.8055555820465088,0.5555555820465088,0.5277777910232544
1,1,0.3333333055555579,0.6363635659217834,0.5000000312499921,0.8611111044883728,0.6666666865348816,0.6944444179534912
1,1,0.6666666111111158,0.4166666269302368,0.43750003124999604,0.8333333134651184,0.5,0.4444444477558136
1,1,0.41666663194444736,0.4999999403953552,0.5083333534651104,0.714285671710968,0.3809523582458496,0.5238094925880432
1,1,0.5833332847222263,0.7272726893424988,0.5654761910161359,0.7619047164916992,0.4285714030265808,0.3333333134651184
1,1,0.41666663194444736,0.4999999403953552,0.46666669673255123,0.8571428060531616,0.8571428060531616,0.4285714030265808
1,1,0.8333332638888947,0.45454540848731995,0.5861111194883712,0.6190475821495056,0.8095237612724304,0.5714285373687744
1,1,0.5833332847222263,0.4444443881511688,0.4801587640823398,0.8095237612724304,0.5714285373687744,0.3333333134651184
1,1,0.4999999583333368,0.7499999403953552,0.2500000416666597,0.7499999403953552,0.4374999403953552,0.6249999403953552
1,1,0.4999999583333368,0.333333283662796,0.3333333849341005,0.8124998807907104,0.5624999403953552,0.4999999403953552
1,1,0.41666663194444736,0.7272726893424988,0.38333335346511044,0.6249999403953552,0.4374999403953552,0.4374999403953552
1,1,0.7499999375000053,0.4999999701976776,0.3819444592016923,0.8124998807907104,0.3749999701976776,0.4374999403953552
1,1,0.7499999375000053,0.19999998807907104,0.4500000264658024,0.6874999403953552,0.4999999403953552,0.3749999701976776
1,1,0.6666666111111158,0.27272725105285645,0.31250002343749705,0.7857142090797424,0.4999999701976776,0.4999999701976776
1,1,0.8333332638888947,0.2499999850988388,0.35000001903953304,0.7857142090797424,0.1428571343421936,0.4999999701976776
1,1,0.5833332847222263,0.4999999701976776,0.3412698685707126,0.8571428060531616,0.714285671710968,0.4285714030265808
1,1,0.6666666111111158,0.27272725105285645,0.5083333410110453,0.928571343421936,0.5714285373687744,0.5714285373687744
1,1,0.9166665902777842,0.1666666567325592,0.6969697043993364,0.9999999403953552,0.4999999701976776,0.357142835855484
1,1,0.7499999375000053,0.4999999701976776,0.5013889131554955,0.7096773982048035,0.7419354319572449,0.5161290168762207
1,1,0.7499999375000053,0.3636363446712494,0.3194444592016923,0.8387096524238586,0.5806451439857483,0.5483870506286621
1,1,0.4999999583333368,0.6363635659217834,0.3333333849341005,0.8709676861763,0.5806451439857483,0.5483870506286621
1,1,0.8333332638888947,0.4166666269302368,0.35000001903953304,0.8064515590667725,0.5806451439857483,0.5483870506286621
1,1,0.4999999583333368,0.6363635659217834,0.2500000416666597,0.7096773982048035,0.6129031777381897,0.6774193048477173
1,2,0.41666663194444736,0.5833333134651184,0.42500003999999203,0.7333333492279053,0.4888888895511627,0.5333333611488342
1,2,0.9166665902777842,0.0833333283662796,0.817424248701883,0.5333333611488342,0.8666666746139526,0.6222222447395325
2,1,0.7499999375000053,0.2499999850988388,0.3402778024691331,0.8181818127632141,0.5909090638160706,0.47727271914482117
2,1,0.5833332847222263,0.4166666269302368,0.3571428775510175,0.7727272510528564,0.5227272510528564,0.5681818127632141
2,1,0.9166665902777842,0.0833333283662796,0.6969697043993364,0.7727272510528564,0.5681818127632141,0.5
1,2,0.41666663194444736,0.5454545021057129,0.42500003999999203,0.7368420958518982,0.3684210479259491,0.5
1,2,0.9166665902777842,0.1666666567325592,0.817424248701883,0.6578947305679321,0.7894737124443054,0.5526315569877625
2,1,0.7499999375000053,0.3333333134651184,0.3402778024691331,0.6756756901741028,0.6216216087341309,0.45945945382118225
2,1,0.5833332847222263,0.3636363446712494,0.3571428775510175,0.7297297120094299,0.5945945978164673,0.5675675868988037
2,1,0.9166665902777842,0.1666666567325592,0.6969697043993364,0.7297297120094299,0.5135135054588318,0.4864864945411682
1,1,0.5833332847222263,0.4166666269302368,0.40714288947194643,0.8235294222831726,0.6764705777168274,0.6470588445663452
1,1,0.7499999375000053,0.2499999850988388,0.3402778024691331,0.6764705777168274,0.5588235259056091,0.5588235259056091
1,1,0.7499999375000053,0.2499999850988388,0.3819444592016923,0.8235294222831726,0.47058823704719543,0.5
1,1,0.4999999583333368,0.4999999701976776,0.41666667457622486,0.6764705777168274,0.5882353186607361,0.47058823704719543
1,1,0.9166665902777842,0.0833333283662796,0.45606063069540415,0.9117646813392639,0.38235294818878174,0.44117647409439087
1,1,0.5833332847222263,0.3999999761581421,0.40714288947194643,0.7391303777694702,0.7826086282730103,0.4782608151435852
1,1,0.7499999375000053,0.4999999701976776,0.3402778024691331,0.6956521272659302,0.6521738767623901,0.6086956262588501
1,1,0.7499999375000053,0.4999999701976776,0.3819444592016923,0.8695651292800903,0.6521738767623901,0.6956521272659302
1,1,0.4999999583333368,0.4999999403953552,0.41666667457622486,0.6956521272659302,0.6956521272659302,0.6086956262588501
1,1,0.9166665902777842,0.3333333134651184,0.45606063069540415,0.8260868787765503,0.2608695328235626,0.4782608151435852
1,1,0.6666666111111158,0.5833333134651184,0.42361109812354747,0.5999999642372131,0.29999998211860657,0.44999995827674866
1,1,0.6666666111111158,0.45454540848731995,0.35416668017005626,0.5999999642372131,0.7999999523162842,0.29999998211860657
1,1,0.7499999375000053,0.4999999701976776,0.5166666891588261,0.8999999165534973,0.5999999642372131,0.8499999046325684
1,1,0.9166665902777842,0.3333333134651184,0.5181818227898134,0.8499999046325684,0.44999995827674866,0.5999999642372131
2,1,0.6666666111111158,0.5833333134651184,0.35416668017005626,0.7999999523162842,0.5999999642372131,0.3999999761581421
1,1,0.7499999375000053,0.3333333134651184,0.4444444592016923,0.7857142090797424,0.4999999701976776,0.5714285373687744
1,1,0.4999999583333368,0.5833333134651184,0.41666667457622486,0.6071428060531616,0.5714285373687744,0.4285714030265808
1,1,0.6666666111111158,0.4166666269302368,0.39583336670493785,0.7499999403953552,0.4285714030265808,0.4999999701976776
1,1,0.5833332847222263,0.4999999701976776,0.42460318203583103,0.8571428060531616,0.5714285373687744,0.5357142686843872
1,1,0.8333332638888947,0.09090908616781235,0.5500000199999979,0.714285671710968,0.6428570747375488,0.5714285373687744
1,1,0.7499999375000053,0.3333333134651184,0.4027778024691331,0.5806451439857483,0.6774193048477173,0.3870967626571655
1,1,0.7499999375000053,0.1818181723356247,0.5166666891588261,0.6774193048477173,0.6451612710952759,0.4516128897666931
1,1,0.8333332638888947,0.2499999850988388,0.2500000249999975,0.7419354319572449,0.4838709235191345,0.5161290168762207
1,1,0.6666666111111158,0.4166666269302368,0.562500023437497,0.8064515590667725,0.6451612710952759,0.5161290168762207
1,1,0.7499999375000053,0.1818181723356247,0.2777778024691331,0.8387096524238586,0.4193548262119293,0.4193548262119293
1,1,0.5833332847222263,0.4999999701976776,0.369047659593967,0.7199999690055847,0.7199999690055847,0.559999942779541
1,1,0.9166665902777842,0.1666666567325592,0.48484849144330155,0.6399999260902405,0.5999999642372131,0.35999998450279236
1,2,0.5833332847222263,0.4999999701976776,0.369047659593967,0.7499999403953552,0.5833333134651184,0.5416666269302368
2,1,0.8333332638888947,0.2499999850988388,0.34166667673255713,0.7083332538604736,0.7083332538604736,0.4999999701976776
2,1,0.7499999375000053,0.1818181723356247,0.33333335185184976,0.7499999403953552,0.5833333134651184,0.5416666269302368
1,1,0.8333332638888947,0.1666666567325592,0.5555555434023269,0.8076922297477722,0.5769230127334595,0.42307689785957336
1,1,0.6666666111111158,0.3333333134651184,0.36805557568168346,0.6923076510429382,0.6538460850715637,0.42307689785957336
1,1,0.8333332638888947,0.1666666567325592,0.400000030960462,0.730769157409668,0.6923076510429382,0.4999999701976776
1,1,0.4999999583333368,0.4999999701976776,0.3333333849341005,0.6923076510429382,0.730769157409668,0.4999999701976776
1,1,0.4999999583333368,0.4999999701976776,0.41666667457622486,0.730769157409668,0.5384615063667297,0.38461536169052124
1,2,0.7499999375000053,0.27272725105285645,0.500000008584409,0.7222222089767456,0.5833333134651184,0.4444444477558136
1,2,0.8333332638888947,0.1818181723356247,0.3625000199999979,0.8055555820465088,0.6666666865348816,0.4166666567325592
2,1,0.4999999583333368,0.3999999761581421,0.3333333849341005,0.8571428656578064,0.3142857253551483,0.5714285969734192
1,2,0.5833332847222263,0.5833333134651184,0.5321428894719464,0.8055555820465088,0.5,0.6944444179534912
1,2,0.9999999166666736,0.1666666567325592,0.5555555626608522,0.75,0.6944444179534912,0.6388888955116272
1,1,0.5833332847222263,0.4999999701976776,0.369047659593967,0.7499999403953552,0.5833333134651184,0.5833333134651184
1,1,0.9166665902777842,0.0,0.48484849144330155,0.8333332538604736,0.5416666269302368,0.4999999701976776
1,2,0.5833332847222263,0.3636363446712494,0.369047659593967,0.6521738767623901,0.6956521272659302,0.3913043141365051
2,1,0.8333332638888947,0.09090908616781235,0.34166667673255713,0.6956521272659302,0.6086956262588501,0.4782608151435852
2,1,0.7499999375000053,0.3333333134651184,0.33333335185184976,0.7826086282730103,0.6956521272659302,0.6521738767623901
1,1,0.5833332847222263,0.7499999403953552,0.369047659593967,0.7377049326896667,0.5737704634666443,0.5409836173057556
1,1,0.9166665902777842,0.27272725105285645,0.48484849144330155,0.7049180269241333,0.6065573692321777,0.39344263076782227
1,2,0.5833332847222263,0.4999999403953552,0.369047659593967,0.7666666507720947,0.5333333611488342,0.4833333194255829
2,1,0.8333332638888947,0.3636363446712494,0.34166667673255713,0.7118644118309021,0.7288135886192322,0.5254237055778503
2,1,0.7499999375000053,0.45454540848731995,0.33333335185184976,0.8135592937469482,0.5762711763381958,0.5593220591545105
1,1,0.5833332847222263,0.5454545021057129,0.40714288947194643,0.8070175647735596,0.6666666865348816,0.42105263471603394
1,1,0.7499999375000053,0.3636363446712494,0.3402778024691331,0.719298243522644,0.5964912176132202,0.5614035129547119
1,1,0.7499999375000053,0.3636363446712494,0.3819444592016923,0.7719298005104065,0.5964912176132202,0.5263158082962036
1,1,0.4999999583333368,0.6363635659217834,0.41666667457622486,0.7719298005104065,0.5964912176132202,0.5438596606254578
1,1,0.9166665902777842,0.1818181723356247,0.45606063069540415,0.8421052694320679,0.38596490025520325,0.5087719559669495
1,1,0.6666666111111158,0.27272725105285645,0.43750002343749705,0.7599999308586121,0.5999999642372131,0.47999995946884155
1,1,0.7499999375000053,0.3333333134651184,0.5972222324623158,0.6799999475479126,0.5999999642372131,0.5199999809265137
1,1,0.6666666111111158,0.4166666269302368,0.43750002343749705,0.9199999570846558,0.5999999642372131,0.7599999308586121
1,1,0.7499999375000053,0.3333333134651184,0.3611111159342515,0.7199999690055847,0.7999999523162842,0.2799999713897705
1,1,0.7499999375000053,0.3333333134651184,0.2777778024691331,0.7599999308586121,0.5199999809265137,0.4399999678134918
1,1,0.5833332847222263,0.4166666269302368,0.369047659593967,0.7499999403953552,0.7083332538604736,0.3749999701976776
1,1,0.6666666111111158,0.3333333134651184,0.45138888914680186,0.7499999403953552,0.5416666269302368,0.4166666269302368
1,1,0.7499999375000053,0.2499999850988388,0.4444444592016923,0.7916666269302368,0.7916666269302368,0.458333283662796
1,1,0.7499999375000053,0.2499999850988388,0.6333333488716175,0.7499999403953552,0.4999999701976776,0.4166666269302368
1,1,0.6666666111111158,0.3333333134651184,0.43750002343749705,0.916666567325592,0.458333283662796,0.7083332538604736
1,1,0.5833332847222263,0.5999999642372131,0.3412698685707126,0.8181817531585693,0.7727271914482117,0.40909087657928467
1,1,0.4999999583333368,0.8181817531585693,0.33333336111110645,0.7272726893424988,0.6818181276321411,0.45454540848731995
1,1,0.6666666111111158,0.4999999403953552,0.39583336670493785,0.8181817531585693,0.5454545021057129,0.5454545021057129
1,1,0.9999999166666736,0.4166666269302368,0.3749999974928947,0.8181817531585693,0.40909087657928467,0.5454545021057129
1,1,0.9999999166666736,0.4166666269302368,0.6250000104166658,0.9090908169746399,0.5454545021057129,0.8181817531585693
1,1,0.6666666111111158,0.4166666269302368,0.35416668017005626,0.5714285373687744,0.476190447807312,0.3809523582458496
1,1,0.5833332847222263,0.4999999701976776,0.5321428894719464,0.8095237612724304,0.5714285373687744,0.5714285373687744
1,1,0.7499999375000053,0.1818181723356247,0.3194444592016923,0.7619047164916992,0.6666666269302368,0.3809523582458496
1,1,0.6666666111111158,0.27272725105285645,0.45138888914680186,0.8571428060531616,0.6190475821495056,0.714285671710968
1,1,0.5833332847222263,0.3636363446712494,0.42460318203583103,0.7619047164916992,0.6666666269302368,0.3333333134651184
1,1,0.5833332847222263,0.4999999403953552,0.4801587640823398,0.8333332538604736,0.4444443881511688,0.666666567325592
1,1,0.7499999375000053,0.45454540848731995,0.3194444592016923,0.7222221493721008,0.611111044883728,0.4444443881511688
1,1,0.6666666111111158,0.5454545021057129,0.37500003124999604,0.9444443583488464,0.611111044883728,0.555555522441864
1,1,0.3333333055555579,0.7999999523162842,0.5000000312499921,0.666666567325592,0.7222221493721008,0.333333283662796
1,1,0.6666666111111158,0.3999999761581421,0.43750003124999604,0.9444443583488464,0.611111044883728,0.666666567325592
1,1,0.4999999583333368,0.5454545021057129,0.3333333849341005,0.8181817531585693,0.6818181276321411,0.6363635659217834
1,1,0.5833332847222263,0.5833333134651184,0.5029761910161359,0.7727271914482117,0.40909087657928467,0.3181817829608917
1,1,0.7499999375000053,0.4166666269302368,0.6924603340634697,0.7272726893424988,0.863636314868927,0.4999999701976776
1,1,0.8333332638888947,0.1818181723356247,0.44583333346511633,0.6363635659217834,0.6363635659217834,0.5454545021057129
1,2,0.6666666111111158,0.4999999701976776,0.35416668017005626,0.6666666269302368,0.5238094925880432,0.3809523582458496
1,1,0.4999999583333368,0.5454545021057129,0.3333333849341005,0.8095237612724304,0.8095237612724304,0.476190447807312
1,1,0.4999999583333368,0.5454545021057129,0.4166666983992189,0.714285671710968,0.6666666269302368,0.6190475821495056
1,1,0.7499999375000053,0.4166666269302368,0.5486111308354127,0.9047618508338928,0.6190475821495056,0.5714285373687744
1,1,0.7499999375000053,0.27272725105285645,0.48333335781231423,0.5238094925880432,0.8571428060531616,0.4285714030265808
1,2,0.6666666111111158,0.4999999701976776,0.42361109812354747,0.8095237612724304,0.5714285373687744,0.5238094925880432
1,1,0.4999999583333368,0.6666666269302368,0.3333333849341005,0.7272726893424988,0.45454540848731995,0.7272726893424988
1,1,0.5833332847222263,0.5833333134651184,0.5029761910161359,0.7272726893424988,0.4999999701976776,0.3181817829608917
1,1,0.7499999375000053,0.4166666269302368,0.6924603340634697,0.8181817531585693,0.6818181276321411,0.5454545021057129
1,1,0.8333332638888947,0.3333333134651184,0.44583333346511633,0.6818181276321411,0.6363635659217834,0.5909090638160706
1,2,0.6666666111111158,0.3636363446712494,0.35416668017005626,0.8571428060531616,0.5238094925880432,0.476190447807312
1,1,0.4999999583333368,0.5454545021057129,0.2500000416666597,0.7368420362472534,0.5789473056793213,0.473684161901474
1,1,0.4999999583333368,0.5454545021057129,0.3333333849341005,0.8947367668151855,0.5789473056793213,0.684210479259491
1,1,0.41666663194444736,0.6363635659217834,0.38333335346511044,0.7368420362472534,0.5789473056793213,0.5263157486915588
1,1,0.7499999375000053,0.27272725105285645,0.3819444592016923,0.684210479259491,0.5263157486915588,0.5789473056793213
1,1,0.7499999375000053,0.4166666269302368,0.4500000264658024,0.6315788626670837,0.5263157486915588,0.3684210181236267
1,1,0.5833332847222263,0.4166666269302368,0.457142871590553,0.9047618508338928,0.6190475821495056,0.2857142686843872
1,1,0.4999999583333368,0.4999999701976776,0.3333333849341005,0.7619047164916992,0.4285714030265808,0.476190447807312
1,1,0.6666666111111158,0.3333333134651184,0.45833332909011637,0.7619047164916992,0.6666666269302368,0.3809523582458496
1,1,0.6666666111111158,0.3333333134651184,0.39583336670493785,0.6666666269302368,0.6190475821495056,0.476190447807312
1,1,0.7499999375000053,0.2499999850988388,0.41666669511929055,0.8571428060531616,0.5714285373687744,0.6190475821495056
1,1,0.4999999583333368,0.5999999642372131,0.33333336111110645,0.8620688915252686,0.5517240762710571,0.4827585816383362
1,1,0.6666666111111158,0.0,0.42361109812354747,0.8965516686439514,0.7241379022598267,0.58620685338974
1,2,0.6666666111111158,0.3999999761581421,0.43750002343749705,0.9655171632766724,0.6551723480224609,0.6551723480224609
1,2,0.9166665902777842,0.27272725105285645,0.7111742457216508,0.9999999403953552,0.9310344457626343,0.8965516686439514
2,1,0.41666663194444736,0.6999999284744263,0.42500003999999203,0.6923076510429382,0.5769230127334595,0.615384578704834
1,2,0.7499999375000053,0.3333333134651184,0.500000008584409,0.7857142090797424,0.6785714030265808,0.4999999701976776
1,2,0.8333332638888947,0.2499999850988388,0.3625000199999979,0.714285671710968,0.6785714030265808,0.5714285373687744
2,1,0.4999999583333368,0.45454540848731995,0.3333333849341005,0.8148147463798523,0.4814814329147339,0.4814814329147339
1,2,0.5833332847222263,0.4999999701976776,0.5321428894719464,0.7499999403953552,0.6071428060531616,0.5357142686843872
1,2,0.9999999166666736,0.0833333283662796,0.5555555626608522,0.714285671710968,0.6428570747375488,0.6071428060531616
1,1,0.6666666111111158,0.5833333134651184,0.37500003124999604,0.8571428060531616,0.714285671710968,0.4999999701976776
1,1,0.7499999375000053,0.0,0.4027778024691331,0.8928570747375488,0.8571428060531616,0.6785714030265808
1,2,0.7499999375000053,0.3636363446712494,0.3402778024691331,0.7777777314186096,0.6666666269302368,0.4814814329147339
2,1,0.7499999375000053,0.3636363446712494,0.500000008584409,0.9259258508682251,0.5185185074806213,0.5925925374031067
2,1,0.8333332638888947,0.4166666269302368,0.3625000199999979,0.7407407164573669,0.5185185074806213,0.4444444179534912
1,1,0.8333332638888947,0.3333333134651184,0.40416667673255713,0.6874999403953552,0.7499999403953552,0.5624999403953552
1,1,0.6666666111111158,0.4999999701976776,0.31250003124999604,0.6874999403953552,0.6249999403953552,0.2499999701976776
1,1,0.41666663194444736,0.4999999403953552,0.38333335346511044,0.6249999403953552,0.5624999403953552,0.4999999403953552
1,1,0.7499999375000053,0.4166666269302368,0.3402778024691331,0.5624999403953552,0.7499999403953552,0.6874999403953552
1,1,0.8333332638888947,0.3333333134651184,0.38333333346511633,0.8124998807907104,0.6249999403953552,0.5624999403953552
1,1,0.6666666111111158,0.45454540848731995,0.36805557568168346,0.7857142090797424,0.6428570747375488,0.464285671710968
1,1,0.8333332638888947,0.4166666269302368,0.3000000199999979,0.6428570747375488,0.4999999701976776,0.4999999701976776
1,1,0.7499999375000053,0.4999999701976776,0.3402778024691331,0.714285671710968,0.6428570747375488,0.5714285373687744
1,1,0.6666666111111158,0.45454540848731995,0.5208333667049379,0.7857142090797424,0.4999999701976776,0.5357142686843872
1,1,0.8333332638888947,0.27272725105285645,0.42499999019767554,0.7499999403953552,0.5714285373687744,0.5714285373687744
1,1,0.5833332847222263,0.3636363446712494,0.4801587640823398,0.7222221493721008,0.8333332538604736,0.4444443881511688
1,1,0.7499999375000053,0.3333333134651184,0.3194444592016923,0.8333332538604736,0.611111044883728,0.666666567325592
1,1,0.6666666111111158,0.4166666269302368,0.37500003124999604,0.7777776718139648,0.611111044883728,0.4999999403953552
1,1,0.3333333055555579,0.6363635659217834,0.5000000312499921,0.7222221493721008,0.611111044883728,0.4999999403953552
1,1,0.6666666111111158,0.4166666269302368,0.43750003124999604,0.8333332538604736,0.3888888359069824,0.611111044883728
1,1,0.6666666111111158,0.5833333134651184,0.43750002343749705,0.8214285373687744,0.5357142686843872,0.6071428060531616
1,1,0.7499999375000053,0.3636363446712494,0.5972222324623158,0.6428570747375488,0.714285671710968,0.6071428060531616
1,1,0.6666666111111158,0.5833333134651184,0.43750002343749705,0.928571343421936,0.714285671710968,0.5357142686843872
1,1,0.7499999375000053,0.4999999701976776,0.3611111159342515,0.714285671710968,0.6071428060531616,0.5357142686843872
1,1,0.7499999375000053,0.3636363446712494,0.2777778024691331,0.7857142090797424,0.6785714030265808,0.6071428060531616
1,1,0.5833332847222263,0.29999998211860657,0.369047659593967,0.8846153020858765,0.730769157409668,0.38461536169052124
1,1,0.6666666111111158,0.3636363446712494,0.45138888914680186,0.8076922297477722,0.5769230127334595,0.615384578704834
1,1,0.7499999375000053,0.27272725105285645,0.4444444592016923,0.8076922297477722,0.6538460850715637,0.5769230127334595
1,1,0.7499999375000053,0.4166666269302368,0.6333333488716175,0.8461537957191467,0.4615384340286255,0.615384578704834
1,1,0.6666666111111158,0.4999999701976776,0.43750002343749705,0.8076922297477722,0.5769230127334595,0.4999999701976776
1,1,0.4999999583333368,0.45454540848731995,0.33333336111110645,0.6956521272659302,0.4782608151435852,0.6086956262588501
1,1,0.9999999166666736,0.0833333283662796,0.6249999806143434,0.43478256464004517,0.5652173161506653,0.4782608151435852
1,2,0.5833332847222263,0.4999999701976776,0.4801587640823398,0.8260868787765503,0.4782608151435852,0.4782608151435852
2,1,0.4999999583333368,0.45454540848731995,0.39583336111110645,0.7727271914482117,0.6363635659217834,0.5909090638160706
1,2,0.7499999375000053,0.3333333134651184,0.3194444592016923,0.8695651292800903,0.6956521272659302,0.6521738767623901
1,1,0.5833332847222263,0.3636363446712494,0.5863095342835767,0.7999999523162842,0.5999999642372131,0.5499999523162842
1,1,0.5833332847222263,0.4999999701976776,0.2857143163265262,0.7999999523162842,0.4999999403953552,0.3999999761581421
1,1,0.6666666111111158,0.4166666269302368,0.39583336670493785,0.7499999403953552,0.44999995827674866,0.4999999403953552
1,1,0.7499999375000053,0.1818181723356247,0.4444444592016923,0.8499999046325684,0.5999999642372131,0.7499999403953552
1,1,0.7499999375000053,0.3333333134651184,0.3666666831983616,0.7499999403953552,0.3999999761581421,0.34999996423721313
1,1,0.8333332638888947,0.2499999850988388,0.5555555434023269,0.9090908169746399,0.6363635659217834,0.4999999701976776
1,1,0.6666666111111158,0.27272725105285645,0.36805557568168346,0.7272726893424988,0.7272726893424988,0.5909090638160706
1,1,0.8333332638888947,0.2499999850988388,0.400000030960462,0.7272726893424988,0.6363635659217834,0.45454540848731995
1,1,0.4999999583333368,0.5833333134651184,0.3333333849341005,0.6818181276321411,0.45454540848731995,0.6363635659217834
1,1,0.4999999583333368,0.5833333134651184,0.41666667457622486,0.7727271914482117,0.7272726893424988,0.5454545021057129
1,1,0.6666666111111158,0.4999999701976776,0.35416668017005626,0.6530612111091614,0.6122449040412903,0.36734694242477417
1,1,0.5833332847222263,0.45454540848731995,0.5321428894719464,0.7551020383834839,0.6938775777816772,0.5510203838348389
1,1,0.7499999375000053,0.4166666269302368,0.3194444592016923,0.7755101919174194,0.6326530575752258,0.5918367505073547
1,1,0.6666666111111158,0.4999999701976776,0.45138888914680186,0.8163265585899353,0.5714285969734192,0.5306122303009033
1,1,0.5833332847222263,0.5833333134651184,0.42460318203583103,0.795918345451355,0.5510203838348389,0.5306122303009033
1,1,0.6666666111111158,0.3636363446712494,0.31250002343749705,0.8500000238418579,0.6000000238418579,0.5
1,1,0.8333332638888947,0.1818181723356247,0.4250000199999979,0.7749999761581421,0.5249999761581421,0.4749999940395355
2,1,0.41666663194444736,0.6363635659217834,0.5083333534651104,0.7692307829856873,0.5128205418586731,0.6666666865348816
1,2,0.4999999583333368,0.3999999761581421,0.3333333849341005,0.7179487347602844,0.4871794879436493,0.6666666865348816
2,1,0.5833332847222263,0.5833333134651184,0.5654761910161359,0.7692307829856873,0.5641025900840759,0.5128205418586731
1,1,0.6666666111111158,0.19999998807907104,0.4250000275459269,0.7105262875556946,0.5789473652839661,0.5789473652839661
1,1,0.9166665902777842,0.2499999850988388,0.5580808237888704,0.7894737124443054,0.44736841320991516,0.42105263471603394
1,2,0.7499999375000053,0.4166666269302368,0.4444444265379002,0.7894737124443054,0.6315789222717285,0.5526315569877625
2,1,0.7499999375000053,0.27272725105285645,0.4027778024691331,0.7368420958518982,0.5,0.5
2,1,0.7499999375000053,0.4166666269302368,0.5166666891588261,0.7894737124443054,0.6315789222717285,0.5
1,1,0.7499999375000053,0.3999999761581421,0.500000008584409,0.6999999284744263,0.6999999284744263,0.4999999701976776
1,1,0.8333332638888947,0.5833333134651184,0.3625000199999979,0.6999999284744263,0.7333332896232605,0.6666666269302368
1,1,0.5833332847222263,0.5999999642372131,0.5321428894719464,0.7333332896232605,0.46666663885116577,0.46666663885116577
1,1,0.9999999166666736,0.4166666269302368,0.5555555626608522,0.7333332896232605,0.6999999284744263,0.6333332657814026
1,1,0.9166665902777842,0.4999999701976776,0.48484852124562394,0.5666666030883789,0.76666659116745,0.29999998211860657
1,1,0.5833332847222263,0.4999999701976776,0.369047659593967,0.6999999284744263,0.5666666030883789,0.4999999701976776
1,1,0.9166665902777842,0.0,0.48484849144330155,0.8666666150093079,0.8999999165534973,0.5999999642372131
1,2,0.5833332847222263,0.3636363446712494,0.369047659593967,0.8666666150093079,0.5666666030883789,0.3999999761581421
2,1,0.8333332638888947,0.09090908616781235,0.34166667673255713,0.7241379022598267,0.6896551251411438,0.58620685338974
2,1,0.7499999375000053,0.3333333134651184,0.33333335185184976,0.7586206197738647,0.517241358757019,0.3793103098869324
1,1,0.4999999583333368,0.6666666269302368,0.39583336111110645,0.8181817531585693,0.5909090638160706,0.5454545021057129
1,1,0.4999999583333368,0.5454545021057129,0.45833336111110645,0.7272726893424988,0.6363635659217834,0.45454540848731995
1,1,0.4999999583333368,0.6666666269302368,0.5208333611111065,0.6363635659217834,0.5909090638160706,0.40909087657928467
1,1,0.7499999375000053,0.4166666269302368,0.4444444592016923,0.8181817531585693,0.7272726893424988,0.5909090638160706
1,1,0.7499999375000053,0.4166666269302368,0.603174602747857,0.27272725105285645,0.863636314868927,0.3181817829608917
1,1,0.6666666111111158,0.3636363446712494,0.42361109812354747,0.59375,0.46875,0.46875
1,1,0.6666666111111158,0.4999999701976776,0.35416668017005626,0.65625,0.625,0.40625
1,1,0.7499999375000053,0.4166666269302368,0.5166666891588261,0.96875,0.65625,0.71875
1,1,0.9166665902777842,0.2499999850988388,0.5181818227898134,0.875,0.53125,0.5625
2,1,0.6666666111111158,0.19999998807907104,0.35416668017005626,0.774193525314331,0.5483870506286621,0.4838709235191345
1,1,0.4999999583333368,0.4999999403953552,0.33333336111110645,0.8055555820465088,0.7222222089767456,0.5277777910232544
1,1,0.6666666111111158,0.5833333134651184,0.42361109812354747,0.75,0.4444444477558136,0.4166666567325592
1,2,0.6666666111111158,0.5833333134651184,0.43750002343749705,0.8857142925262451,0.6571428775787354,0.5428571701049805
1,2,0.9166665902777842,0.3333333134651184,0.7111742457216508,0.9714285731315613,0.9142857193946838,0.9428571462631226
2,1,0.41666663194444736,0.4444443881511688,0.42500003999999203,0.6999999284744263,0.3999999761581421,0.6999999284744263
1,2,0.6666666111111158,0.5833333134651184,0.43750002343749705,0.7954545617103577,0.5909090638160706,0.47727271914482117
1,2,0.9166665902777842,0.3333333134651184,0.7111742457216508,0.9318181872367859,0.8636363744735718,0.8863636255264282
2,1,0.4999999583333368,0.4999999403953552,0.33333336111110645,0.7857142686843872,0.6666666865348816,0.4761904776096344
2,1,0.6666666111111158,0.45454540848731995,0.42361109812354747,0.6904761791229248,0.5,0.4523809552192688
2,1,0.41666663194444736,0.4444443881511688,0.42500003999999203,0.7567567825317383,0.5135135054588318,0.6756756901741028
2,1,0.6666666111111158,0.27272725105285645,0.43750002343749705,0.7999999523162842,0.6999999284744263,0.5999999642372131
2,1,0.9166665902777842,0.1666666567325592,0.7111742457216508,0.9999999403953552,0.8333332538604736,0.8666666150093079
2,1,0.4999999583333368,0.45454540848731995,0.33333336111110645,0.7931033968925476,0.6896551251411438,0.6896551251411438
2,1,0.6666666111111158,0.4166666269302368,0.42361109812354747,0.8275861740112305,0.4827585816383362,0.58620685338974
2,1,0.41666663194444736,0.6666666269302368,0.42500003999999203,0.6785714030265808,0.3214285373687744,0.5357142686843872
1,1,0.5833332847222263,0.4999999701976776,0.369047659593967,0.7407407164573669,0.555555522441864,0.4444444179534912
1,1,0.6666666111111158,0.4166666269302368,0.45138888914680186,0.8148147463798523,0.555555522441864,0.5185185074806213
1,1,0.7499999375000053,0.1818181723356247,0.4444444592016923,0.7037036418914795,0.555555522441864,0.6296296119689941
1,1,0.7499999375000053,0.1818181723356247,0.6333333488716175,0.8518518209457397,0.5925925374031067,0.5925925374031067
1,1,0.6666666111111158,0.4166666269302368,0.43750002343749705,0.8888888359069824,0.7407407164573669,0.5185185074806213
2,1,0.7499999375000053,0.3333333134651184,0.3402778024691331,0.8823529481887817,0.5588235259056091,0.6470588445663452
2,1,0.5833332847222263,0.4999999701976776,0.3571428775510175,0.6764705777168274,0.4117647111415863,0.5588235259056091
2,1,0.9166665902777842,0.1666666567325592,0.6969697043993364,0.9411764740943909,0.6176470518112183,0.5
2,1,0.9166665902777842,0.0,0.5160984914433016,0.8235294222831726,0.6470588445663452,0.5
1,2,0.41666663194444736,0.6666666269302368,0.42500003999999203,0.7878788113594055,0.5757575631141663,0.6666666865348816
1,1,0.6666666111111158,0.4999999701976776,0.4250000275459269,0.615384578704834,0.5384615063667297,0.4999999701976776
1,1,0.9166665902777842,0.2499999850988388,0.5580808237888704,0.6923076510429382,0.4615384340286255,0.3461538255214691
1,2,0.7499999375000053,0.27272725105285645,0.4444444265379002,0.8461537957191467,0.4999999701976776,0.5384615063667297
2,1,0.7499999375000053,0.09999999403953552,0.4027778024691331,0.5999999642372131,0.6399999260902405,0.35999998450279236
2,1,0.7499999375000053,0.4166666269302368,0.5166666891588261,0.5999999642372131,0.6399999260902405,0.4399999678134918
1,1,0.6666666111111158,0.3333333134651184,0.42361109812354747,0.7857142686843872,0.4523809552192688,0.523809552192688
1,1,0.8333332638888947,0.1666666567325592,0.38333333346511633,0.773809552192688,0.6190476417541504,0.488095223903656
1,1,0.6666666111111158,0.3333333134651184,0.6041666950712175,0.726190447807312,0.5595238208770752,0.5
1,1,0.41666663194444736,0.5833333134651184,0.5083333534651104,0.773809552192688,0.6190476417541504,0.5357142686843872
1,1,0.6666666111111158,0.3333333134651184,0.31250003124999604,0.8214285969734192,0.6904761791229248,0.5595238208770752
1,1,0.5833332847222263,0.7272726893424988,0.369047659593967,0.7594936490058899,0.5696202516555786,0.4683544337749481
1,1,0.6666666111111158,0.4999999403953552,0.45138888914680186,0.7341772317886353,0.6329113841056824,0.4556961953639984
1,1,0.7499999375000053,0.5454545021057129,0.4444444592016923,0.7848101258277893,0.594936728477478,0.5569620132446289
1,1,0.7499999375000053,0.5454545021057129,0.6333333488716175,0.8860759735107422,0.4810126721858978,0.594936728477478
1,1,0.6666666111111158,0.6363635659217834,0.43750002343749705,0.7848101258277893,0.6202531456947327,0.5316455960273743
1,1,0.4999999583333368,0.5833333134651184,0.3333333849341005,0.7272726893424988,0.7727271914482117,0.4999999701976776
1,1,0.4999999583333368,0.45454540848731995,0.4166666983992189,0.863636314868927,0.5909090638160706,0.8181817531585693
1,1,0.7499999375000053,0.3333333134651184,0.5486111308354127,0.863636314868927,0.7272726893424988,0.5454545021057129
1,1,0.7499999375000053,0.3333333134651184,0.48333335781231423,0.6363635659217834,0.7727271914482117,0.45454540848731995
1,2,0.6666666111111158,0.27272725105285645,0.42361109812354747,0.9090908169746399,0.40909087657928467,0.4999999701976776
1,1,0.6666666111111158,0.5833333134651184,0.25000003124999604,0.7599999308586121,0.6399999260902405,0.47999995946884155
1,1,0.4999999583333368,0.6363635659217834,0.45833336111110645,0.7999999523162842,0.6399999260902405,0.6399999260902405
1,1,0.8333332638888947,0.27272725105285645,0.4875000199999979,0.6399999260902405,0.5999999642372131,0.35999998450279236
1,1,0.4999999583333368,0.6363635659217834,0.45833336111110645,0.7599999308586121,0.5999999642372131,0.5199999809265137
1,2,0.7499999375000053,0.4999999701976776,0.4027778024691331,0.7599999308586121,0.6799999475479126,0.3999999761581421
2,1,0.4999999583333368,0.6666666269302368,0.3333333849341005,0.7857142686843872,0.4761904776096344,0.5
2,1,0.8333332638888947,0.3333333134651184,0.5500000199999979,0.761904776096344,0.5714285969734192,0.523809552192688
2,1,0.5833332847222263,0.5833333134651184,0.4404761910161359,0.7560975551605225,0.5365853905677795,0.5121951103210449
2,1,0.6666666111111158,0.4999999701976776,0.7083333439912776,0.707317054271698,0.7560975551605225,0.4390243887901306
2,1,0.7499999375000053,0.4166666269302368,0.38888890409603616,0.7105262875556946,0.6842105388641357,0.5789473652839661
