multi-notes,multi-sylphones,rhyme density,rhyme distance,rhyme strength,longnote-stress,longnote-nonstop,longnote-longvowel
1,1,0.6249999218750099,0.3749999701976776,0.30000003999999203,0.8399999141693115,0.5199999809265137,0.47999995946884155
1,1,0.6249999218750099,0.3749999701976776,0.30000003999999203,0.7599999308586121,0.5999999642372131,0.559999942779541
1,1,0.4999999375000079,0.4999999403953552,0.2500000624999844,0.7599999308586121,0.559999942779541,0.47999995946884155
1,1,0.6249999218750099,0.3749999701976776,0.5083333534651104,0.9599999189376831,0.559999942779541,0.8399999141693115
1,1,0.24999996875000394,0.7499999403953552,0.2500001249999375,0.7199999690055847,0.5999999642372131,0.5999999642372131
1,1,0.3749999531250059,0.7142856121063232,0.6666667172551499,0.8461537957191467,0.6923076510429382,0.615384578704834
1,1,0.4999999375000079,0.333333283662796,0.2500000624999844,0.615384578704834,0.8461537957191467,0.615384578704834
1,1,0.24999996875000394,0.9999998807907104,0.2500001249999375,0.8461537957191467,0.615384578704834,0.6923076510429382
1,1,0.6249999218750099,0.4285713732242584,0.400000019999996,0.8461537957191467,0.6923076510429382,0.5384615063667297
1,1,0.24999996875000394,0.8571427464485168,0.5000001249999375,0.5384615063667297,0.6923076510429382,0.4615384340286255
1,1,0.4999999375000079,0.6249999403953552,0.3750000624999844,0.5714285373687744,0.357142835855484,0.4285714030265808
1,1,0.6249999218750099,0.4999999403953552,0.30000003999999203,0.928571343421936,0.5714285373687744,0.6428570747375488
1,1,0.7499999062500118,0.1428571194410324,0.2500000416666597,0.7857142090797424,0.4285714030265808,0.4285714030265808
1,1,0.4999999375000079,0.4285713732242584,0.3750000624999844,0.8571428060531616,0.5714285373687744,0.714285671710968
1,1,0.6249999218750099,0.4999999403953552,0.46666669673255123,0.4999999701976776,0.4285714030265808,0.2142857015132904
1,1,0.4999999375000079,0.4285713732242584,0.2500000624999844,0.8999999165534973,0.6499999165534973,0.4999999403953552
1,1,0.6249999218750099,0.2857142388820648,0.38333335346511044,0.6999999284744263,0.6499999165534973,0.44999995827674866
1,1,0.7499999062500118,0.3749999701976776,0.5208333611111065,0.7499999403953552,0.7999999523162842,0.5999999642372131
1,1,0.24999996875000394,0.7142856121063232,0.2500001249999375,0.7999999523162842,0.6499999165534973,0.6499999165534973
1,1,0.4999999375000079,0.4285713732242584,0.7500000312499921,0.6999999284744263,0.6999999284744263,0.44999995827674866
1,1,0.7499999062500118,0.2857142388820648,0.4166666983992189,0.7857142090797424,0.4999999701976776,0.4285714030265808
1,1,0.4999999375000079,0.5714284777641296,0.3750000624999844,0.714285671710968,0.7857142090797424,0.5714285373687744
1,1,0.4999999375000079,0.5714284777641296,0.2500000624999844,0.7857142090797424,0.4999999701976776,0.4999999701976776
1,1,0.4999999375000079,0.333333283662796,0.5000000624999844,0.7857142090797424,0.714285671710968,0.4285714030265808
1,1,0.6249999218750099,0.6249999403953552,0.30000003999999203,0.7857142090797424,0.5714285373687744,0.5714285373687744
1,1,0.3749999531250059,0.8333331942558289,0.5000000456214295,0.6923076510429382,0.38461536169052124,0.4615384340286255
1,1,0.24999996875000394,0.9999998211860657,0.2500001249999375,0.8461537957191467,0.615384578704834,0.615384578704834
1,1,0.8749998906250137,0.6249999403953552,0.369047659593967,0.8461537957191467,0.7692307233810425,0.7692307233810425
1,1,0.7499999062500118,0.5714284777641296,0.45833336111110645,0.6923076510429382,0.6923076510429382,0.307692289352417
1,1,0.4999999375000079,0.666666567325592,0.2500000624999844,0.7692307233810425,0.7692307233810425,0.4615384340286255
1,1,0.7499999062500118,0.4999999403953552,0.4166666983992189,0.863636314868927,0.6363635659217834,0.5909090638160706
1,1,0.4999999375000079,0.333333283662796,0.3750000624999844,0.5909090638160706,0.7727271914482117,0.45454540848731995
1,1,0.4999999375000079,0.333333283662796,0.2500000624999844,0.7727271914482117,0.45454540848731995,0.40909087657928467
1,1,0.4999999375000079,0.5714284777641296,0.5000000624999844,0.6363635659217834,0.6818181276321411,0.45454540848731995
1,1,0.6249999218750099,0.4285713732242584,0.30000003999999203,0.7727271914482117,0.6363635659217834,0.4999999701976776
1,1,0.24999996875000394,0.666666567325592,0.5000001249999375,0.7999999523162842,0.6666666269302368,0.3999999761581421
1,1,0.7499999062500118,0.4999999403953552,0.2500000416666597,0.9999999403953552,0.6666666269302368,0.6666666269302368
1,1,0.4999999375000079,0.333333283662796,0.3750000624999844,0.7333332896232605,0.5333333015441895,0.5999999642372131
1,1,0.4999999375000079,0.7499999403953552,0.2500000624999844,0.9333332777023315,0.5333333015441895,0.7999999523162842
1,1,0.4999999375000079,0.5714284777641296,0.3750000624999844,0.5999999642372131,0.5999999642372131,0.46666663885116577
1,1,0.24999996875000394,0.8333331942558289,0.2500001249999375,0.7272726893424988,0.8181817531585693,0.5454545021057129
1,1,0.24999996875000394,0.5999999046325684,0.2500001249999375,0.7272726893424988,0.7272726893424988,0.45454540848731995
1,1,0.7499999062500118,0.4285713732242584,0.45833336111110645,0.6363635659217834,0.6363635659217834,0.5454545021057129
1,1,0.3749999531250059,0.666666567325592,0.3333333888888703,0.5454545021057129,0.6363635659217834,0.6363635659217834
1,1,0.24999996875000394,0.8333331942558289,0.2500001249999375,0.8181817531585693,0.5454545021057129,0.45454540848731995
1,1,0.7499999062500118,0.3749999701976776,0.5208333611111065,0.7999999523162842,0.5999999642372131,0.19999998807907104
1,1,0.4999999375000079,0.6249999403953552,0.6250000312499921,0.7999999523162842,0.6999999284744263,0.5999999642372131
1,1,0.24999996875000394,0.7142856121063232,0.2500001249999375,0.8999999165534973,0.3999999761581421,0.4999999403953552
1,1,0.24999996875000394,0.7142856121063232,0.2500001249999375,0.8999999165534973,0.4999999403953552,0.5999999642372131
1,1,0.7499999062500118,0.1428571194410324,0.3333333849341005,0.6999999284744263,0.4999999403953552,0.3999999761581421
1,1,0.4999999375000079,0.4285713732242584,0.3750000624999844,0.7857142090797424,0.4999999701976776,0.4285714030265808
1,1,0.6249999218750099,0.4999999403953552,0.42500003999999203,0.4999999701976776,0.4285714030265808,0.4285714030265808
1,1,0.3749999531250059,0.5714284777641296,0.3333333888888703,0.7857142090797424,0.7857142090797424,0.4285714030265808
1,1,0.6249999218750099,0.4999999403953552,0.30000003999999203,0.8571428060531616,0.6428570747375488,0.4999999701976776
1,1,0.24999996875000394,0.8749998807907104,0.2500001249999375,0.714285671710968,0.4999999701976776,0.4285714030265808
1,1,0.24999996875000394,0.9999997615814209,0.5000001249999375,0.7692307233810425,0.5384615063667297,0.4615384340286255
1,1,0.7499999062500118,0.8571427464485168,0.2500000416666597,0.8461537957191467,0.7692307233810425,0.615384578704834
1,1,0.4999999375000079,0.49999988079071045,0.3750000624999844,0.5384615063667297,0.7692307233810425,0.6923076510429382
1,1,0.4999999375000079,0.7999998331069946,0.2500000624999844,0.6923076510429382,0.615384578704834,0.4615384340286255
1,1,0.4999999375000079,0.7999998331069946,0.3750000624999844,0.6923076510429382,0.615384578704834,0.4615384340286255
1,1,0.4999999375000079,0.6249999403953552,0.3750000624999844,0.8461537957191467,0.38461536169052124,0.38461536169052124
1,1,0.6249999218750099,0.2857142388820648,0.42500003999999203,0.923076868057251,0.5384615063667297,0.6923076510429382
1,1,0.3749999531250059,0.7499999403953552,0.3333333888888703,0.7692307233810425,0.6923076510429382,0.4615384340286255
1,1,0.6249999218750099,0.4999999403953552,0.30000003999999203,0.615384578704834,0.6923076510429382,0.5384615063667297
1,1,0.24999996875000394,0.7142856121063232,0.2500001249999375,0.8461537957191467,0.615384578704834,0.6923076510429382
1,1,0.4999999375000079,0.7499999403953552,0.2500000624999844,0.9090908169746399,0.45454540848731995,0.45454540848731995
1,1,0.24999996875000394,0.666666567325592,0.2500001249999375,0.5454545021057129,0.6363635659217834,0.3636363446712494
1,1,0.8749998906250137,0.3749999701976776,0.6279762059172971,0.9090908169746399,0.6363635659217834,0.45454540848731995
1,1,0.7499999062500118,0.4999999403953552,0.6666666805555532,0.8181817531585693,0.3636363446712494,0.45454540848731995
1,2,0.6249999218750099,0.4285713732242584,0.38333335346511044,0.9090908169746399,0.5454545021057129,0.8181817531585693
1,1,0.24999996875000394,0.9999998807907104,0.5000001249999375,0.9047618508338928,0.5714285373687744,0.5714285373687744
1,1,0.4999999375000079,0.7142856121063232,0.3750000624999844,0.7619047164916992,0.5238094925880432,0.3809523582458496
1,1,0.4999999375000079,0.49999991059303284,0.2500000624999844,0.8571428060531616,0.6190475821495056,0.4285714030265808
1,1,0.4999999375000079,0.49999991059303284,0.6250000312499921,0.9047618508338928,0.5238094925880432,0.8095237612724304
1,1,0.6249999218750099,0.5714284777641296,0.38333335346511044,0.714285671710968,0.6190475821495056,0.5714285373687744
1,1,0.6249999218750099,0.7142856121063232,0.5916666967325512,0.8095237612724304,0.5714285373687744,0.5714285373687744
1,1,0.7499999062500118,0.5714284777641296,0.2500000416666597,0.6666666269302368,0.5714285373687744,0.5238094925880432
1,1,0.4999999375000079,0.3999999165534973,0.5000000624999844,0.7619047164916992,0.6190475821495056,0.6190475821495056
1,1,0.24999996875000394,0.49999988079071045,0.2500001249999375,0.6666666269302368,0.7619047164916992,0.476190447807312
1,1,0.3749999531250059,0.8333331942558289,0.3333333888888703,0.9047618508338928,0.3809523582458496,0.5714285373687744
1,1,0.3749999531250059,0.8333331942558289,0.5000000456214295,0.6428570747375488,0.357142835855484,0.2857142686843872
1,1,0.24999996875000394,0.49999988079071045,0.2500001249999375,0.7857142090797424,0.714285671710968,0.5714285373687744
1,1,0.8749998906250137,0.4285713732242584,0.369047659593967,0.714285671710968,0.6428570747375488,0.4285714030265808
1,1,0.7499999062500118,0.5714284777641296,0.45833336111110645,0.8571428060531616,0.5714285373687744,0.4999999701976776
1,1,0.4999999375000079,0.666666567325592,0.2500000624999844,0.928571343421936,0.6428570747375488,0.6428570747375488
1,1,0.6249999218750099,0.49999991059303284,0.30000003999999203,0.9047618508338928,0.714285671710968,0.4285714030265808
1,1,0.24999996875000394,0.7999998331069946,0.2500001249999375,0.6190475821495056,0.6666666269302368,0.5238094925880432
1,1,0.7499999062500118,0.5714284777641296,0.4166666983992189,0.714285671710968,0.6190475821495056,0.476190447807312
1,1,0.3749999531250059,0.24999994039535522,0.5000000456214295,0.714285671710968,0.6190475821495056,0.476190447807312
1,1,0.7499999062500118,0.333333283662796,0.4166666983992189,0.7619047164916992,0.714285671710968,0.7619047164916992
1,1,0.7499999062500118,0.4999999403953552,0.4166666983992189,0.8695651292800903,0.5652173161506653,0.6956521272659302
1,1,0.4999999375000079,0.333333283662796,0.3750000624999844,0.6086956262588501,0.6521738767623901,0.43478256464004517
1,1,0.4999999375000079,0.5714284777641296,0.2500000624999844,0.6956521272659302,0.5217390656471252,0.43478256464004517
1,1,0.4999999375000079,0.5714284777641296,0.5000000624999844,0.5652173161506653,0.7391303777694702,0.4782608151435852
1,1,0.6249999218750099,0.166666641831398,0.30000003999999203,0.6956521272659302,0.6521738767623901,0.3478260636329651
1,1,0.24999996875000394,0.9999998211860657,0.5000001249999375,0.6666666269302368,0.4999999701976776,0.3333333134651184
1,1,0.4999999375000079,0.666666567325592,0.3750000624999844,0.6666666269302368,0.6666666269302368,0.3333333134651184
1,1,0.24999996875000394,0.49999988079071045,0.5000001249999375,0.7499999403953552,0.3333333134651184,0.4999999701976776
1,1,0.3749999531250059,0.5999999046325684,0.5000000456214295,0.4166666269302368,0.7499999403953552,0.4999999701976776
1,1,0.3749999531250059,0.8333331942558289,0.5000000456214295,0.8333332538604736,0.7499999403953552,0.4999999701976776
1,1,0.24999996875000394,0.8571427464485168,0.5000001249999375,0.8666666150093079,0.46666663885116577,0.46666663885116577
1,1,0.4999999375000079,0.7499999403953552,0.3750000624999844,0.7333332896232605,0.46666663885116577,0.3333333134651184
1,1,0.4999999375000079,0.5714284777641296,0.2500000624999844,0.7999999523162842,0.5333333015441895,0.3999999761581421
1,1,0.4999999375000079,0.5714284777641296,0.6250000312499921,0.9333332777023315,0.5999999642372131,0.5999999642372131
1,1,0.6249999218750099,0.4285713732242584,0.38333335346511044,0.6666666269302368,0.5333333015441895,0.46666663885116577
1,1,0.4999999375000079,0.7999998331069946,0.3750000624999844,0.7499999403953552,0.5833333134651184,0.3749999701976776
1,1,0.7499999062500118,0.8571427464485168,0.4166666983992189,0.7916666269302368,0.5416666269302368,0.5416666269302368
1,1,0.4999999375000079,0.49999988079071045,0.2500000624999844,0.916666567325592,0.6249999403953552,0.6666666269302368
1,1,0.6249999218750099,0.5999999046325684,0.38333335346511044,0.916666567325592,0.5833333134651184,0.6249999403953552
1,1,0.24999996875000394,0.6666664481163025,0.2500001249999375,0.6666666269302368,0.7499999403953552,0.4999999701976776
1,1,0.3749999531250059,0.7999998331069946,0.5000000456214295,0.7692307233810425,0.4615384340286255,0.5384615063667297
1,1,0.24999996875000394,0.7499998211860657,0.2500001249999375,0.7692307233810425,0.6923076510429382,0.615384578704834
1,1,0.8749998906250137,0.5714284777641296,0.369047659593967,0.7692307233810425,0.6923076510429382,0.4615384340286255
1,1,0.7499999062500118,0.49999991059303284,0.45833336111110645,0.7692307233810425,0.615384578704834,0.4615384340286255
1,1,0.4999999375000079,0.5999999046325684,0.2500000624999844,0.8461537957191467,0.6923076510429382,0.615384578704834
1,1,0.24999996875000394,0.8333331942558289,0.5000001249999375,0.7857142090797424,0.5714285373687744,0.6428570747375488
1,1,0.4999999375000079,0.49999991059303284,0.3750000624999844,0.6428570747375488,0.5714285373687744,0.5714285373687744
1,1,0.4999999375000079,0.49999991059303284,0.2500000624999844,0.8571428060531616,0.714285671710968,0.5714285373687744
1,1,0.4999999375000079,0.7142856121063232,0.6250000312499921,0.9999999403953552,0.357142835855484,0.8571428060531616
1,1,0.6249999218750099,0.5714284777641296,0.38333335346511044,0.6428570747375488,0.357142835855484,0.4285714030265808
1,1,0.0,0.9999997615814209,1.0,0.4444443881511688,0.4444443881511688,0.4444443881511688
1,1,0.24999996875000394,0.49999988079071045,0.5000001249999375,0.8888887763023376,0.555555522441864,0.333333283662796
1,1,0.24999996875000394,0.7999998331069946,0.2500001249999375,0.555555522441864,0.4444443881511688,0.555555522441864
1,1,0.4999999375000079,0.3999999165534973,0.2500000624999844,0.8888887763023376,0.2222221940755844,0.7777776718139648
1,1,0.7499999062500118,0.7499999403953552,0.2500000416666597,0.666666567325592,0.8888887763023376,0.4444443881511688
1,1,0.6249999218750099,0.5714284777641296,0.42500003999999203,0.6923076510429382,0.5384615063667297,0.38461536169052124
1,1,0.4999999375000079,0.8749998807907104,0.5000000312499921,0.923076868057251,0.615384578704834,0.4615384340286255
1,1,0.8749998906250137,0.2857142388820648,0.42460318203583103,0.8461537957191467,0.4615384340286255,0.7692307233810425
1,1,0.4999999375000079,0.49999991059303284,0.3750000624999844,0.5384615063667297,0.5384615063667297,0.38461536169052124
1,1,0.7499999062500118,0.166666641831398,0.39583336111110645,0.6923076510429382,0.7692307233810425,0.4615384340286255
1,1,0.6249999218750099,0.166666641831398,0.46666669673255123,0.6428570747375488,0.5714285373687744,0.357142835855484
1,1,0.24999996875000394,0.666666567325592,0.5000001249999375,0.714285671710968,0.6428570747375488,0.4999999701976776
1,1,0.4999999375000079,0.7499999403953552,0.5000000312499921,0.8571428060531616,0.7857142090797424,0.5714285373687744
1,1,0.3749999531250059,0.7142856121063232,0.3333333888888703,0.928571343421936,0.4285714030265808,0.6428570747375488
1,1,0.24999996875000394,0.9999998807907104,0.5000001249999375,0.714285671710968,0.6428570747375488,0.4999999701976776
1,1,0.6249999218750099,0.4285713732242584,0.38333335346511044,0.7999999523162842,0.7999999523162842,0.6999999284744263
1,1,0.8749998906250137,0.1428571194410324,0.39682539101257663,0.7999999523162842,0.5999999642372131,0.5999999642372131
1,1,0.24999996875000394,0.666666567325592,0.2500001249999375,0.6999999284744263,0.4999999403953552,0.5999999642372131
1,1,0.7499999062500118,0.2857142388820648,0.33333336111110645,0.8999999165534973,0.7999999523162842,0.3999999761581421
1,1,0.24999996875000394,0.8571427464485168,0.5000001249999375,0.7999999523162842,0.4999999403953552,0.5999999642372131
1,1,0.3749999531250059,0.5714284777641296,0.3333333888888703,0.7142856121063232,0.5714284777641296,0.4285713732242584
1,1,0.24999996875000394,0.8749998807907104,0.5000001249999375,0.8571427464485168,0.5714284777641296,0.2857142388820648
1,1,0.24999996875000394,0.7142856121063232,0.2500001249999375,0.5714284777641296,0.8571427464485168,0.7142856121063232
1,1,0.24999996875000394,0.7142856121063232,0.5000001249999375,0.5714284777641296,0.8571427464485168,0.2857142388820648
1,1,0.4999999375000079,0.4285713732242584,0.5000000624999844,0.9999998807907104,0.7142856121063232,0.8571427464485168
1,1,0.6249999218750099,0.4285713732242584,0.38333335346511044,0.7857142090797424,0.714285671710968,0.6428570747375488
1,1,0.8749998906250137,0.1428571194410324,0.39682539101257663,0.4999999701976776,0.714285671710968,0.4285714030265808
1,1,0.24999996875000394,0.666666567325592,0.2500001249999375,0.8571428060531616,0.4999999701976776,0.714285671710968
1,1,0.7499999062500118,0.2857142388820648,0.33333336111110645,0.7857142090797424,0.5714285373687744,0.4285714030265808
1,1,0.24999996875000394,0.8571427464485168,0.5000001249999375,0.8571428060531616,0.357142835855484,0.5714285373687744
1,1,0.3749999531250059,0.7499999403953552,0.5000000456214295,0.6315788626670837,0.7368420362472534,0.5263157486915588
1,1,0.6249999218750099,0.4999999403953552,0.38333335346511044,0.7368420362472534,0.5263157486915588,0.5789473056793213
1,1,0.24999996875000394,0.8749998807907104,0.2500001249999375,0.7368420362472534,0.5789473056793213,0.473684161901474
1,1,0.6249999218750099,0.2857142388820648,0.30000003999999203,0.7368420362472534,0.6315788626670837,0.5789473056793213
1,1,0.3749999531250059,0.7499999403953552,0.3333333888888703,0.947368323802948,0.5263157486915588,0.8421051502227783
1,1,0.7499999062500118,0.1428571194410324,0.41666667457622486,0.8124998807907104,0.7499999403953552,0.4999999403953552
1,1,0.4999999375000079,0.6249999403953552,0.2500000624999844,0.6249999403953552,0.3124999701976776,0.3124999701976776
1,1,0.3749999531250059,0.7499999403953552,0.6666667172551499,0.8749998807907104,0.6874999403953552,0.3749999701976776
1,1,0.3749999531250059,0.5714284777641296,0.5000000456214295,0.8124998807907104,0.6874999403953552,0.3749999701976776
1,1,0.6249999218750099,0.4999999403953552,0.38333335346511044,0.8124998807907104,0.8124998807907104,0.5624999403953552
1,1,0.6249999218750099,0.4999999403953552,0.30000003999999203,0.8235293030738831,0.7058822512626648,0.5882351994514465
1,1,0.4999999375000079,0.4285713732242584,0.2500000624999844,0.8823528289794922,0.5882351994514465,0.5294117331504822
1,1,0.24999996875000394,0.8749998807907104,0.5000001249999375,0.7058822512626648,0.7647057771682739,0.29411759972572327
1,1,0.4999999375000079,0.6249999403953552,0.2500000624999844,0.7647057771682739,0.5294117331504822,0.5294117331504822
1,1,0.24999996875000394,0.7142856121063232,0.2500001249999375,0.7058822512626648,0.6470587253570557,0.7058822512626648
1,1,0.4999999375000079,0.333333283662796,0.2500000624999844,0.8749999403953552,0.4999999701976776,0.5416666269302368
1,1,0.6249999218750099,0.6249999403953552,0.5916666967325512,0.7083332538604736,0.4999999701976776,0.4999999701976776
1,1,0.24999996875000394,0.666666567325592,0.2500001249999375,0.7916666269302368,0.6249999403953552,0.6249999403953552
1,1,0.6249999218750099,0.6249999403953552,0.30000003999999203,0.7916666269302368,0.4166666269302368,0.458333283662796
1,1,0.4999999375000079,0.333333283662796,0.3750000624999844,0.7916666269302368,0.5416666269302368,0.5416666269302368
1,1,0.3749999531250059,0.49999991059303284,0.6666667172551499,0.9333332777023315,0.6666666269302368,0.5999999642372131
1,1,0.4999999375000079,0.5714284777641296,0.2500000624999844,0.7999999523162842,0.46666663885116577,0.6666666269302368
1,1,0.24999996875000394,0.8571427464485168,0.2500001249999375,0.7999999523162842,0.6666666269302368,0.7999999523162842
1,1,0.6249999218750099,0.166666641831398,0.400000019999996,0.8666666150093079,0.7333332896232605,0.6666666269302368
1,1,0.24999996875000394,0.8571427464485168,0.5000001249999375,0.7333332896232605,0.6666666269302368,0.3999999761581421
1,1,0.4999999375000079,0.7142856121063232,0.2500000624999844,0.9333332777023315,0.5999999642372131,0.6666666269302368
1,1,0.6249999218750099,0.333333283662796,0.38333335346511044,0.8666666150093079,0.5999999642372131,0.5333333015441895
1,1,0.7499999062500118,0.6249999403953552,0.5208333611111065,0.7333332896232605,0.7999999523162842,0.3999999761581421
1,1,0.24999996875000394,0.5999999046325684,0.2500001249999375,0.7333332896232605,0.46666663885116577,0.6666666269302368
1,1,0.4999999375000079,0.49999991059303284,0.7500000312499921,0.7999999523162842,0.5333333015441895,0.5999999642372131
1,1,0.7499999062500118,0.5714284777641296,0.41666667457622486,0.8124998807907104,0.8124998807907104,0.4999999403953552
1,1,0.4999999375000079,0.666666567325592,0.2500000624999844,0.6249999403953552,0.4999999403953552,0.4999999403953552
1,1,0.3749999531250059,0.8333331942558289,0.6666667172551499,0.8749998807907104,0.4374999403953552,0.5624999403953552
1,1,0.3749999531250059,0.24999994039535522,0.5000000456214295,0.9374998807907104,0.4999999403953552,0.4999999403953552
1,1,0.6249999218750099,0.49999991059303284,0.38333335346511044,0.6874999403953552,0.6874999403953552,0.4999999403953552
1,1,0.7499999062500118,0.6249999403953552,0.4166666983992189,0.8333332538604736,0.5833333134651184,0.6666666269302368
1,1,0.4999999375000079,0.7142856121063232,0.3750000624999844,0.5833333134651184,0.7499999403953552,0.4999999701976776
1,1,0.4999999375000079,0.49999991059303284,0.2500000624999844,0.7499999403953552,0.6666666269302368,0.3333333134651184
1,1,0.4999999375000079,0.7142856121063232,0.5000000624999844,0.6666666269302368,0.8333332538604736,0.4999999701976776
1,1,0.6249999218750099,0.333333283662796,0.30000003999999203,0.8333332538604736,0.6666666269302368,0.5833333134651184
1,1,0.3749999531250059,0.49999991059303284,0.6666667172551499,0.6874999403953552,0.4374999403953552,0.3124999701976776
1,1,0.4999999375000079,0.5714284777641296,0.2500000624999844,0.7499999403953552,0.6249999403953552,0.5624999403953552
1,1,0.24999996875000394,0.666666567325592,0.2500001249999375,0.8749998807907104,0.3749999701976776,0.6874999403953552
1,1,0.6249999218750099,0.4285713732242584,0.400000019999996,0.9374998807907104,0.7499999403953552,0.6874999403953552
1,1,0.24999996875000394,0.666666567325592,0.5000001249999375,0.7499999403953552,0.6874999403953552,0.5624999403953552
1,1,0.3749999531250059,0.7499999403953552,0.6666667172551499,0.8124998807907104,0.6874999403953552,0.4999999403953552
1,1,0.4999999375000079,0.4285713732242584,0.2500000624999844,0.8749998807907104,0.4999999403953552,0.4999999403953552
1,1,0.24999996875000394,0.8749998807907104,0.2500001249999375,0.8749998807907104,0.3749999701976776,0.7499999403953552
1,1,0.6249999218750099,0.4999999403953552,0.400000019999996,0.8124998807907104,0.6874999403953552,0.6249999403953552
1,1,0.24999996875000394,0.7142856121063232,0.5000001249999375,0.7499999403953552,0.6874999403953552,0.2499999701976776
1,1,0.24999996875000394,0.5999999046325684,0.2500001249999375,0.8333332538604736,0.4166666269302368,0.7499999403953552
1,1,0.24999996875000394,0.9999998807907104,0.2500001249999375,0.7499999403953552,0.4999999701976776,0.4999999701976776
1,1,0.7499999062500118,0.4285713732242584,0.45833336111110645,0.9999999403953552,0.7499999403953552,0.5833333134651184
1,1,0.3749999531250059,0.666666567325592,0.3333333888888703,0.5833333134651184,0.7499999403953552,0.5833333134651184
1,1,0.24999996875000394,0.5999999046325684,0.2500001249999375,0.916666567325592,0.6666666269302368,0.5833333134651184
1,1,0.24999996875000394,0.7499998211860657,0.5000001249999375,0.7499999403953552,0.5624999403953552,0.4999999403953552
1,1,0.4999999375000079,0.8333331942558289,0.3750000624999844,0.8124998807907104,0.6249999403953552,0.6249999403953552
1,1,0.24999996875000394,0.7499998211860657,0.5000001249999375,0.8124998807907104,0.3749999701976776,0.4999999403953552
1,1,0.3749999531250059,0.7999998331069946,0.5000000456214295,0.8124998807907104,0.6874999403953552,0.6249999403953552
1,1,0.3749999531250059,0.9999998211860657,0.5000000456214295,0.9374998807907104,0.6249999403953552,0.6874999403953552
1,1,0.24999996875000394,0.8749998807907104,0.5000001249999375,0.9333332777023315,0.5999999642372131,0.6666666269302368
1,1,0.4999999375000079,0.6249999403953552,0.3750000624999844,0.7333332896232605,0.5333333015441895,0.3999999761581421
1,1,0.4999999375000079,0.4285713732242584,0.2500000624999844,0.8666666150093079,0.7999999523162842,0.3999999761581421
1,1,0.4999999375000079,0.6249999403953552,0.6250000312499921,0.9333332777023315,0.3999999761581421,0.7999999523162842
1,1,0.6249999218750099,0.4999999403953552,0.38333335346511044,0.7999999523162842,0.5333333015441895,0.5999999642372131
1,1,0.3749999531250059,0.6249999403953552,0.6666667172551499,0.7857142090797424,0.4999999701976776,0.4285714030265808
1,1,0.4999999375000079,0.4999999403953552,0.2500000624999844,0.7857142090797424,0.5714285373687744,0.714285671710968
1,1,0.24999996875000394,0.7499999403953552,0.2500001249999375,0.8571428060531616,0.714285671710968,0.6428570747375488
1,1,0.6249999218750099,0.3749999701976776,0.400000019999996,0.7857142090797424,0.714285671710968,0.6428570747375488
1,1,0.24999996875000394,0.7499999403953552,0.5000001249999375,0.7857142090797424,0.6428570747375488,0.4285714030265808
1,1,0.4999999375000079,0.4999999403953552,0.3750000624999844,0.7352941036224365,0.5,0.3529411852359772
1,1,0.6249999218750099,0.3749999701976776,0.42500003999999203,0.8235294222831726,0.47058823704719543,0.5882353186607361
1,1,0.3749999531250059,0.6249999403953552,0.3333333888888703,0.7647058963775635,0.7647058963775635,0.44117647409439087
1,1,0.6249999218750099,0.3749999701976776,0.30000003999999203,0.6176470518112183,0.6470588445663452,0.44117647409439087
1,1,0.24999996875000394,0.7499999403953552,0.2500001249999375,0.7941176295280457,0.5882353186607361,0.529411792755127
1,1,0.3749999531250059,0.5714284777641296,0.5000000456214295,0.8333332538604736,0.555555522441864,0.611111044883728
1,1,0.24999996875000394,0.7142856121063232,0.2500001249999375,0.666666567325592,0.7777776718139648,0.555555522441864
1,1,0.8749998906250137,0.2499999701976776,0.369047659593967,0.7777776718139648,0.611111044883728,0.4999999403953552
1,1,0.7499999062500118,0.3749999701976776,0.45833336111110645,0.7222221493721008,0.4444443881511688,0.3888888359069824
1,1,0.4999999375000079,0.6249999403953552,0.2500000624999844,0.8333332538604736,0.7222221493721008,0.666666567325592
1,1,0.24999996875000394,0.7142856121063232,0.2500001249999375,0.615384578704834,0.615384578704834,0.6923076510429382
1,1,0.24999996875000394,0.8749998807907104,0.2500001249999375,0.7692307233810425,0.307692289352417,0.38461536169052124
1,1,0.6249999218750099,0.4999999403953552,0.5916666967325512,0.7692307233810425,0.615384578704834,0.6923076510429382
1,1,0.7499999062500118,0.3749999701976776,0.3333333849341005,0.923076868057251,0.5384615063667297,0.6923076510429382
1,1,0.4999999375000079,0.4285713732242584,0.3750000624999844,0.6923076510429382,0.5384615063667297,0.38461536169052124
1,1,0.0,0.9999998211860657,1.0,0.6363635659217834,0.45454540848731995,0.45454540848731995
1,1,0.24999996875000394,0.666666567325592,0.5000001249999375,0.8181817531585693,0.3636363446712494,0.3636363446712494
1,1,0.24999996875000394,0.8571427464485168,0.2500001249999375,0.45454540848731995,0.27272725105285645,0.45454540848731995
1,1,0.4999999375000079,0.7499999403953552,0.2500000624999844,0.7272726893424988,0.45454540848731995,0.45454540848731995
1,1,0.7499999062500118,0.2857142388820648,0.2500000416666597,0.5454545021057129,0.7272726893424988,0.3636363446712494
1,1,0.6249999218750099,0.4285713732242584,0.46666669673255123,0.7222222089767456,0.5555555820465088,0.5555555820465088
1,1,0.7499999062500118,0.4999999403953552,0.3333333849341005,0.8055555820465088,0.6388888955116272,0.5
1,1,0.8749998906250137,0.3749999701976776,0.5321428894719464,0.6666666865348816,0.4722222089767456,0.3888888955116272
1,1,0.4999999375000079,0.333333283662796,0.2500000624999844,0.8333333134651184,0.5277777910232544,0.5833333134651184
2,1,0.4999999375000079,0.5714284777641296,0.37500003124999215,0.800000011920929,0.5714285969734192,0.5428571701049805
1,1,0.24999996875000394,0.8749998807907104,0.5000001249999375,0.7199999690055847,0.47999995946884155,0.47999995946884155
1,1,0.4999999375000079,0.4285713732242584,0.2500000624999844,0.7999999523162842,0.6399999260902405,0.47999995946884155
1,1,0.4999999375000079,0.4285713732242584,0.3750000624999844,0.7599999308586121,0.7199999690055847,0.4399999678134918
1,1,0.24999996875000394,0.7142856121063232,0.2500001249999375,0.8799999356269836,0.6799999475479126,0.6399999260902405
1,1,0.24999996875000394,0.7142856121063232,0.2500001249999375,0.6799999475479126,0.7199999690055847,0.4399999678134918
1,1,0.6249999218750099,0.4285713732242584,0.42500003999999203,0.8333332538604736,0.4444443881511688,0.3888888359069824
1,1,0.24999996875000394,0.8571427464485168,0.5000001249999375,0.7222221493721008,0.611111044883728,0.555555522441864
1,1,0.3749999531250059,0.49999991059303284,0.5000000456214295,0.611111044883728,0.555555522441864,0.555555522441864
1,1,0.24999996875000394,0.666666567325592,0.2500001249999375,0.666666567325592,0.4444443881511688,0.4999999403953552
1,1,0.7499999062500118,0.2857142388820648,0.4166666983992189,0.666666567325592,0.555555522441864,0.333333283662796
1,1,0.4999999375000079,0.6249999403953552,0.2500000624999844,0.6818181276321411,0.5909090638160706,0.40909087657928467
1,1,0.6249999218750099,0.4999999403953552,0.30000003999999203,0.6363635659217834,0.5909090638160706,0.5909090638160706
1,1,0.4999999375000079,0.4285713732242584,0.2500000624999844,0.7727271914482117,0.5909090638160706,0.45454540848731995
1,1,0.24999996875000394,0.7142856121063232,0.2500001249999375,0.7272726893424988,0.5909090638160706,0.4999999701976776
1,1,0.24999996875000394,0.8749998807907104,0.2500001249999375,0.8181817531585693,0.6363635659217834,0.4999999701976776
1,1,0.4999999375000079,0.4999999403953552,0.2500000624999844,0.7499999403953552,0.4999999701976776,0.3749999701976776
1,1,0.6249999218750099,0.3749999701976776,0.30000003999999203,0.6666666269302368,0.5833333134651184,0.5833333134651184
1,1,0.4999999375000079,0.4999999403953552,0.2500000624999844,0.7916666269302368,0.6666666269302368,0.3749999701976776
1,1,0.24999996875000394,0.7499999403953552,0.2500001249999375,0.6249999403953552,0.5833333134651184,0.4166666269302368
1,1,0.24999996875000394,0.7499999403953552,0.2500001249999375,0.8333332538604736,0.7083332538604736,0.458333283662796
1,1,0.24999996875000394,0.7499999403953552,0.2500001249999375,0.7777776718139648,0.7222221493721008,0.666666567325592
1,1,0.24999996875000394,0.7499999403953552,0.2500001249999375,0.8333332538604736,0.555555522441864,0.3888888359069824
1,1,0.4999999375000079,0.4999999403953552,0.3750000624999844,0.8888887763023376,0.7222221493721008,0.4999999403953552
1,1,0.4999999375000079,0.4999999403953552,0.2500000624999844,0.7222221493721008,0.4999999403953552,0.3888888359069824
1,1,0.7499999062500118,0.2499999701976776,0.39583336111110645,0.8333332538604736,0.7222221493721008,0.7777776718139648
1,1,0.7499999062500118,0.2857142388820648,0.5208333611111065,0.6363635659217834,0.7272726893424988,0.5454545021057129
1,1,0.4999999375000079,0.7499999403953552,0.6250000312499921,0.6363635659217834,0.6363635659217834,0.45454540848731995
1,1,0.24999996875000394,0.666666567325592,0.2500001249999375,0.9999999403953552,0.45454540848731995,0.5454545021057129
1,1,0.24999996875000394,0.666666567325592,0.2500001249999375,0.3636363446712494,0.5454545021057129,0.3636363446712494
1,1,0.7499999062500118,0.4999999403953552,0.3333333849341005,0.9090908169746399,0.8181817531585693,0.45454540848731995
1,1,0.7499999062500118,0.4999999403953552,0.41666667457622486,0.9999998807907104,0.6315788626670837,0.5263157486915588
1,1,0.4999999375000079,0.7499999403953552,0.2500000624999844,0.6315788626670837,0.5263157486915588,0.473684161901474
1,1,0.3749999531250059,0.49999991059303284,0.6666667172551499,0.684210479259491,0.5789473056793213,0.3684210181236267
1,1,0.3749999531250059,0.7142856121063232,0.5000000456214295,0.7894735932350159,0.3684210181236267,0.473684161901474
1,1,0.6249999218750099,0.4285713732242584,0.38333335346511044,0.8421051502227783,0.5789473056793213,0.5789473056793213
1,1,0.24999996875000394,0.8749998807907104,0.2500001249999375,0.714285671710968,0.6428570747375488,0.6428570747375488
1,1,0.24999996875000394,0.8749998807907104,0.5000001249999375,0.5714285373687744,0.4999999701976776,0.4285714030265808
1,1,0.3749999531250059,0.7499999403953552,0.3333333888888703,0.9999999403953552,0.4999999701976776,0.4285714030265808
1,1,0.7499999062500118,0.3749999701976776,0.33333336111110645,0.7857142090797424,0.4999999701976776,0.4285714030265808
1,1,0.6249999218750099,0.4999999403953552,0.5083333534651104,0.714285671710968,0.5714285373687744,0.5714285373687744
1,1,0.4999999375000079,0.6249999403953552,0.2500000624999844,0.6315788626670837,0.5789473056793213,0.21052628755569458
1,1,0.6249999218750099,0.4999999403953552,0.5916666967325512,0.6315788626670837,0.5789473056793213,0.5789473056793213
1,1,0.24999996875000394,0.7142856121063232,0.2500001249999375,0.8947367668151855,0.42105257511138916,0.5263157486915588
1,1,0.6249999218750099,0.4999999403953552,0.30000003999999203,0.7368420362472534,0.5263157486915588,0.42105257511138916
1,1,0.4999999375000079,0.6249999403953552,0.3750000624999844,0.947368323802948,0.6315788626670837,0.6315788626670837
1,1,0.3749999531250059,0.6249999403953552,0.6666667172551499,0.7999999523162842,0.7999999523162842,0.6666666269302368
1,1,0.4999999375000079,0.4999999403953552,0.3750000624999844,0.7999999523162842,0.46666663885116577,0.3333333134651184
1,1,0.4999999375000079,0.4999999403953552,0.2500000624999844,0.7333332896232605,0.6666666269302368,0.5999999642372131
1,1,0.24999996875000394,0.7499999403953552,0.2500001249999375,0.8666666150093079,0.46666663885116577,0.6666666269302368
1,1,0.3749999531250059,0.6249999403953552,0.5000000456214295,0.5999999642372131,0.3999999761581421,0.3333333134651184
1,1,0.6249999218750099,0.2857142388820648,0.5916666967325512,0.6923076510429382,0.730769157409668,0.4999999701976776
1,1,0.7499999062500118,0.3749999701976776,0.2500000416666597,0.7692307233810425,0.5384615063667297,0.4999999701976776
1,1,0.4999999375000079,0.6249999403953552,0.5000000624999844,0.8461537957191467,0.5384615063667297,0.5384615063667297
1,1,0.24999996875000394,0.8749998807907104,0.2500001249999375,0.730769157409668,0.6923076510429382,0.5769230127334595
1,1,0.3749999531250059,0.5714284777641296,0.3333333888888703,0.8461537957191467,0.615384578704834,0.42307689785957336
1,1,0.6249999218750099,0.2857142388820648,0.46666669673255123,0.6071428060531616,0.6785714030265808,0.464285671710968
1,1,0.24999996875000394,0.8749998807907104,0.5000001249999375,0.7499999403953552,0.4999999701976776,0.714285671710968
1,1,0.4999999375000079,0.4285713732242584,0.5000000312499921,0.7499999403953552,0.5714285373687744,0.357142835855484
1,1,0.3749999531250059,0.5714284777641296,0.3333333888888703,0.7857142090797424,0.714285671710968,0.4999999701976776
1,1,0.24999996875000394,0.7142856121063232,0.5000001249999375,0.7857142090797424,0.4999999701976776,0.6071428060531616
1,1,0.24999996875000394,0.9999998807907104,0.5000001249999375,0.8181818127632141,0.6060606241226196,0.4545454680919647
1,1,0.4999999375000079,0.7142856121063232,0.3750000624999844,0.7575757503509521,0.5151515007019043,0.5454545617103577
1,1,0.4999999375000079,0.49999991059303284,0.2500000624999844,0.8787878751754761,0.6363636255264282,0.5151515007019043
1,1,0.4999999375000079,0.49999991059303284,0.6250000312499921,0.8484848737716675,0.4848484992980957,0.7575757503509521
1,1,0.6249999218750099,0.7499999403953552,0.38333335346511044,0.7878788113594055,0.6363636255264282,0.6060606241226196
1,1,0.6249999218750099,0.5714284777641296,0.30000003999999203,0.8529411554336548,0.6764705777168274,0.47058823704719543
1,1,0.24999996875000394,0.8333331942558289,0.2500001249999375,0.6764705777168274,0.7058823704719543,0.5588235259056091
1,1,0.7499999062500118,0.4285713732242584,0.4166666983992189,0.7352941036224365,0.5882353186607361,0.5
1,1,0.3749999531250059,0.9999998807907104,0.5000000456214295,0.7352941036224365,0.5,0.5882353186607361
1,1,0.7499999062500118,0.6249999403953552,0.4166666983992189,0.6470588445663452,0.5882353186607361,0.6470588445663452
1,1,0.24999996875000394,0.8749998807907104,0.2500001249999375,0.7777777314186096,0.6296296119689941,0.4814814329147339
1,1,0.24999996875000394,0.7142856121063232,0.2500001249999375,0.9629628658294678,0.4444444179534912,0.6666666269302368
1,1,0.4999999375000079,0.4285713732242584,0.3750000624999844,0.8518518209457397,0.7037036418914795,0.6296296119689941
1,1,0.4999999375000079,0.6249999403953552,0.2500000624999844,0.7777777314186096,0.555555522441864,0.40740737318992615
1,1,0.7499999062500118,0.3749999701976776,0.39583336111110645,0.8518518209457397,0.4814814329147339,0.5925925374031067
1,1,0.7499999062500118,0.3749999701976776,0.4166666983992189,0.7222221493721008,0.555555522441864,0.555555522441864
1,1,0.4999999375000079,0.4285713732242584,0.2500000624999844,0.666666567325592,0.666666567325592,0.555555522441864
1,1,0.0,0.9999998807907104,1.0,0.7222221493721008,0.555555522441864,0.277777761220932
1,1,0.6249999218750099,0.2857142388820648,0.46666669673255123,0.8888887763023376,0.666666567325592,0.611111044883728
1,1,0.8749998906250137,0.0,0.4801587640823398,0.9444443583488464,0.666666567325592,0.7222221493721008
1,1,0.7499999062500118,0.2499999701976776,0.5208333611111065,0.7222222089767456,0.6111111044883728,0.5
1,1,0.4999999375000079,0.4999999403953552,0.6250000312499921,0.7222222089767456,0.6388888955116272,0.4722222089767456
1,1,0.24999996875000394,0.7499999403953552,0.2500001249999375,0.8611111044883728,0.5555555820465088,0.5833333134651184
1,1,0.24999996875000394,0.7499999403953552,0.2500001249999375,0.5555555820465088,0.6388888955116272,0.5277777910232544
1,1,0.7499999062500118,0.2499999701976776,0.3333333849341005,0.7222222089767456,0.7222222089767456,0.4722222089767456
1,1,0.24999996875000394,0.7499999403953552,0.2500001249999375,0.5454545021057129,0.7272726893424988,0.45454540848731995
1,1,0.24999996875000394,0.7499999403953552,0.5000001249999375,0.8181817531585693,0.7272726893424988,0.45454540848731995
1,1,0.3749999531250059,0.6249999403953552,0.3333333888888703,0.8181817531585693,0.5454545021057129,0.45454540848731995
1,1,0.7499999062500118,0.2499999701976776,0.33333336111110645,0.7272726893424988,0.45454540848731995,0.1818181723356247
1,1,0.6249999218750099,0.3749999701976776,0.5083333534651104,0.6363635659217834,0.6363635659217834,0.5454545021057129
1,1,0.4999999375000079,0.7499999403953552,0.3750000624999844,0.7368420362472534,0.473684161901474,0.2631578743457794
1,1,0.6249999218750099,0.4285713732242584,0.42500003999999203,0.8421051502227783,0.42105257511138916,0.5789473056793213
1,1,0.3749999531250059,0.8749998807907104,0.3333333888888703,0.8421051502227783,0.684210479259491,0.42105257511138916
1,1,0.6249999218750099,0.6249999403953552,0.30000003999999203,0.6315788626670837,0.473684161901474,0.3684210181236267
1,1,0.24999996875000394,0.666666567325592,0.2500001249999375,0.947368323802948,0.5789473056793213,0.473684161901474
1,1,0.24999996875000394,0.5999999046325684,0.2500001249999375,0.7749999761581421,0.675000011920929,0.550000011920929
1,1,0.24999996875000394,0.8333331942558289,0.2500001249999375,0.8999999761581421,0.574999988079071,0.5249999761581421
1,1,0.4999999375000079,0.8749998807907104,0.3750000624999844,0.824999988079071,0.625,0.6000000238418579
1,1,0.4999999375000079,0.19999995827674866,0.2500000624999844,0.75,0.550000011920929,0.4000000059604645
1,1,0.7499999062500118,0.4285713732242584,0.39583336111110645,0.824999988079071,0.550000011920929,0.6499999761581421
1,1,0.24999996875000394,0.7142856121063232,0.2500001249999375,0.7222222089767456,0.5555555820465088,0.5
1,1,0.24999996875000394,0.8749998807907104,0.5000001249999375,0.6666666865348816,0.6111111044883728,0.4444444477558136
1,1,0.3749999531250059,0.5714284777641296,0.3333333888888703,0.8333333134651184,0.5,0.4722222089767456
1,1,0.7499999062500118,0.3749999701976776,0.33333336111110645,0.75,0.5277777910232544,0.4444444477558136
1,1,0.6249999218750099,0.2857142388820648,0.5083333534651104,0.7222222089767456,0.6111111044883728,0.4722222089767456
1,1,0.24999996875000394,0.8571427464485168,0.2500001249999375,0.7857142090797424,0.5714285373687744,0.6428570747375488
1,1,0.24999996875000394,0.8571427464485168,0.2500001249999375,0.7857142090797424,0.4999999701976776,0.4999999701976776
1,1,0.6249999218750099,0.4285713732242584,0.5916666967325512,0.7857142090797424,0.6428570747375488,0.6428570747375488
1,1,0.7499999062500118,0.2857142388820648,0.3333333849341005,0.8571428060531616,0.5714285373687744,0.4999999701976776
1,1,0.4999999375000079,0.7499999403953552,0.3750000624999844,0.8571428060531616,0.4999999701976776,0.4285714030265808
1,1,0.24999996875000394,0.7142856121063232,0.5000001249999375,0.684210479259491,0.5263157486915588,0.5789473056793213
1,1,0.4999999375000079,0.4285713732242584,0.3750000624999844,0.7368420362472534,0.5263157486915588,0.5263157486915588
1,1,0.24999996875000394,0.8749998807907104,0.5000001249999375,0.8421051502227783,0.5263157486915588,0.5263157486915588
1,1,0.3749999531250059,0.7499999403953552,0.5000000456214295,0.7368420362472534,0.7894735932350159,0.6315788626670837
1,1,0.3749999531250059,0.5714284777641296,0.5000000456214295,0.8421051502227783,0.7894735932350159,0.6315788626670837
1,1,0.4999999375000079,0.666666567325592,0.2500000624999844,0.7619047164916992,0.5714285373687744,0.5714285373687744
1,1,0.6249999218750099,0.19999995827674866,0.30000003999999203,0.6666666269302368,0.5238094925880432,0.4285714030265808
1,1,0.4999999375000079,0.8571427464485168,0.2500000624999844,0.8571428060531616,0.6190475821495056,0.6190475821495056
1,1,0.24999996875000394,0.9999998211860657,0.2500001249999375,0.7619047164916992,0.6666666269302368,0.476190447807312
1,1,0.24999996875000394,0.49999988079071045,0.2500001249999375,0.8571428060531616,0.6190475821495056,0.6190475821495056
1,1,0.24999996875000394,0.9999998211860657,0.5000001249999375,0.8461537957191467,0.615384578704834,0.615384578704834
1,1,0.7499999062500118,0.5714284777641296,0.2500000416666597,0.7692307233810425,0.5384615063667297,0.4615384340286255
1,1,0.4999999375000079,0.666666567325592,0.3750000624999844,0.615384578704834,0.6923076510429382,0.5384615063667297
1,1,0.4999999375000079,0.666666567325592,0.2500000624999844,0.7692307233810425,0.6923076510429382,0.5384615063667297
1,1,0.4999999375000079,0.666666567325592,0.3750000624999844,0.4615384340286255,0.615384578704834,0.307692289352417
1,1,0.6249999218750099,0.2857142388820648,0.46666669673255123,0.7199999690055847,0.559999942779541,0.5999999642372131
1,1,0.7499999062500118,0.1428571194410324,0.3333333849341005,0.6799999475479126,0.5999999642372131,0.23999997973442078
1,1,0.8749998906250137,0.2499999701976776,0.5321428894719464,0.6799999475479126,0.47999995946884155,0.559999942779541
1,1,0.4999999375000079,0.6249999403953552,0.2500000624999844,0.7599999308586121,0.559999942779541,0.559999942779541
2,1,0.4999999375000079,0.4285713732242584,0.37500003124999215,0.6399999260902405,0.6399999260902405,0.5199999809265137
1,1,0.24999996875000394,0.49999988079071045,0.2500001249999375,0.6363635659217834,0.7272726893424988,0.8181817531585693
1,1,0.24999996875000394,0.7999998331069946,0.5000001249999375,0.3636363446712494,0.8181817531585693,0.3636363446712494
1,1,0.3749999531250059,0.24999994039535522,0.3333333888888703,0.9999999403953552,0.7272726893424988,0.3636363446712494
1,1,0.7499999062500118,0.333333283662796,0.33333336111110645,0.7272726893424988,0.6363635659217834,0.5454545021057129
1,1,0.6249999218750099,0.19999995827674866,0.5083333534651104,0.5454545021057129,0.6363635659217834,0.45454540848731995
2,1,0.6249999218750099,0.2857142388820648,0.46666669673255123,0.8095237612724304,0.476190447807312,0.6666666269302368
2,1,0.7499999062500118,0.3749999701976776,0.3333333849341005,0.5714285373687744,0.5714285373687744,0.3333333134651184
2,1,0.8749998906250137,0.0,0.5321428894719464,0.6190475821495056,0.5714285373687744,0.4285714030265808
2,1,0.4999999375000079,0.4285713732242584,0.2500000624999844,0.9047618508338928,0.476190447807312,0.5238094925880432
2,1,0.4999999375000079,0.4285713732242584,0.37500003124999215,0.7894735932350159,0.5263157486915588,0.42105257511138916
1,1,0.4999999375000079,0.4285713732242584,0.2500000624999844,0.8333332538604736,0.611111044883728,0.4999999403953552
1,1,0.4999999375000079,0.6249999403953552,0.2500000624999844,0.7777776718139648,0.4444443881511688,0.611111044883728
1,1,0.8749998906250137,0.0,0.369047659593967,0.7777776718139648,0.7222221493721008,0.611111044883728
1,1,0.24999996875000394,0.7142856121063232,0.2500001249999375,0.666666567325592,0.7222221493721008,0.4444443881511688
1,1,0.7499999062500118,0.1428571194410324,0.5000000416666597,0.7777776718139648,0.666666567325592,0.3888888359069824
1,1,0.6249999218750099,0.49999991059303284,0.30000003999999203,0.49999991059303284,0.49999991059303284,0.333333283662796
1,1,0.6249999218750099,0.8749998807907104,0.5083333534651104,0.9999998211860657,0.666666567325592,0.333333283662796
2,1,0.6249999218750099,0.7142856121063232,0.42500003999999203,0.8333331942558289,0.666666567325592,0.8333331942558289
1,2,0.0,0.9999997615814209,1.0,0.8333331942558289,0.333333283662796,0.49999991059303284
1,2,0.24999996875000394,0.9999998211860657,0.2500001249999375,0.666666567325592,0.0,0.166666641831398
1,1,0.3749999531250059,0.7142856121063232,0.6666667172551499,0.5789473056793213,0.7368420362472534,0.6315788626670837
1,1,0.4999999375000079,0.5714284777641296,0.3750000624999844,0.8947367668151855,0.5263157486915588,0.3684210181236267
1,1,0.4999999375000079,0.333333283662796,0.2500000624999844,0.7368420362472534,0.473684161901474,0.5263157486915588
1,1,0.24999996875000394,0.8571427464485168,0.2500001249999375,0.8421051502227783,0.473684161901474,0.5263157486915588
1,1,0.3749999531250059,0.7142856121063232,0.5000000456214295,0.8421051502227783,0.5789473056793213,0.42105257511138916
1,1,0.24999996875000394,0.8333331942558289,0.2500001249999375,0.8124998807907104,0.7499999403953552,0.5624999403953552
1,1,0.24999996875000394,0.8333331942558289,0.2500001249999375,0.7499999403953552,0.4999999403953552,0.5624999403953552
1,1,0.6249999218750099,0.5714284777641296,0.5916666967325512,0.8749998807907104,0.4374999403953552,0.7499999403953552
1,1,0.7499999062500118,0.6249999403953552,0.3333333849341005,0.7499999403953552,0.6874999403953552,0.3749999701976776
1,1,0.4999999375000079,0.7142856121063232,0.3750000624999844,0.6874999403953552,0.4374999403953552,0.4999999403953552
2,1,0.3749999531250059,0.8571427464485168,0.3333333888888703,0.8749998807907104,0.4999999403953552,0.7499999403953552
2,1,0.24999996875000394,0.8333331942558289,0.5000001249999375,0.8749998807907104,0.7499999403953552,0.4999999403953552
2,1,0.24999996875000394,0.8333331942558289,0.2500001249999375,0.7499999403953552,0.6249999403953552,0.4999999403953552
2,1,0.24999996875000394,0.8333331942558289,0.5000001249999375,0.8749998807907104,0.4999999403953552,0.4999999403953552
2,1,0.4999999375000079,0.7142856121063232,0.5000000624999844,0.8749998807907104,0.4999999403953552,0.7499999403953552
1,1,0.3749999531250059,0.8749998807907104,0.3333333888888703,0.916666567325592,0.7499999403953552,0.7499999403953552
1,1,0.24999996875000394,0.8571427464485168,0.5000001249999375,0.7499999403953552,0.4999999701976776,0.2499999850988388
1,1,0.24999996875000394,0.8571427464485168,0.2500001249999375,0.7499999403953552,0.4999999701976776,0.5833333134651184
1,1,0.24999996875000394,0.666666567325592,0.5000001249999375,0.916666567325592,0.4999999701976776,0.4166666269302368
1,1,0.4999999375000079,0.5714284777641296,0.5000000624999844,0.7499999403953552,0.4999999701976776,0.5833333134651184
1,1,0.6249999218750099,0.6249999403953552,0.38333335346511044,0.9333332777023315,0.7999999523162842,0.7999999523162842
1,1,0.8749998906250137,0.3749999701976776,0.39682539101257663,0.7333332896232605,0.5333333015441895,0.5999999642372131
1,1,0.24999996875000394,0.666666567325592,0.2500001249999375,0.9333332777023315,0.46666663885116577,0.7999999523162842
1,1,0.7499999062500118,0.4999999403953552,0.33333336111110645,0.9333332777023315,0.46666663885116577,0.5333333015441895
1,1,0.24999996875000394,0.8571427464485168,0.5000001249999375,0.5999999642372131,0.46666663885116577,0.46666663885116577
1,1,0.6249999218750099,0.5714284777641296,0.38333335346511044,0.8333332538604736,0.7499999403953552,0.4999999701976776
1,1,0.8749998906250137,0.4999999403953552,0.39682539101257663,0.8333332538604736,0.4999999701976776,0.6666666269302368
1,1,0.24999996875000394,0.8333331942558289,0.2500001249999375,0.8333332538604736,0.5833333134651184,0.5833333134651184
1,1,0.7499999062500118,0.4285713732242584,0.33333336111110645,0.8333332538604736,0.4999999701976776,0.3333333134651184
1,1,0.24999996875000394,0.5999999046325684,0.5000001249999375,0.7499999403953552,0.4166666269302368,0.6666666269302368
1,1,0.0,0.9999998807907104,1.0,0.7777776718139648,0.666666567325592,0.666666567325592
1,1,0.24999996875000394,0.7142856121063232,0.5000001249999375,0.7777776718139648,0.666666567325592,0.666666567325592
1,1,0.24999996875000394,0.7142856121063232,0.2500001249999375,0.666666567325592,0.0,0.1111110970377922
1,1,0.4999999375000079,0.4285713732242584,0.2500000624999844,0.8888887763023376,0.7777776718139648,0.666666567325592
1,1,0.7499999062500118,0.3749999701976776,0.2500000416666597,0.666666567325592,0.555555522441864,0.4444443881511688
1,2,0.4999999375000079,0.8749998807907104,0.3750000624999844,0.8888887763023376,0.555555522441864,0.4444443881511688
1,2,0.7499999062500118,0.6249999403953552,0.3333333849341005,0.9999998807907104,0.7777776718139648,0.7777776718139648
1,2,0.4999999375000079,0.7142856121063232,0.2500000624999844,0.7777776718139648,0.666666567325592,0.2222221940755844
1,2,0.3749999531250059,0.666666567325592,0.6666667172551499,0.8888887763023376,0.555555522441864,0.4444443881511688
1,2,0.6249999218750099,0.5714284777641296,0.38333335346511044,0.4444443881511688,0.7777776718139648,0.555555522441864
1,1,0.4999999375000079,0.5714284777641296,0.2500000624999844,0.666666567325592,0.7777776718139648,0.4444443881511688
1,1,0.24999996875000394,0.8571427464485168,0.2500001249999375,0.666666567325592,0.555555522441864,0.333333283662796
1,1,0.8749998906250137,0.1428571194410324,0.6279762059172971,0.8888887763023376,0.333333283662796,0.7777776718139648
1,1,0.7499999062500118,0.2857142388820648,0.6666666805555532,0.8888887763023376,0.7777776718139648,0.4444443881511688
1,2,0.6249999218750099,0.4285713732242584,0.38333335346511044,0.7777776718139648,0.666666567325592,0.666666567325592
2,1,0.3749999531250059,0.7142856121063232,0.3333333888888703,0.9999998807907104,0.7777776718139648,0.7777776718139648
2,1,0.24999996875000394,0.8571427464485168,0.5000001249999375,0.555555522441864,0.666666567325592,0.2222221940755844
2,1,0.24999996875000394,0.666666567325592,0.2500001249999375,0.666666567325592,0.2222221940755844,0.7777776718139648
2,1,0.24999996875000394,0.666666567325592,0.5000001249999375,0.7777776718139648,0.555555522441864,0.4444443881511688
2,1,0.4999999375000079,0.5714284777641296,0.5000000624999844,0.7777776718139648,0.555555522441864,0.333333283662796
1,1,0.3749999531250059,0.7142856121063232,0.3333333888888703,0.7692307233810425,0.6923076510429382,0.5384615063667297
1,1,0.24999996875000394,0.8571427464485168,0.5000001249999375,0.6923076510429382,0.8461537957191467,0.307692289352417
1,1,0.24999996875000394,0.666666567325592,0.2500001249999375,0.7692307233810425,0.5384615063667297,0.6923076510429382
1,1,0.24999996875000394,0.666666567325592,0.5000001249999375,0.8461537957191467,0.38461536169052124,0.307692289352417
1,1,0.4999999375000079,0.5714284777641296,0.5000000624999844,0.8461537957191467,0.615384578704834,0.4615384340286255
2,1,0.6249999218750099,0.3749999701976776,0.30000003999999203,0.7777776718139648,0.7777776718139648,0.555555522441864
1,2,0.8749998906250137,0.1249999850988388,0.3412698685707126,0.8888887763023376,0.4444443881511688,0.7777776718139648
2,1,0.24999996875000394,0.7499999403953552,0.2500001249999375,0.8888887763023376,0.666666567325592,0.666666567325592
1,2,0.4999999375000079,0.4999999403953552,0.3750000624999844,0.8888887763023376,0.666666567325592,0.7777776718139648
2,1,0.7499999062500118,0.2499999701976776,0.6458333611111065,0.7777776718139648,0.4444443881511688,0.666666567325592
1,1,0.4999999375000079,0.7499999403953552,0.3750000624999844,0.7777776718139648,0.2222221940755844,0.555555522441864
1,1,0.7499999062500118,0.4999999403953552,0.3333333849341005,0.8888887763023376,0.555555522441864,0.7777776718139648
1,1,0.4999999375000079,0.5714284777641296,0.2500000624999844,0.666666567325592,0.666666567325592,0.2222221940755844
1,1,0.3749999531250059,0.49999991059303284,0.6666667172551499,0.666666567325592,0.666666567325592,0.333333283662796
1,1,0.6249999218750099,0.6249999403953552,0.38333335346511044,0.666666567325592,0.666666567325592,0.4444443881511688
1,1,0.7499999062500118,0.3749999701976776,0.33333336111110645,0.8333331942558289,0.49999991059303284,0.333333283662796
1,1,0.6249999218750099,0.4999999403953552,0.38333335346511044,0.666666567325592,0.666666567325592,0.666666567325592
1,1,0.3749999531250059,0.7499999403953552,0.3333333888888703,0.666666567325592,0.333333283662796,0.333333283662796
1,1,0.4999999375000079,0.6249999403953552,0.2500000624999844,0.9999998211860657,0.666666567325592,0.9999998211860657
1,1,0.6249999218750099,0.4999999403953552,0.7000000170197638,0.666666567325592,0.666666567325592,0.49999991059303284
1,1,0.0,0.9999998807907104,1.0,0.7857142090797424,0.5714285373687744,0.6428570747375488
1,1,0.24999996875000394,0.7499999403953552,0.2500001249999375,0.5714285373687744,0.2142857015132904,0.2857142686843872
1,1,0.7499999062500118,0.2499999701976776,0.7500000089218328,0.9999999403953552,0.9999999403953552,0.9999999403953552
1,1,0.7499999062500118,0.2499999701976776,0.7500000089218328,0.9999999403953552,0.9999999403953552,0.928571343421936
2,1,0.6249999218750099,0.3749999701976776,0.30000003999999203,0.6428570747375488,0.6428570747375488,0.4285714030265808
2,1,0.6249999218750099,0.4285713732242584,0.30000003999999203,0.8571427464485168,0.7142856121063232,0.4285713732242584
1,2,0.8749998906250137,0.3749999701976776,0.3412698685707126,0.8571427464485168,0.7142856121063232,0.7142856121063232
2,1,0.24999996875000394,0.8571427464485168,0.2500001249999375,0.5714284777641296,0.5714284777641296,0.5714284777641296
1,2,0.4999999375000079,0.5714284777641296,0.3750000624999844,0.8571427464485168,0.4285713732242584,0.8571427464485168
2,1,0.7499999062500118,0.4999999403953552,0.6458333611111065,0.8571427464485168,0.4285713732242584,0.4285713732242584
1,1,0.3749999531250059,0.49999991059303284,0.5000000456214295,0.7499999403953552,0.5416666269302368,0.6249999403953552
1,1,0.6249999218750099,0.4285713732242584,0.38333335346511044,0.8333332538604736,0.458333283662796,0.6249999403953552
1,1,0.24999996875000394,0.666666567325592,0.2500001249999375,0.7499999403953552,0.5416666269302368,0.5416666269302368
1,1,0.6249999218750099,0.4285713732242584,0.30000003999999203,0.7916666269302368,0.7916666269302368,0.6666666269302368
1,1,0.3749999531250059,0.7142856121063232,0.3333333888888703,0.7916666269302368,0.6249999403953552,0.5833333134651184
1,1,0.3749999531250059,0.5999999046325684,0.5000000456214295,0.7999999523162842,0.46666663885116577,0.46666663885116577
1,1,0.6249999218750099,0.7142856121063232,0.38333335346511044,0.7333332896232605,0.46666663885116577,0.5333333015441895
1,1,0.24999996875000394,0.9999998211860657,0.2500001249999375,0.6666666269302368,0.7333332896232605,0.5333333015441895
1,1,0.6249999218750099,0.49999991059303284,0.30000003999999203,0.9333332777023315,0.46666663885116577,0.7999999523162842
1,1,0.3749999531250059,0.5999999046325684,0.3333333888888703,0.6666666269302368,0.3999999761581421,0.3333333134651184
1,1,0.24999996875000394,0.8333331942558289,0.5000001249999375,0.7346938848495483,0.5306122303009033,0.4693877696990967
1,1,0.7499999062500118,0.4285713732242584,0.2500000416666597,0.8571428656578064,0.6734693646430969,0.5510203838348389
1,1,0.4999999375000079,0.7142856121063232,0.3750000624999844,0.7142857313156128,0.5918367505073547,0.5918367505073547
1,1,0.4999999375000079,0.49999991059303284,0.2500000624999844,0.8367347121238708,0.5102040767669678,0.5918367505073547
1,1,0.4999999375000079,0.7142856121063232,0.3750000624999844,0.5714285969734192,0.6530612111091614,0.44897958636283875
1,1,0.3749999531250059,0.7142856121063232,0.5000000456214295,0.6956521272659302,0.6521738767623901,0.4782608151435852
1,1,0.6249999218750099,0.4285713732242584,0.38333335346511044,0.7391303777694702,0.5652173161506653,0.5652173161506653
1,1,0.24999996875000394,0.666666567325592,0.2500001249999375,0.7391303777694702,0.6521738767623901,0.3913043141365051
1,1,0.6249999218750099,0.166666641831398,0.30000003999999203,0.7391303777694702,0.5652173161506653,0.6956521272659302
1,1,0.3749999531250059,0.49999991059303284,0.3333333888888703,0.6956521272659302,0.4782608151435852,0.6086956262588501
1,1,0.3749999531250059,0.5714284777641296,0.6666667172551499,0.7826086282730103,0.6521738767623901,0.5217390656471252
1,1,0.4999999375000079,0.4285713732242584,0.2500000624999844,0.6956521272659302,0.7391303777694702,0.5652173161506653
1,1,0.24999996875000394,0.8749998807907104,0.2500001249999375,0.8260868787765503,0.43478256464004517,0.5217390656471252
1,1,0.6249999218750099,0.2857142388820648,0.400000019999996,0.9130433797836304,0.7391303777694702,0.4782608151435852
1,1,0.24999996875000394,0.8749998807907104,0.5000001249999375,0.7826086282730103,0.6521738767623901,0.5217390656471252
1,1,0.24999996875000394,0.7999998331069946,0.5000001249999375,0.7346938848495483,0.5306122303009033,0.4693877696990967
1,1,0.7499999062500118,0.7499999403953552,0.2500000416666597,0.8571428656578064,0.6734693646430969,0.5510203838348389
1,1,0.4999999375000079,0.666666567325592,0.3750000624999844,0.7142857313156128,0.5918367505073547,0.5918367505073547
1,1,0.4999999375000079,0.666666567325592,0.2500000624999844,0.8367347121238708,0.5102040767669678,0.5918367505073547
1,1,0.4999999375000079,0.8571427464485168,0.3750000624999844,0.5714285969734192,0.6530612111091614,0.44897958636283875
1,1,0.24999996875000394,0.7142856121063232,0.2500001249999375,0.7999999523162842,0.46666663885116577,0.5999999642372131
1,1,0.24999996875000394,0.8749998807907104,0.2500001249999375,0.7999999523162842,0.6666666269302368,0.5999999642372131
1,1,0.7499999062500118,0.3749999701976776,0.45833336111110645,0.7333332896232605,0.5999999642372131,0.6666666269302368
1,1,0.3749999531250059,0.5714284777641296,0.3333333888888703,0.6666666269302368,0.6666666269302368,0.5999999642372131
1,1,0.24999996875000394,0.7142856121063232,0.2500001249999375,0.6666666269302368,0.3999999761581421,0.2666666507720947
1,1,0.24999996875000394,0.7499998211860657,0.5000001249999375,0.8421051502227783,0.5789473056793213,0.473684161901474
1,1,0.4999999375000079,0.9999998807907104,0.3750000624999844,0.6315788626670837,0.5789473056793213,0.42105257511138916
1,1,0.4999999375000079,0.8333331942558289,0.2500000624999844,0.947368323802948,0.684210479259491,0.42105257511138916
1,1,0.4999999375000079,0.8333331942558289,0.6250000312499921,0.947368323802948,0.6315788626670837,0.8421051502227783
1,1,0.6249999218750099,0.666666567325592,0.38333335346511044,0.7894735932350159,0.42105257511138916,0.5789473056793213
1,1,0.4999999375000079,0.8571427464485168,0.3750000624999844,0.7692307829856873,0.5384615659713745,0.4038461446762085
1,1,0.7499999062500118,0.7499999403953552,0.4166666983992189,0.6730769276618958,0.5384615659713745,0.5192307829856873
1,1,0.4999999375000079,0.3999999165534973,0.2500000624999844,0.807692289352417,0.6538461446762085,0.5769230723381042
1,1,0.6249999218750099,0.7142856121063232,0.38333335346511044,0.7692307829856873,0.5,0.5384615659713745
1,1,0.24999996875000394,0.7999998331069946,0.2500001249999375,0.7884615659713745,0.6538461446762085,0.5
1,1,0.3749999531250059,0.7999998331069946,0.5000000456214295,0.7083333134651184,0.5,0.4583333432674408
1,1,0.24999996875000394,0.7499998211860657,0.2500001249999375,0.6875,0.625,0.4583333432674408
1,1,0.8749998906250137,0.7499999403953552,0.369047659593967,0.8333333134651184,0.625,0.5208333134651184
1,1,0.7499999062500118,0.7142856121063232,0.45833336111110645,0.7291666865348816,0.5625,0.4375
1,1,0.4999999375000079,0.8333331942558289,0.2500000624999844,0.8333333134651184,0.6458333134651184,0.5625
1,1,0.6249999218750099,0.3749999701976776,0.38333335346511044,0.928571343421936,0.5714285373687744,0.928571343421936
1,1,0.8749998906250137,0.1249999850988388,0.39682539101257663,0.5714285373687744,0.4285714030265808,0.4999999701976776
1,1,0.24999996875000394,0.7499999403953552,0.2500001249999375,0.8571428060531616,0.4285714030265808,0.7857142090797424
1,1,0.7499999062500118,0.2499999701976776,0.33333336111110645,0.7857142090797424,0.4285714030265808,0.4999999701976776
1,1,0.24999996875000394,0.7499999403953552,0.5000001249999375,0.4999999701976776,0.4285714030265808,0.4285714030265808
2,1,0.4999999375000079,0.5714284777641296,0.2500000624999844,0.8095237612724304,0.476190447807312,0.4285714030265808
2,1,0.24999996875000394,0.666666567325592,0.2500001249999375,0.8571428060531616,0.5714285373687744,0.6666666269302368
1,2,0.4999999375000079,0.5714284777641296,0.3750000624999844,0.8571428060531616,0.6666666269302368,0.5238094925880432
2,1,0.4999999375000079,0.333333283662796,0.3750000624999844,0.7619047164916992,0.6190475821495056,0.476190447807312
2,1,0.6249999218750099,0.4285713732242584,0.38333335346511044,0.9047618508338928,0.6190475821495056,0.4285714030265808
1,1,0.7499999062500118,0.5714284777641296,0.41666667457622486,0.714285671710968,0.6428570747375488,0.5714285373687744
1,1,0.4999999375000079,0.8571427464485168,0.2500000624999844,0.714285671710968,0.4285714030265808,0.5714285373687744
1,1,0.3749999531250059,0.5999999046325684,0.6666667172551499,0.714285671710968,0.6428570747375488,0.6428570747375488
1,1,0.3749999531250059,0.5999999046325684,0.5000000456214295,0.7857142090797424,0.357142835855484,0.4999999701976776
1,1,0.6249999218750099,0.49999991059303284,0.38333335346511044,0.7857142090797424,0.714285671710968,0.4285714030265808
1,1,0.3749999531250059,0.7142856121063232,0.3333333888888703,0.7083333134651184,0.5833333134651184,0.4791666567325592
1,1,0.7499999062500118,0.2857142388820648,0.2500000416666597,0.7708333134651184,0.6041666865348816,0.5208333134651184
1,1,0.6249999218750099,0.4285713732242584,0.5083333534651104,0.8125,0.5833333134651184,0.5208333134651184
1,1,0.7499999062500118,0.2857142388820648,0.4166666983992189,0.7291666865348816,0.5416666865348816,0.375
1,1,0.8749998906250137,0.3749999701976776,0.632142883511482,0.7916666865348816,0.4375,0.5416666865348816
1,1,0.24999996875000394,0.6666664481163025,0.5000001249999375,0.8235293030738831,0.47058817744255066,0.5294117331504822
1,1,0.4999999375000079,0.7999998331069946,0.2500000624999844,0.5294117331504822,0.5294117331504822,0.3529411256313324
1,1,0.4999999375000079,0.7999998331069946,0.3750000624999844,0.8235293030738831,0.5294117331504822,0.5294117331504822
1,1,0.24999996875000394,0.6666664481163025,0.2500001249999375,0.8823528289794922,0.5294117331504822,0.6470587253570557
1,1,0.24999996875000394,0.6666664481163025,0.2500001249999375,0.7647057771682739,0.5882351994514465,0.5294117331504822
1,1,0.3749999531250059,0.49999991059303284,0.5000000456214295,0.7857142090797424,0.714285671710968,0.4999999701976776
1,1,0.6249999218750099,0.6249999403953552,0.38333335346511044,0.8571428060531616,0.4999999701976776,0.714285671710968
1,1,0.24999996875000394,0.8571427464485168,0.2500001249999375,0.7857142090797424,0.7857142090797424,0.4285714030265808
1,1,0.6249999218750099,0.4285713732242584,0.30000003999999203,0.928571343421936,0.6428570747375488,0.6428570747375488
1,1,0.3749999531250059,0.49999991059303284,0.3333333888888703,0.714285671710968,0.4999999701976776,0.5714285373687744
1,1,0.7499999062500118,0.8571427464485168,0.5208333611111065,0.7777776718139648,0.4999999403953552,0.555555522441864
1,1,0.4999999375000079,0.49999988079071045,0.6250000312499921,0.7222221493721008,0.7222221493721008,0.4444443881511688
1,1,0.24999996875000394,0.6666664481163025,0.2500001249999375,0.8888887763023376,0.611111044883728,0.4999999403953552
1,1,0.24999996875000394,0.9999997615814209,0.2500001249999375,0.4444443881511688,0.4999999403953552,0.4444443881511688
1,1,0.7499999062500118,0.8571427464485168,0.3333333849341005,0.9444443583488464,0.7222221493721008,0.3888888359069824
1,1,0.24999996875000394,0.7142856121063232,0.2500001249999375,0.8181817531585693,0.6363635659217834,0.5454545021057129
1,1,0.24999996875000394,0.8749998807907104,0.2500001249999375,0.8181817531585693,0.6363635659217834,0.5454545021057129
1,1,0.7499999062500118,0.3749999701976776,0.45833336111110645,0.7272726893424988,0.5454545021057129,0.6363635659217834
1,1,0.3749999531250059,0.5714284777641296,0.3333333888888703,0.8181817531585693,0.6363635659217834,0.7272726893424988
1,1,0.24999996875000394,0.7142856121063232,0.2500001249999375,0.7272726893424988,0.5454545021057129,0.5454545021057129
1,1,0.6249999218750099,0.8333331942558289,0.30000003999999203,0.8648648858070374,0.5135135054588318,0.6486486196517944
1,1,0.6249999218750099,0.5999999046325684,0.30000003999999203,0.7837837934494019,0.45945945382118225,0.5135135054588318
1,1,0.4999999375000079,0.7999998331069946,0.2500000624999844,0.7027027010917664,0.5405405163764954,0.5135135054588318
1,1,0.6249999218750099,0.8333331942558289,0.5083333534651104,0.7297297120094299,0.4864864945411682,0.5135135054588318
1,1,0.24999996875000394,0.0,0.2500001249999375,0.9189189076423645,0.6756756901741028,0.5675675868988037
1,1,0.4999999375000079,0.4285713732242584,0.2500000624999844,0.9999999403953552,0.7333332896232605,0.7333332896232605
1,1,0.6249999218750099,0.4999999403953552,0.38333335346511044,0.5999999642372131,0.5333333015441895,0.3999999761581421
1,1,0.7499999062500118,0.3749999701976776,0.5208333611111065,0.9999999403953552,0.5333333015441895,0.46666663885116577
1,1,0.24999996875000394,0.7142856121063232,0.2500001249999375,0.6666666269302368,0.6666666269302368,0.5999999642372131
1,1,0.4999999375000079,0.6249999403953552,0.7500000312499921,0.8666666150093079,0.5333333015441895,0.5333333015441895
1,1,0.6249999218750099,0.4999999403953552,0.46666669673255123,0.7499999403953552,0.6666666269302368,0.458333283662796
1,1,0.24999996875000394,0.8749998807907104,0.5000001249999375,0.6666666269302368,0.7499999403953552,0.5833333134651184
1,1,0.4999999375000079,0.6249999403953552,0.5000000312499921,0.7083332538604736,0.5833333134651184,0.2916666567325592
1,1,0.3749999531250059,0.5714284777641296,0.3333333888888703,0.7499999403953552,0.5416666269302368,0.4166666269302368
1,1,0.24999996875000394,0.7142856121063232,0.5000001249999375,0.7499999403953552,0.5416666269302368,0.5833333134651184
1,1,0.7499999062500118,0.3749999701976776,0.41666667457622486,0.714285671710968,0.714285671710968,0.2857142686843872
1,1,0.4999999375000079,0.4285713732242584,0.2500000624999844,0.928571343421936,0.4999999701976776,0.5714285373687744
1,1,0.3749999531250059,0.5714284777641296,0.6666667172551499,0.5714285373687744,0.5714285373687744,0.4999999701976776
1,1,0.3749999531250059,0.7499999403953552,0.5000000456214295,0.714285671710968,0.714285671710968,0.5714285373687744
1,1,0.6249999218750099,0.4999999403953552,0.38333335346511044,0.9999999403953552,0.6428570747375488,0.4285714030265808
1,1,0.6249999218750099,0.2857142388820648,0.30000003999999203,0.7999999523162842,0.5999999642372131,0.5999999642372131
1,1,0.4999999375000079,0.4285713732242584,0.2500000624999844,0.8666666150093079,0.7999999523162842,0.5999999642372131
1,1,0.24999996875000394,0.7142856121063232,0.5000001249999375,0.7333332896232605,0.46666663885116577,0.5999999642372131
1,1,0.4999999375000079,0.4285713732242584,0.2500000624999844,0.8666666150093079,0.5333333015441895,0.5999999642372131
1,1,0.24999996875000394,0.7142856121063232,0.2500001249999375,0.8666666150093079,0.3999999761581421,0.5999999642372131
1,1,0.4999999375000079,0.3999999165534973,0.2500000624999844,0.7894735932350159,0.5263157486915588,0.5789473056793213
1,1,0.24999996875000394,0.7999998331069946,0.2500001249999375,0.684210479259491,0.473684161901474,0.5789473056793213
1,1,0.4999999375000079,0.666666567325592,0.3750000624999844,0.7894735932350159,0.5789473056793213,0.5263157486915588
1,1,0.6249999218750099,0.49999991059303284,0.38333335346511044,0.6315788626670837,0.6315788626670837,0.3684210181236267
1,1,0.6249999218750099,0.8749998807907104,0.30000003999999203,0.8421051502227783,0.5789473056793213,0.684210479259491
1,1,0.6249999218750099,0.6249999403953552,0.30000003999999203,0.730769157409668,0.6538460850715637,0.5384615063667297
1,1,0.4999999375000079,0.5714284777641296,0.2500000624999844,0.8076922297477722,0.730769157409668,0.4999999701976776
1,1,0.24999996875000394,0.8571427464485168,0.5000001249999375,0.8076922297477722,0.5769230127334595,0.38461536169052124
1,1,0.4999999375000079,0.5714284777641296,0.2500000624999844,0.8076922297477722,0.6538460850715637,0.5384615063667297
1,1,0.24999996875000394,0.666666567325592,0.2500001249999375,0.8076922297477722,0.5769230127334595,0.615384578704834
1,2,0.4999999375000079,0.666666567325592,0.3750000624999844,0.8095237612724304,0.6190475821495056,0.476190447807312
1,2,0.4999999375000079,0.3999999165534973,0.3750000624999844,0.8571428060531616,0.5238094925880432,0.5714285373687744
1,2,0.9999998750000157,0.4999999403953552,0.750000015624998,0.4285714030265808,0.8571428060531616,0.6190475821495056
1,2,0.8749998906250137,0.4285713732242584,0.6279762059172971,0.952380895614624,0.8571428060531616,0.9047618508338928
2,1,0.6249999218750099,0.49999991059303284,0.46666669673255123,0.7499999403953552,0.6499999165534973,0.5499999523162842
1,1,0.6249999218750099,0.5714284777641296,0.30000003999999203,0.923076868057251,0.5769230127334595,0.5769230127334595
1,1,0.24999996875000394,0.8333331942558289,0.2500001249999375,0.7692307233810425,0.615384578704834,0.5384615063667297
1,1,0.7499999062500118,0.4285713732242584,0.4166666983992189,0.7692307233810425,0.6538460850715637,0.42307689785957336
1,1,0.3749999531250059,0.666666567325592,0.5000000456214295,0.7692307233810425,0.4615384340286255,0.42307689785957336
1,1,0.7499999062500118,0.4285713732242584,0.4166666983992189,0.7692307233810425,0.5769230127334595,0.5384615063667297
1,1,0.6249999218750099,0.166666641831398,0.5916666967325512,0.5624999403953552,0.6249999403953552,0.4374999403953552
1,1,0.7499999062500118,0.4999999403953552,0.2500000416666597,0.7499999403953552,0.4374999403953552,0.6249999403953552
1,1,0.4999999375000079,0.7499999403953552,0.5000000624999844,0.8124998807907104,0.6249999403953552,0.6249999403953552
1,1,0.24999996875000394,0.9999998807907104,0.2500001249999375,0.6249999403953552,0.6874999403953552,0.4374999403953552
1,1,0.3749999531250059,0.7142856121063232,0.3333333888888703,0.6874999403953552,0.5624999403953552,0.4999999403953552
1,1,0.24999996875000394,0.9999998211860657,0.5000001249999375,0.4615384340286255,0.38461536169052124,0.307692289352417
1,1,0.4999999375000079,0.666666567325592,0.3750000624999844,0.7692307233810425,0.615384578704834,0.4615384340286255
1,1,0.24999996875000394,0.49999988079071045,0.5000001249999375,0.7692307233810425,0.4615384340286255,0.38461536169052124
1,1,0.3749999531250059,0.5999999046325684,0.5000000456214295,0.6923076510429382,0.8461537957191467,0.5384615063667297
1,1,0.3749999531250059,0.8333331942558289,0.5000000456214295,0.6923076510429382,0.7692307233810425,0.4615384340286255
1,1,0.3749999531250059,0.666666567325592,0.5000000456214295,0.5757575631141663,0.6666666865348816,0.4848484992980957
1,1,0.6249999218750099,0.5714284777641296,0.38333335346511044,0.8787878751754761,0.5757575631141663,0.6666666865348816
1,1,0.24999996875000394,0.9999998807907104,0.2500001249999375,0.7272727489471436,0.6363636255264282,0.4848484992980957
1,1,0.6249999218750099,0.5714284777641296,0.30000003999999203,0.7575757503509521,0.5151515007019043,0.7272727489471436
1,1,0.3749999531250059,0.666666567325592,0.3333333888888703,0.6969696879386902,0.5757575631141663,0.4848484992980957
1,1,0.6249999218750099,0.4285713732242584,0.30000003999999203,0.7777777314186096,0.4814814329147339,0.5185185074806213
1,1,0.4999999375000079,0.7499999403953552,0.2500000624999844,0.8148147463798523,0.5925925374031067,0.5925925374031067
1,1,0.24999996875000394,0.666666567325592,0.5000001249999375,0.8148147463798523,0.7777777314186096,0.4444444179534912
1,1,0.4999999375000079,0.7499999403953552,0.2500000624999844,0.7037036418914795,0.6296296119689941,0.40740737318992615
1,1,0.24999996875000394,0.666666567325592,0.2500001249999375,0.8148147463798523,0.7407407164573669,0.6666666269302368
1,1,0.4999999375000079,0.49999991059303284,0.3750000624999844,0.7272726893424988,0.45454540848731995,0.3636363446712494
1,1,0.6249999218750099,0.5714284777641296,0.42500003999999203,0.6363635659217834,0.45454540848731995,0.6363635659217834
1,1,0.3749999531250059,0.666666567325592,0.3333333888888703,0.8181817531585693,0.7272726893424988,0.7272726893424988
1,1,0.6249999218750099,0.333333283662796,0.30000003999999203,0.7272726893424988,0.6363635659217834,0.6363635659217834
1,1,0.24999996875000394,0.9999998807907104,0.2500001249999375,0.7272726893424988,0.8181817531585693,0.45454540848731995
1,1,0.24999996875000394,0.7999998331069946,0.5000001249999375,0.5714285373687744,0.6428570747375488,0.4285714030265808
1,1,0.4999999375000079,0.666666567325592,0.3750000624999844,0.714285671710968,0.5714285373687744,0.4285714030265808
1,1,0.24999996875000394,0.7999998331069946,0.5000001249999375,0.7857142090797424,0.5714285373687744,0.4999999701976776
1,1,0.3749999531250059,0.5999999046325684,0.5000000456214295,0.7857142090797424,0.6428570747375488,0.6428570747375488
1,1,0.3749999531250059,0.5999999046325684,0.5000000456214295,0.9999999403953552,0.714285671710968,0.714285671710968
1,1,0.24999996875000394,0.7142856121063232,0.5000001249999375,0.8235294222831726,0.5686274766921997,0.5098039507865906
1,1,0.4999999375000079,0.4285713732242584,0.3750000624999844,0.7254902124404907,0.5882353186607361,0.4901960790157318
1,1,0.4999999375000079,0.4285713732242584,0.2500000624999844,0.8627451062202454,0.6078431606292725,0.45098039507865906
1,1,0.4999999375000079,0.4285713732242584,0.6250000312499921,0.8823529481887817,0.47058823704719543,0.7058823704719543
1,1,0.6249999218750099,0.2857142388820648,0.38333335346511044,0.7843137383460999,0.5686274766921997,0.5490196347236633
1,1,0.24999996875000394,0.8571427464485168,0.5000001249999375,0.7346938848495483,0.5306122303009033,0.4693877696990967
1,1,0.7499999062500118,0.2857142388820648,0.2500000416666597,0.8571428656578064,0.6734693646430969,0.5510203838348389
1,1,0.4999999375000079,0.7499999403953552,0.3750000624999844,0.7142857313156128,0.5918367505073547,0.5918367505073547
1,1,0.4999999375000079,0.5714284777641296,0.2500000624999844,0.8367347121238708,0.5102040767669678,0.5918367505073547
1,1,0.4999999375000079,0.333333283662796,0.3750000624999844,0.5714285969734192,0.6530612111091614,0.44897958636283875
1,1,0.3749999531250059,0.49999991059303284,0.6666667172551499,0.7222221493721008,0.611111044883728,0.4999999403953552
1,1,0.4999999375000079,0.5714284777641296,0.2500000624999844,0.7777776718139648,0.8333332538604736,0.7222221493721008
1,1,0.24999996875000394,0.666666567325592,0.2500001249999375,0.9444443583488464,0.611111044883728,0.611111044883728
1,1,0.6249999218750099,0.6249999403953552,0.400000019999996,0.9999998807907104,0.611111044883728,0.666666567325592
1,1,0.24999996875000394,0.666666567325592,0.5000001249999375,0.611111044883728,0.611111044883728,0.4999999403953552
1,1,0.3749999531250059,0.6249999403953552,0.6666667172551499,0.8148147463798523,0.6666666269302368,0.5185185074806213
1,1,0.4999999375000079,0.4999999403953552,0.2500000624999844,0.7407407164573669,0.6296296119689941,0.5185185074806213
1,1,0.24999996875000394,0.7499999403953552,0.2500001249999375,0.9259258508682251,0.6296296119689941,0.6296296119689941
1,1,0.6249999218750099,0.3749999701976776,0.400000019999996,0.8148147463798523,0.7777777314186096,0.5185185074806213
1,1,0.24999996875000394,0.7499999403953552,0.5000001249999375,0.6296296119689941,0.7037036418914795,0.40740737318992615
1,1,0.7499999062500118,0.4999999403953552,0.4166666983992189,0.8666666150093079,0.5999999642372131,0.6666666269302368
1,1,0.4999999375000079,0.333333283662796,0.3750000624999844,0.5333333015441895,0.7999999523162842,0.3999999761581421
1,1,0.4999999375000079,0.333333283662796,0.2500000624999844,0.6666666269302368,0.8666666150093079,0.5999999642372131
1,1,0.4999999375000079,0.5714284777641296,0.5000000624999844,0.5333333015441895,0.6666666269302368,0.46666663885116577
1,1,0.6249999218750099,0.4285713732242584,0.30000003999999203,0.9333332777023315,0.3999999761581421,0.46666663885116577
1,1,0.3749999531250059,0.7142856121063232,0.6666667172551499,0.837837815284729,0.5945945978164673,0.5405405163764954
1,1,0.4999999375000079,0.5714284777641296,0.2500000624999844,0.7837837934494019,0.6216216087341309,0.5405405163764954
1,1,0.24999996875000394,0.8571427464485168,0.2500001249999375,0.837837815284729,0.6216216087341309,0.7297297120094299
1,1,0.6249999218750099,0.4285713732242584,0.400000019999996,0.8108108043670654,0.7027027010917664,0.5675675868988037
1,1,0.24999996875000394,0.666666567325592,0.5000001249999375,0.7027027010917664,0.5675675868988037,0.5405405163764954
1,1,0.24999996875000394,0.7142856121063232,0.2500001249999375,0.8125,0.5625,0.625
1,1,0.24999996875000394,0.7142856121063232,0.5000001249999375,0.5625,0.59375,0.4375
1,1,0.3749999531250059,0.7499999403953552,0.3333333888888703,0.875,0.53125,0.46875
1,1,0.7499999062500118,0.3749999701976776,0.33333336111110645,0.8125,0.5,0.5625
1,1,0.6249999218750099,0.4999999403953552,0.5083333534651104,0.71875,0.65625,0.5
1,1,0.24999996875000394,0.7499999403953552,0.2500001249999375,0.6666666269302368,0.5666666030883789,0.3999999761581421
1,1,0.24999996875000394,0.7499999403953552,0.2500001249999375,0.6999999284744263,0.6666666269302368,0.5666666030883789
1,1,0.7499999062500118,0.2499999701976776,0.45833336111110645,0.8666666150093079,0.5666666030883789,0.6666666269302368
1,1,0.3749999531250059,0.6249999403953552,0.3333333888888703,0.7333332896232605,0.6999999284744263,0.6333332657814026
1,1,0.24999996875000394,0.7499999403953552,0.2500001249999375,0.76666659116745,0.6333332657814026,0.5666666030883789
1,1,0.24999996875000394,0.7499999403953552,0.2500001249999375,0.9090908169746399,0.6363635659217834,0.45454540848731995
1,1,0.24999996875000394,0.7499999403953552,0.5000001249999375,0.6363635659217834,0.45454540848731995,0.3636363446712494
1,1,0.3749999531250059,0.6249999403953552,0.3333333888888703,0.8181817531585693,0.45454540848731995,0.5454545021057129
1,1,0.7499999062500118,0.2499999701976776,0.33333336111110645,0.9090908169746399,0.45454540848731995,0.45454540848731995
1,1,0.6249999218750099,0.3749999701976776,0.5083333534651104,0.7272726893424988,0.6363635659217834,0.5454545021057129
1,1,0.24999996875000394,0.7499999403953552,0.2500001249999375,0.916666567325592,0.4999999701976776,0.6666666269302368
1,1,0.24999996875000394,0.7499999403953552,0.2500001249999375,0.9999999403953552,0.3333333134651184,0.4166666269302368
1,1,0.6249999218750099,0.3749999701976776,0.5916666967325512,0.916666567325592,0.4999999701976776,0.5833333134651184
1,1,0.7499999062500118,0.2499999701976776,0.3333333849341005,0.8333332538604736,0.5833333134651184,0.4999999701976776
1,1,0.4999999375000079,0.4999999403953552,0.3750000624999844,0.6666666269302368,0.3333333134651184,0.4166666269302368
1,1,0.6249999218750099,0.4999999403953552,0.30000003999999203,0.8372092843055725,0.5813953280448914,0.5581395626068115
1,1,0.4999999375000079,0.6249999403953552,0.2500000624999844,0.8139534592628479,0.6279069781303406,0.5581395626068115
1,1,0.24999996875000394,0.7142856121063232,0.5000001249999375,0.8139534592628479,0.6744186282157898,0.5348837375640869
1,1,0.4999999375000079,0.4285713732242584,0.2500000624999844,0.7674418687820435,0.604651153087616,0.44186046719551086
1,1,0.24999996875000394,0.8749998807907104,0.2500001249999375,0.7674418687820435,0.604651153087616,0.5348837375640869
1,1,0.4999999375000079,0.8571427464485168,0.2500000624999844,0.8421051502227783,0.6315788626670837,0.473684161901474
1,1,0.6249999218750099,0.19999995827674866,0.38333335346511044,0.7368420362472534,0.31578943133354187,0.42105257511138916
1,1,0.7499999062500118,0.7499999403953552,0.5208333611111065,0.7368420362472534,0.684210479259491,0.42105257511138916
1,1,0.24999996875000394,0.49999988079071045,0.2500001249999375,0.7368420362472534,0.6315788626670837,0.6315788626670837
1,1,0.4999999375000079,0.666666567325592,0.7500000312499921,0.7894735932350159,0.684210479259491,0.5789473056793213
1,1,0.4999999375000079,0.3999999165534973,0.2500000624999844,0.9411763548851013,0.47058817744255066,0.47058817744255066
1,1,0.6249999218750099,0.49999991059303284,0.38333335346511044,0.7058822512626648,0.41176465153694153,0.41176465153694153
1,1,0.7499999062500118,0.5714284777641296,0.5208333611111065,0.8235293030738831,0.5882351994514465,0.6470587253570557
1,1,0.24999996875000394,0.7999998331069946,0.2500001249999375,0.6470587253570557,0.6470587253570557,0.6470587253570557
1,1,0.4999999375000079,0.8571427464485168,0.7500000312499921,0.7058822512626648,0.5882351994514465,0.5294117331504822
1,1,0.6249999218750099,0.49999991059303284,0.30000003999999203,0.7222221493721008,0.555555522441864,0.4999999403953552
1,1,0.24999996875000394,0.9999998211860657,0.2500001249999375,0.611111044883728,0.7222221493721008,0.4999999403953552
1,1,0.7499999062500118,0.333333283662796,0.4166666983992189,0.7777776718139648,0.666666567325592,0.611111044883728
1,1,0.3749999531250059,0.5999999046325684,0.5000000456214295,0.8888887763023376,0.3888888359069824,0.4999999403953552
1,1,0.7499999062500118,0.333333283662796,0.4166666983992189,0.611111044883728,0.611111044883728,0.4999999403953552
1,1,0.3749999531250059,0.7142856121063232,0.6666667172551499,0.923076868057251,0.615384578704834,0.615384578704834
1,1,0.4999999375000079,0.5714284777641296,0.2500000624999844,0.8461537957191467,0.38461536169052124,0.615384578704834
1,1,0.24999996875000394,0.8571427464485168,0.2500001249999375,0.7692307233810425,0.6923076510429382,0.7692307233810425
1,1,0.6249999218750099,0.4285713732242584,0.400000019999996,0.8461537957191467,0.615384578704834,0.615384578704834
1,1,0.24999996875000394,0.666666567325592,0.5000001249999375,0.8461537957191467,0.615384578704834,0.615384578704834
1,1,0.4999999375000079,0.7142856121063232,0.3750000624999844,0.7692307233810425,0.6923076510429382,0.4615384340286255
1,1,0.7499999062500118,0.4285713732242584,0.4166666983992189,0.5384615063667297,0.6923076510429382,0.615384578704834
1,1,0.4999999375000079,0.7142856121063232,0.2500000624999844,0.5384615063667297,0.615384578704834,0.4615384340286255
1,1,0.6249999218750099,0.7499999403953552,0.38333335346511044,0.6923076510429382,0.307692289352417,0.4615384340286255
1,1,0.24999996875000394,0.8333331942558289,0.2500001249999375,0.8461537957191467,0.6923076510429382,0.38461536169052124
1,1,0.4999999375000079,0.5714284777641296,0.3750000624999844,0.7272726893424988,0.7272726893424988,0.3636363446712494
1,1,0.6249999218750099,0.6249999403953552,0.42500003999999203,0.8181817531585693,0.45454540848731995,0.45454540848731995
1,1,0.3749999531250059,0.49999991059303284,0.3333333888888703,0.7272726893424988,0.7272726893424988,0.3636363446712494
1,1,0.6249999218750099,0.4285713732242584,0.30000003999999203,0.6363635659217834,0.6363635659217834,0.45454540848731995
1,1,0.24999996875000394,0.8571427464485168,0.2500001249999375,0.7272726893424988,0.7272726893424988,0.45454540848731995
1,1,0.4999999375000079,0.4285713732242584,0.2500000624999844,0.7368420362472534,0.684210479259491,0.3684210181236267
1,1,0.6249999218750099,0.4999999403953552,0.30000003999999203,0.6315788626670837,0.5789473056793213,0.5263157486915588
1,1,0.4999999375000079,0.6249999403953552,0.2500000624999844,0.7368420362472534,0.8421051502227783,0.3684210181236267
1,1,0.24999996875000394,0.7142856121063232,0.2500001249999375,0.7894735932350159,0.7368420362472534,0.5263157486915588
1,1,0.24999996875000394,0.7142856121063232,0.2500001249999375,0.684210479259491,0.8947367668151855,0.473684161901474
1,1,0.24999996875000394,0.666666567325592,0.5000001249999375,0.6666666269302368,0.5333333015441895,0.5333333015441895
1,1,0.7499999062500118,0.4999999403953552,0.2500000416666597,0.9333332777023315,0.7333332896232605,0.7333332896232605
1,1,0.4999999375000079,0.333333283662796,0.3750000624999844,0.7999999523162842,0.6666666269302368,0.7999999523162842
1,1,0.4999999375000079,0.5714284777641296,0.2500000624999844,0.7999999523162842,0.46666663885116577,0.46666663885116577
1,1,0.4999999375000079,0.7499999403953552,0.3750000624999844,0.5333333015441895,0.7999999523162842,0.3999999761581421
1,1,0.6249999218750099,0.4285713732242584,0.30000003999999203,0.7222221493721008,0.611111044883728,0.611111044883728
1,1,0.4999999375000079,0.5714284777641296,0.2500000624999844,0.8333332538604736,0.4444443881511688,0.4444443881511688
1,1,0.24999996875000394,0.8571427464485168,0.5000001249999375,0.7777776718139648,0.666666567325592,0.4999999403953552
1,1,0.4999999375000079,0.5714284777641296,0.2500000624999844,0.666666567325592,0.4444443881511688,0.3888888359069824
1,1,0.24999996875000394,0.8571427464485168,0.2500001249999375,0.7222221493721008,0.7777776718139648,0.4999999403953552
1,1,0.24999996875000394,0.49999988079071045,0.5000001249999375,0.7058822512626648,0.47058817744255066,0.47058817744255066
1,1,0.7499999062500118,0.5714284777641296,0.2500000416666597,0.7647057771682739,0.5882351994514465,0.41176465153694153
1,1,0.4999999375000079,0.3999999165534973,0.3750000624999844,0.7647057771682739,0.5882351994514465,0.6470587253570557
1,1,0.4999999375000079,0.666666567325592,0.2500000624999844,0.8823528289794922,0.5294117331504822,0.7058822512626648
1,1,0.4999999375000079,0.8571427464485168,0.3750000624999844,0.5882351994514465,0.6470587253570557,0.23529408872127533
1,1,0.4999999375000079,0.6249999403953552,0.3750000624999844,0.7499999403953552,0.5833333134651184,0.3749999701976776
1,1,0.3749999531250059,0.7499999403953552,0.5000000456214295,0.7499999403953552,0.3749999701976776,0.458333283662796
2,1,0.4999999375000079,0.6249999403953552,0.3750000624999844,0.7727271914482117,0.5454545021057129,0.4999999701976776
2,1,0.4999999375000079,0.4285713732242584,0.3750000624999844,0.863636314868927,0.40909087657928467,0.4999999701976776
2,1,0.9999998750000157,0.1249999850988388,0.750000015624998,0.3636363446712494,0.9090908169746399,0.5909090638160706
2,1,0.4999999375000079,0.4999999403953552,0.3750000624999844,0.9090908169746399,0.6363635659217834,0.4999999701976776
2,1,0.3749999531250059,0.6249999403953552,0.5000000456214295,0.6818181276321411,0.45454540848731995,0.45454540848731995
2,1,0.4999999375000079,0.4999999403953552,0.3750000624999844,0.7619047164916992,0.4285714030265808,0.4285714030265808
2,1,0.4999999375000079,0.4999999403953552,0.3750000624999844,0.7619047164916992,0.5714285373687744,0.3809523582458496
2,1,0.9999998750000157,0.0,0.750000015624998,0.714285671710968,0.9999998807907104,0.6190475821495056
1,1,0.4999999375000079,0.666666567325592,0.3750000624999844,0.6923076510429382,0.6923076510429382,0.38461536169052124
1,1,0.7499999062500118,0.5714284777641296,0.4166666983992189,0.6923076510429382,0.6923076510429382,0.5384615063667297
1,1,0.4999999375000079,0.666666567325592,0.2500000624999844,0.923076868057251,0.5384615063667297,0.7692307233810425
1,1,0.6249999218750099,0.19999995827674866,0.38333335346511044,0.923076868057251,0.4615384340286255,0.6923076510429382
1,1,0.24999996875000394,0.49999988079071045,0.2500001249999375,0.7692307233810425,0.7692307233810425,0.6923076510429382
1,1,0.7499999062500118,0.3749999701976776,0.4166666983992189,0.8275861740112305,0.517241358757019,0.6206896305084229
1,1,0.4999999375000079,0.6249999403953552,0.3750000624999844,0.6206896305084229,0.6206896305084229,0.517241358757019
1,1,0.4999999375000079,0.6249999403953552,0.2500000624999844,0.8275861740112305,0.58620685338974,0.517241358757019
1,1,0.4999999375000079,0.4285713732242584,0.5000000624999844,0.7586206197738647,0.6551723480224609,0.4827585816383362
1,1,0.6249999218750099,0.4999999403953552,0.30000003999999203,0.7586206197738647,0.4827585816383362,0.41379308700561523
1,1,0.3749999531250059,0.7499999403953552,0.6666667172551499,0.6999999284744263,0.9999998807907104,0.4999999403953552
1,1,0.4999999375000079,0.6249999403953552,0.3750000624999844,0.6999999284744263,0.6999999284744263,0.3999999761581421
1,1,0.4999999375000079,0.6249999403953552,0.2500000624999844,0.8999999165534973,0.29999998211860657,0.4999999403953552
1,1,0.24999996875000394,0.7142856121063232,0.2500001249999375,0.9999998807907104,0.6999999284744263,0.7999999523162842
1,1,0.3749999531250059,0.7499999403953552,0.5000000456214295,0.7999999523162842,0.5999999642372131,0.3999999761581421
1,1,0.3749999531250059,0.7499999403953552,0.5000000456214295,0.5624999403953552,0.6874999403953552,0.4999999403953552
1,1,0.6249999218750099,0.4999999403953552,0.38333335346511044,0.8124998807907104,0.6874999403953552,0.6874999403953552
1,1,0.24999996875000394,0.8749998807907104,0.2500001249999375,0.7499999403953552,0.5624999403953552,0.2499999701976776
1,1,0.6249999218750099,0.2857142388820648,0.30000003999999203,0.8124998807907104,0.4999999403953552,0.7499999403953552
1,1,0.3749999531250059,0.7499999403953552,0.3333333888888703,0.6249999403953552,0.6874999403953552,0.4374999403953552
1,1,0.3749999531250059,0.6249999403953552,0.5000000456214295,0.666666567325592,0.666666567325592,0.3888888359069824
1,1,0.24999996875000394,0.7499999403953552,0.2500001249999375,0.4999999403953552,0.666666567325592,0.333333283662796
1,1,0.8749998906250137,0.1249999850988388,0.369047659593967,0.7777776718139648,0.666666567325592,0.3888888359069824
1,1,0.7499999062500118,0.2499999701976776,0.45833336111110645,0.611111044883728,0.611111044883728,0.3888888359069824
1,1,0.4999999375000079,0.4999999403953552,0.2500000624999844,0.8333332538604736,0.7777776718139648,0.4999999403953552
1,1,0.3749999531250059,0.666666567325592,0.5000000456214295,0.5999999642372131,0.44999995827674866,0.44999995827674866
1,1,0.6249999218750099,0.5714284777641296,0.38333335346511044,0.7999999523162842,0.44999995827674866,0.6499999165534973
1,1,0.24999996875000394,0.5999999046325684,0.2500001249999375,0.7499999403953552,0.3999999761581421,0.3999999761581421
1,1,0.6249999218750099,0.5714284777641296,0.30000003999999203,0.6999999284744263,0.5499999523162842,0.6499999165534973
1,1,0.3749999531250059,0.666666567325592,0.3333333888888703,0.6499999165534973,0.5999999642372131,0.3999999761581421
1,1,0.7499999062500118,0.2499999701976776,0.41666667457622486,0.8749998807907104,0.7499999403953552,0.6874999403953552
1,1,0.4999999375000079,0.4999999403953552,0.2500000624999844,0.7499999403953552,0.3749999701976776,0.4999999403953552
1,1,0.3749999531250059,0.6249999403953552,0.6666667172551499,0.6874999403953552,0.7499999403953552,0.4374999403953552
1,1,0.3749999531250059,0.6249999403953552,0.5000000456214295,0.6874999403953552,0.6874999403953552,0.4999999403953552
1,1,0.6249999218750099,0.3749999701976776,0.38333335346511044,0.8749998807907104,0.4999999403953552,0.5624999403953552
1,1,0.6249999218750099,0.3749999701976776,0.5916666967325512,0.7692307233810425,0.615384578704834,0.5384615063667297
1,1,0.7499999062500118,0.2499999701976776,0.2500000416666597,0.615384578704834,0.615384578704834,0.38461536169052124
1,1,0.4999999375000079,0.4999999403953552,0.5000000624999844,0.7692307233810425,0.4615384340286255,0.5384615063667297
1,1,0.24999996875000394,0.7499999403953552,0.2500001249999375,0.8461537957191467,0.615384578704834,0.615384578704834
1,1,0.3749999531250059,0.6249999403953552,0.3333333888888703,0.6923076510429382,0.307692289352417,0.38461536169052124
1,1,0.24999996875000394,0.7999998331069946,0.5000001249999375,0.6428570747375488,0.357142835855484,0.4999999701976776
1,1,0.4999999375000079,0.666666567325592,0.3750000624999844,0.7857142090797424,0.5714285373687744,0.6428570747375488
1,1,0.24999996875000394,0.7999998331069946,0.5000001249999375,0.8571428060531616,0.5714285373687744,0.4999999701976776
1,1,0.3749999531250059,0.8333331942558289,0.5000000456214295,0.714285671710968,0.8571428060531616,0.5714285373687744
1,1,0.3749999531250059,0.8333331942558289,0.5000000456214295,0.8571428060531616,0.8571428060531616,0.4285714030265808
1,1,0.24999996875000394,0.7142856121063232,0.2500001249999375,0.7999999523162842,0.5333333015441895,0.6666666269302368
1,1,0.24999996875000394,0.7142856121063232,0.5000001249999375,0.2666666507720947,0.5999999642372131,0.2666666507720947
1,1,0.3749999531250059,0.5714284777641296,0.3333333888888703,0.7999999523162842,0.5333333015441895,0.3999999761581421
1,1,0.7499999062500118,0.3749999701976776,0.33333336111110645,0.7999999523162842,0.5333333015441895,0.7999999523162842
1,1,0.6249999218750099,0.2857142388820648,0.5083333534651104,0.7333332896232605,0.5333333015441895,0.46666663885116577
1,1,0.24999996875000394,0.8333331942558289,0.2500001249999375,0.6666666269302368,0.4999999701976776,0.5833333134651184
1,1,0.24999996875000394,0.5999999046325684,0.2500001249999375,0.916666567325592,0.5833333134651184,0.5833333134651184
1,1,0.4999999375000079,0.7142856121063232,0.3750000624999844,0.8333332538604736,0.6666666269302368,0.6666666269302368
1,1,0.4999999375000079,0.49999991059303284,0.2500000624999844,0.8333332538604736,0.4999999701976776,0.4999999701976776
1,1,0.7499999062500118,0.4285713732242584,0.39583336111110645,0.8333332538604736,0.4999999701976776,0.4999999701976776
1,1,0.6249999218750099,0.2857142388820648,0.42500003999999203,0.6666666269302368,0.4999999701976776,0.5833333134651184
1,1,0.4999999375000079,0.4285713732242584,0.5000000312499921,0.9999999403953552,0.7499999403953552,0.4999999701976776
1,1,0.8749998906250137,0.2499999701976776,0.42460318203583103,0.8333332538604736,0.4999999701976776,0.6666666269302368
1,1,0.4999999375000079,0.4285713732242584,0.3750000624999844,0.8333332538604736,0.8333332538604736,0.5833333134651184
1,1,0.7499999062500118,0.3749999701976776,0.39583336111110645,0.6666666269302368,0.6666666269302368,0.4999999701976776
1,1,0.24999996875000394,0.8333331942558289,0.5000001249999375,0.6249999403953552,0.3749999701976776,0.5624999403953552
1,1,0.4999999375000079,0.19999995827674866,0.3750000624999844,0.8124998807907104,0.4374999403953552,0.6249999403953552
1,1,0.24999996875000394,0.5999999046325684,0.5000001249999375,0.8749998807907104,0.5624999403953552,0.4374999403953552
1,1,0.3749999531250059,0.666666567325592,0.5000000456214295,0.8124998807907104,0.8124998807907104,0.4999999403953552
1,1,0.3749999531250059,0.666666567325592,0.5000000456214295,0.8749998807907104,0.6874999403953552,0.6249999403953552
1,1,0.24999996875000394,0.8333331942558289,0.2500001249999375,0.7272726893424988,0.7272726893424988,0.45454540848731995
1,1,0.24999996875000394,0.8333331942558289,0.2500001249999375,0.7272726893424988,0.3636363446712494,0.45454540848731995
1,1,0.6249999218750099,0.5714284777641296,0.5916666967325512,0.9999999403953552,0.6363635659217834,0.5454545021057129
1,1,0.7499999062500118,0.4285713732242584,0.3333333849341005,0.9090908169746399,0.5454545021057129,0.45454540848731995
1,1,0.4999999375000079,0.7142856121063232,0.3750000624999844,0.7272726893424988,0.3636363446712494,0.45454540848731995
1,1,0.3749999531250059,0.6249999403953552,0.6666667172551499,0.8333332538604736,0.7499999403953552,0.6666666269302368
1,1,0.4999999375000079,0.4999999403953552,0.3750000624999844,0.7499999403953552,0.4166666269302368,0.4166666269302368
1,1,0.4999999375000079,0.4999999403953552,0.2500000624999844,0.8333332538604736,0.5833333134651184,0.3333333134651184
1,1,0.24999996875000394,0.7499999403953552,0.2500001249999375,0.916666567325592,0.4999999701976776,0.7499999403953552
1,1,0.3749999531250059,0.6249999403953552,0.5000000456214295,0.6666666269302368,0.4999999701976776,0.3333333134651184
1,1,0.0,0.9999998807907104,1.0,0.6363635659217834,0.45454540848731995,0.45454540848731995
1,1,0.24999996875000394,0.7142856121063232,0.5000001249999375,0.9090908169746399,0.7272726893424988,0.5454545021057129
1,1,0.24999996875000394,0.7142856121063232,0.2500001249999375,0.7272726893424988,0.09090908616781235,0.45454540848731995
1,1,0.4999999375000079,0.4285713732242584,0.2500000624999844,0.8181817531585693,0.6363635659217834,0.45454540848731995
1,1,0.7499999062500118,0.3749999701976776,0.2500000416666597,0.8181817531585693,0.6363635659217834,0.6363635659217834
1,1,0.6249999218750099,0.4999999403953552,0.42500003999999203,0.6363635659217834,0.45454540848731995,0.5454545021057129
1,1,0.4999999375000079,0.6249999403953552,0.5000000312499921,0.9090908169746399,0.5454545021057129,0.27272725105285645
1,1,0.8749998906250137,0.2499999701976776,0.42460318203583103,0.9999999403953552,0.3636363446712494,0.8181817531585693
1,1,0.4999999375000079,0.4285713732242584,0.3750000624999844,0.7272726893424988,0.7272726893424988,0.6363635659217834
1,1,0.7499999062500118,0.1428571194410324,0.39583336111110645,0.9090908169746399,0.7272726893424988,0.6363635659217834
1,1,0.3749999531250059,0.49999991059303284,0.6666667172551499,0.8749998807907104,0.6874999403953552,0.6249999403953552
1,1,0.4999999375000079,0.333333283662796,0.2500000624999844,0.7499999403953552,0.3749999701976776,0.4374999403953552
1,1,0.24999996875000394,0.8571427464485168,0.2500001249999375,0.7499999403953552,0.6249999403953552,0.4999999403953552
1,1,0.6249999218750099,0.4285713732242584,0.400000019999996,0.6249999403953552,0.6874999403953552,0.4374999403953552
1,1,0.24999996875000394,0.8571427464485168,0.5000001249999375,0.6874999403953552,0.8124998807907104,0.3749999701976776
1,2,0.4999999375000079,0.7142856121063232,0.3750000624999844,0.6499999761581421,0.375,0.5
1,2,0.4999999375000079,0.7142856121063232,0.3750000624999844,0.800000011920929,0.5,0.5249999761581421
1,2,0.9999998750000157,0.3749999701976776,0.750000015624998,0.6000000238418579,0.824999988079071,0.550000011920929
1,2,0.8749998906250137,0.4999999403953552,0.6279762059172971,0.875,0.75,0.699999988079071
2,1,0.6249999218750099,0.333333283662796,0.46666669673255123,0.7179487347602844,0.5641025900840759,0.4615384638309479
1,1,0.6249999218750099,0.49999991059303284,0.30000003999999203,0.8333332538604736,0.6333332657814026,0.46666663885116577
1,1,0.24999996875000394,0.7999998331069946,0.2500001249999375,0.7333332896232605,0.6666666269302368,0.5333333015441895
1,1,0.7499999062500118,0.5714284777641296,0.4166666983992189,0.76666659116745,0.7333332896232605,0.4999999701976776
1,1,0.3749999531250059,0.5999999046325684,0.5000000456214295,0.76666659116745,0.46666663885116577,0.4999999701976776
1,1,0.7499999062500118,0.5714284777641296,0.4166666983992189,0.6333332657814026,0.5999999642372131,0.6333332657814026
1,1,0.3749999531250059,0.8333331942558289,0.3333333888888703,0.8235293030738831,0.5882351994514465,0.3529411256313324
1,1,0.7499999062500118,0.333333283662796,0.2500000416666597,0.7647057771682739,0.6470587253570557,0.29411759972572327
1,1,0.6249999218750099,0.49999991059303284,0.5083333534651104,0.7647057771682739,0.5882351994514465,0.3529411256313324
1,1,0.7499999062500118,0.5714284777641296,0.4166666983992189,0.7058822512626648,0.7647057771682739,0.1764705628156662
1,1,0.8749998906250137,0.6249999403953552,0.632142883511482,0.6470587253570557,0.41176465153694153,0.3529411256313324
2,1,0.4999999375000079,0.4999999403953552,0.2500000624999844,0.7948718070983887,0.6153846383094788,0.43589743971824646
2,1,0.24999996875000394,0.7499999403953552,0.2500001249999375,0.8461538553237915,0.5128205418586731,0.6153846383094788
1,2,0.4999999375000079,0.4999999403953552,0.3750000624999844,0.800000011920929,0.625,0.574999988079071
2,1,0.4999999375000079,0.4999999403953552,0.3750000624999844,0.8205128312110901,0.5897436141967773,0.4871794879436493
2,1,0.6249999218750099,0.3749999701976776,0.38333335346511044,0.7948718070983887,0.7179487347602844,0.43589743971824646
1,1,0.4999999375000079,0.7499999403953552,0.3750000624999844,0.7837837934494019,0.6756756901741028,0.4864864945411682
1,1,0.8749998906250137,0.3749999701976776,0.369047659593967,0.7297297120094299,0.5405405163764954,0.5405405163764954
1,1,0.4999999375000079,0.5714284777641296,0.5000000624999844,0.9459459185600281,0.5405405163764954,0.5945945978164673
1,1,0.7499999062500118,0.4999999403953552,0.666666689477386,0.5135135054588318,0.7027027010917664,0.3513513505458832
1,1,0.3749999531250059,0.7142856121063232,0.5000000456214295,0.6216216087341309,0.6756756901741028,0.4054054021835327
1,1,0.4999999375000079,0.49999991059303284,0.37500003124999215,0.7777777910232544,0.5555555820465088,0.4166666567325592
1,1,0.24999996875000394,0.5999999046325684,0.2500001249999375,0.75,0.6388888955116272,0.5
1,1,0.4999999375000079,0.7142856121063232,0.3750000624999844,0.6388888955116272,0.5833333134651184,0.4722222089767456
1,1,0.24999996875000394,0.8333331942558289,0.2500001249999375,0.7777777910232544,0.4722222089767456,0.6111111044883728
1,1,0.4999999375000079,0.49999991059303284,0.2500000624999844,0.8055555820465088,0.6666666865348816,0.5555555820465088
1,1,0.3749999531250059,0.8571427464485168,0.3333333888888703,0.774193525314331,0.6129031777381897,0.4516128897666931
1,1,0.7499999062500118,0.4285713732242584,0.2500000416666597,0.774193525314331,0.6129031777381897,0.4516128897666931
1,1,0.6249999218750099,0.333333283662796,0.5083333534651104,0.9032257795333862,0.4838709235191345,0.5483870506286621
1,1,0.7499999062500118,0.6249999403953552,0.4166666983992189,0.8064515590667725,0.5161290168762207,0.4193548262119293
1,1,0.8749998906250137,0.4999999403953552,0.632142883511482,0.8064515590667725,0.5161290168762207,0.4838709235191345
1,1,0.4999999375000079,0.7499999403953552,0.2500000624999844,0.9999998807907104,0.7222221493721008,0.7777776718139648
1,1,0.6249999218750099,0.4285713732242584,0.38333335346511044,0.666666567325592,0.4999999403953552,0.333333283662796
1,1,0.7499999062500118,0.4999999403953552,0.5208333611111065,0.8888887763023376,0.7222221493721008,0.611111044883728
1,1,0.24999996875000394,0.666666567325592,0.2500001249999375,0.8333332538604736,0.555555522441864,0.611111044883728
1,1,0.4999999375000079,0.5714284777641296,0.7500000312499921,0.7777776718139648,0.555555522441864,0.611111044883728
1,1,0.4999999375000079,0.7499999403953552,0.2500000624999844,0.7619047164916992,0.5238094925880432,0.476190447807312
1,1,0.6249999218750099,0.4285713732242584,0.38333335346511044,0.7619047164916992,0.5238094925880432,0.5238094925880432
1,1,0.7499999062500118,0.4999999403953552,0.5208333611111065,0.7619047164916992,0.7619047164916992,0.5714285373687744
1,1,0.24999996875000394,0.666666567325592,0.2500001249999375,0.5714285373687744,0.6666666269302368,0.6190475821495056
1,1,0.4999999375000079,0.5714284777641296,0.7500000312499921,0.7619047164916992,0.714285671710968,0.6190475821495056
1,1,0.7499999062500118,0.2499999701976776,0.4166666983992189,0.7499999403953552,0.4999999403953552,0.5624999403953552
1,1,0.4999999375000079,0.4999999403953552,0.3750000624999844,0.6874999403953552,0.7499999403953552,0.5624999403953552
1,1,0.4999999375000079,0.4999999403953552,0.2500000624999844,0.6249999403953552,0.6249999403953552,0.4374999403953552
1,1,0.4999999375000079,0.4999999403953552,0.5000000624999844,0.8749998807907104,0.7499999403953552,0.5624999403953552
1,1,0.6249999218750099,0.3749999701976776,0.30000003999999203,0.8124998807907104,0.3124999701976776,0.5624999403953552
1,1,0.24999996875000394,0.8749998807907104,0.5000001249999375,0.923076868057251,0.4615384340286255,0.5384615063667297
1,1,0.4999999375000079,0.6249999403953552,0.3750000624999844,0.6923076510429382,0.6923076510429382,0.4615384340286255
1,1,0.4999999375000079,0.4285713732242584,0.2500000624999844,0.923076868057251,0.7692307233810425,0.5384615063667297
1,1,0.4999999375000079,0.6249999403953552,0.6250000312499921,0.8461537957191467,0.38461536169052124,0.7692307233810425
1,1,0.6249999218750099,0.4999999403953552,0.38333335346511044,0.6923076510429382,0.7692307233810425,0.4615384340286255
1,1,0.7499999062500118,0.5714284777641296,0.4166666983992189,0.947368323802948,0.473684161901474,0.42105257511138916
1,1,0.4999999375000079,0.3999999165534973,0.2500000624999844,0.7368420362472534,0.473684161901474,0.684210479259491
1,1,0.0,0.9999997615814209,1.0,0.6315788626670837,0.7368420362472534,0.31578943133354187
1,1,0.6249999218750099,0.49999991059303284,0.46666669673255123,0.7894735932350159,0.473684161901474,0.5789473056793213
1,1,0.8749998906250137,0.4285713732242584,0.4801587640823398,0.7368420362472534,0.8947367668151855,0.684210479259491
1,1,0.4999999375000079,0.6249999403953552,0.2500000624999844,0.7999999523162842,0.7499999403953552,0.5499999523162842
1,1,0.6249999218750099,0.4999999403953552,0.5916666967325512,0.6999999284744263,0.3999999761581421,0.6499999165534973
1,1,0.24999996875000394,0.7142856121063232,0.2500001249999375,0.7499999403953552,0.19999998807907104,0.44999995827674866
1,1,0.6249999218750099,0.2857142388820648,0.30000003999999203,0.7499999403953552,0.44999995827674866,0.44999995827674866
1,1,0.4999999375000079,0.6249999403953552,0.3750000624999844,0.8499999046325684,0.7499999403953552,0.4999999403953552
1,1,0.6249999218750099,0.49999991059303284,0.30000003999999203,0.8823528289794922,0.6470587253570557,0.6470587253570557
1,1,0.24999996875000394,0.7999998331069946,0.2500001249999375,0.7647057771682739,0.7647057771682739,0.47058817744255066
1,1,0.7499999062500118,0.5714284777641296,0.4166666983992189,0.8235293030738831,0.7058822512626648,0.5294117331504822
1,1,0.3749999531250059,0.5999999046325684,0.5000000456214295,0.8235293030738831,0.3529411256313324,0.5882351994514465
1,1,0.7499999062500118,0.5714284777641296,0.4166666983992189,0.7058822512626648,0.6470587253570557,0.7058822512626648
1,1,0.3749999531250059,0.7499998211860657,0.5000000456214295,0.6944444179534912,0.6111111044883728,0.5555555820465088
1,1,0.6249999218750099,0.8333331942558289,0.38333335346511044,0.8611111044883728,0.5,0.6111111044883728
1,1,0.24999996875000394,0.9999997615814209,0.2500001249999375,0.7777777910232544,0.5277777910232544,0.3888888955116272
1,1,0.6249999218750099,0.5999999046325684,0.30000003999999203,0.7222222089767456,0.5833333134651184,0.6944444179534912
1,1,0.3749999531250059,0.7499998211860657,0.3333333888888703,0.7222222089767456,0.5833333134651184,0.4722222089767456
1,1,0.24999996875000394,0.8333331942558289,0.5000001249999375,0.8181818127632141,0.4545454680919647,0.42424243688583374
1,1,0.4999999375000079,0.7142856121063232,0.3750000624999844,0.6969696879386902,0.6060606241226196,0.4545454680919647
1,1,0.4999999375000079,0.7142856121063232,0.2500000624999844,0.8484848737716675,0.6363636255264282,0.4848484992980957
1,1,0.4999999375000079,0.7142856121063232,0.6250000312499921,0.8787878751754761,0.5151515007019043,0.6969696879386902
1,1,0.6249999218750099,0.7499999403953552,0.38333335346511044,0.8484848737716675,0.5151515007019043,0.5454545617103577
1,1,0.4999999375000079,0.5714284777641296,0.2500000624999844,0.6999999284744263,0.6499999165534973,0.4999999403953552
1,1,0.4999999375000079,0.5714284777641296,0.2500000624999844,0.6499999165534973,0.44999995827674866,0.44999995827674866
1,1,0.8749998906250137,0.1428571194410324,0.369047659593967,0.7499999403953552,0.5499999523162842,0.44999995827674866
1,1,0.24999996875000394,0.666666567325592,0.2500001249999375,0.5999999642372131,0.5999999642372131,0.3999999761581421
1,1,0.7499999062500118,0.0,0.5000000416666597,0.8999999165534973,0.9999998807907104,0.5999999642372131
1,1,0.4999999375000079,0.7142856121063232,0.3750000624999844,0.7575757503509521,0.4848484992980957,0.42424243688583374
1,1,0.6249999218750099,0.5714284777641296,0.30000003999999203,0.7878788113594055,0.6060606241226196,0.5757575631141663
1,1,0.7499999062500118,0.166666641831398,0.2500000416666597,0.7878788113594055,0.6060606241226196,0.42424243688583374
1,1,0.4999999375000079,0.49999991059303284,0.3750000624999844,0.8181818127632141,0.6060606241226196,0.4848484992980957
1,1,0.6249999218750099,0.5714284777641296,0.46666669673255123,0.6666666865348816,0.6060606241226196,0.5151515007019043
1,1,0.4999999375000079,0.5714284777641296,0.2500000624999844,0.8999999165534973,0.5499999523162842,0.6999999284744263
1,1,0.6249999218750099,0.6249999403953552,0.5916666967325512,0.6499999165534973,0.6999999284744263,0.5499999523162842
1,1,0.24999996875000394,0.666666567325592,0.2500001249999375,0.7999999523162842,0.4999999403953552,0.5999999642372131
1,1,0.6249999218750099,0.4285713732242584,0.30000003999999203,0.5999999642372131,0.44999995827674866,0.29999998211860657
1,1,0.4999999375000079,0.5714284777641296,0.3750000624999844,0.6999999284744263,0.7499999403953552,0.4999999403953552
1,1,0.7499999062500118,0.4999999403953552,0.41666667457622486,0.7692307233810425,0.8076922297477722,0.5384615063667297
1,1,0.4999999375000079,0.7499999403953552,0.2500000624999844,0.7692307233810425,0.4999999701976776,0.5769230127334595
1,1,0.3749999531250059,0.7142856121063232,0.6666667172551499,0.8076922297477722,0.38461536169052124,0.5384615063667297
1,1,0.3749999531250059,0.7142856121063232,0.5000000456214295,0.7692307233810425,0.615384578704834,0.4615384340286255
1,1,0.6249999218750099,0.4285713732242584,0.38333335346511044,0.7692307233810425,0.6923076510429382,0.5769230127334595
2,1,0.4999999375000079,0.4285713732242584,0.3750000624999844,0.6538460850715637,0.615384578704834,0.5384615063667297
2,1,0.4999999375000079,0.4285713732242584,0.3750000624999844,0.7692307233810425,0.4999999701976776,0.42307689785957336
2,1,0.9999998750000157,0.1249999850988388,0.750000015624998,0.6538460850715637,0.7692307233810425,0.5384615063667297
2,1,0.8749998906250137,0.0,0.6279762059172971,0.9615383744239807,0.8461537957191467,0.923076868057251
1,2,0.4999999375000079,0.4285713732242584,0.3750000624999844,0.7999999523162842,0.559999942779541,0.4399999678134918
1,1,0.7499999062500118,0.2499999701976776,0.41666667457622486,0.6470587253570557,0.5882351994514465,0.5294117331504822
1,1,0.4999999375000079,0.4999999403953552,0.2500000624999844,0.5882351994514465,0.47058817744255066,0.3529411256313324
1,1,0.3749999531250059,0.6249999403953552,0.6666667172551499,0.7647057771682739,0.47058817744255066,0.41176465153694153
1,1,0.3749999531250059,0.6249999403953552,0.5000000456214295,0.8823528289794922,0.6470587253570557,0.5294117331504822
1,1,0.6249999218750099,0.3749999701976776,0.38333335346511044,0.7058822512626648,0.8235293030738831,0.41176465153694153
1,1,0.24999996875000394,0.7499999403953552,0.2500001249999375,0.8275861740112305,0.7586206197738647,0.5517240762710571
1,1,0.6249999218750099,0.3749999701976776,0.38333335346511044,0.7586206197738647,0.6206896305084229,0.4482758343219757
1,1,0.8749998906250137,0.1249999850988388,0.42460318203583103,0.7586206197738647,0.5517240762710571,0.58620685338974
1,1,0.4999999375000079,0.4999999403953552,0.3750000624999844,0.6551723480224609,0.4482758343219757,0.517241358757019
1,1,0.8749998906250137,0.1249999850988388,0.7113095342835767,0.8275861740112305,0.517241358757019,0.5517240762710571
1,1,0.3749999531250059,0.49999991059303284,0.3333333888888703,0.7619047164916992,0.6666666269302368,0.3809523582458496
1,1,0.7499999062500118,0.0,0.2500000416666597,0.714285671710968,0.6666666269302368,0.4285714030265808
1,1,0.6249999218750099,0.4285713732242584,0.5083333534651104,0.952380895614624,0.6190475821495056,0.6190475821495056
1,1,0.7499999062500118,0.2857142388820648,0.4166666983992189,0.714285671710968,0.4285714030265808,0.4285714030265808
1,1,0.8749998906250137,0.3749999701976776,0.632142883511482,0.9047618508338928,0.5238094925880432,0.714285671710968
1,1,0.7499999062500118,0.2857142388820648,0.41666667457622486,0.8571428060531616,0.6428570747375488,0.6428570747375488
1,1,0.4999999375000079,0.5714284777641296,0.2500000624999844,0.714285671710968,0.4999999701976776,0.4999999701976776
1,1,0.3749999531250059,0.49999991059303284,0.6666667172551499,0.8571428060531616,0.357142835855484,0.5714285373687744
1,1,0.3749999531250059,0.8749998807907104,0.5000000456214295,0.8571428060531616,0.5714285373687744,0.4999999701976776
1,1,0.6249999218750099,0.6249999403953552,0.38333335346511044,0.7857142090797424,0.6428570747375488,0.4285714030265808
1,1,0.6249999218750099,0.4999999403953552,0.30000003999999203,0.7499999403953552,0.4999999403953552,0.4374999403953552
1,1,0.4999999375000079,0.6249999403953552,0.2500000624999844,0.8749998807907104,0.6249999403953552,0.4374999403953552
1,1,0.24999996875000394,0.7142856121063232,0.5000001249999375,0.8749998807907104,0.7499999403953552,0.4999999403953552
1,1,0.4999999375000079,0.4285713732242584,0.2500000624999844,0.8749998807907104,0.4999999403953552,0.3124999701976776
1,1,0.24999996875000394,0.7142856121063232,0.2500001249999375,0.7499999403953552,0.5624999403953552,0.6874999403953552
1,1,0.4999999375000079,0.4999999403953552,0.3750000624999844,0.8888887763023376,0.666666567325592,0.555555522441864
1,1,0.8749998906250137,0.1249999850988388,0.369047659593967,0.611111044883728,0.4444443881511688,0.333333283662796
1,1,0.4999999375000079,0.4999999403953552,0.5000000624999844,0.8333332538604736,0.555555522441864,0.666666567325592
1,1,0.7499999062500118,0.2499999701976776,0.666666689477386,0.4444443881511688,0.666666567325592,0.277777761220932
1,1,0.3749999531250059,0.6249999403953552,0.5000000456214295,0.611111044883728,0.611111044883728,0.4444443881511688
1,1,0.4999999375000079,0.4999999403953552,0.2500000624999844,0.8235293030738831,0.6470587253570557,0.5294117331504822
1,1,0.6249999218750099,0.3749999701976776,0.38333335346511044,0.7647057771682739,0.5882351994514465,0.47058817744255066
1,1,0.7499999062500118,0.2499999701976776,0.5208333611111065,0.8823528289794922,0.7647057771682739,0.5882351994514465
1,1,0.24999996875000394,0.7499999403953552,0.2500001249999375,0.7058822512626648,0.41176465153694153,0.6470587253570557
1,1,0.4999999375000079,0.4999999403953552,0.7500000312499921,0.8235293030738831,0.6470587253570557,0.5294117331504822
1,1,0.24999996875000394,0.5999999046325684,0.2500001249999375,0.5454545021057129,0.3636363446712494,0.3636363446712494
1,1,0.24999996875000394,0.8333331942558289,0.2500001249999375,0.9999999403953552,0.45454540848731995,0.8181817531585693
1,1,0.4999999375000079,0.7142856121063232,0.3750000624999844,0.8181817531585693,0.6363635659217834,0.7272726893424988
1,1,0.4999999375000079,0.49999991059303284,0.2500000624999844,0.9999999403953552,0.6363635659217834,0.45454540848731995
1,1,0.7499999062500118,0.6249999403953552,0.39583336111110645,0.7272726893424988,0.3636363446712494,0.45454540848731995
1,1,0.24999996875000394,0.8333331942558289,0.5000001249999375,0.916666567325592,0.4166666269302368,0.7499999403953552
1,1,0.4999999375000079,0.19999995827674866,0.3750000624999844,0.916666567325592,0.4999999701976776,0.4166666269302368
1,1,0.24999996875000394,0.8333331942558289,0.5000001249999375,0.7499999403953552,0.6666666269302368,0.5833333134651184
1,1,0.3749999531250059,0.8571427464485168,0.5000000456214295,0.8333332538604736,0.7499999403953552,0.6666666269302368
1,1,0.3749999531250059,0.666666567325592,0.5000000456214295,0.916666567325592,0.8333332538604736,0.6666666269302368
1,1,0.4999999375000079,0.5714284777641296,0.2500000624999844,0.8666666150093079,0.46666663885116577,0.3999999761581421
1,1,0.6249999218750099,0.4285713732242584,0.38333335346511044,0.6666666269302368,0.3999999761581421,0.3999999761581421
1,1,0.7499999062500118,0.4999999403953552,0.5208333611111065,0.7999999523162842,0.8666666150093079,0.3999999761581421
1,1,0.24999996875000394,0.666666567325592,0.2500001249999375,0.7999999523162842,0.5333333015441895,0.6666666269302368
1,1,0.4999999375000079,0.333333283662796,0.7500000312499921,0.7999999523162842,0.7999999523162842,0.6666666269302368
1,1,0.4999999375000079,0.8333331942558289,0.3750000624999844,0.7499999403953552,0.4166666269302368,0.4166666269302368
1,1,0.6249999218750099,0.666666567325592,0.42500003999999203,0.7499999403953552,0.6666666269302368,0.7499999403953552
1,1,0.3749999531250059,0.9999998211860657,0.3333333888888703,0.7499999403953552,0.7499999403953552,0.5833333134651184
1,1,0.6249999218750099,0.666666567325592,0.30000003999999203,0.5833333134651184,0.5833333134651184,0.3333333134651184
1,1,0.24999996875000394,0.7499998211860657,0.2500001249999375,0.5833333134651184,0.6666666269302368,0.6666666269302368
1,1,0.3749999531250059,0.49999991059303284,0.5000000456214295,0.6428570747375488,0.357142835855484,0.4999999701976776
1,1,0.24999996875000394,0.666666567325592,0.2500001249999375,0.6428570747375488,0.7857142090797424,0.357142835855484
1,1,0.8749998906250137,0.1428571194410324,0.369047659593967,0.7857142090797424,0.8571428060531616,0.4999999701976776
1,1,0.7499999062500118,0.2857142388820648,0.45833336111110645,0.8571428060531616,0.2857142686843872,0.5714285373687744
1,1,0.4999999375000079,0.7499999403953552,0.2500000624999844,0.9999999403953552,0.5714285373687744,0.7857142090797424
1,1,0.7499999062500118,0.4999999403953552,0.41666667457622486,0.928571343421936,0.4999999701976776,0.6428570747375488
1,1,0.4999999375000079,0.7499999403953552,0.2500000624999844,0.6428570747375488,0.4999999701976776,0.4999999701976776
1,1,0.3749999531250059,0.49999991059303284,0.6666667172551499,0.8571428060531616,0.4999999701976776,0.5714285373687744
1,1,0.3749999531250059,0.7142856121063232,0.5000000456214295,0.9999999403953552,0.4285714030265808,0.714285671710968
1,1,0.6249999218750099,0.4285713732242584,0.38333335346511044,0.7857142090797424,0.6428570747375488,0.4999999701976776
1,1,0.6249999218750099,0.333333283662796,0.30000003999999203,0.8947367668151855,0.473684161901474,0.6315788626670837
1,1,0.4999999375000079,0.49999991059303284,0.2500000624999844,0.7894735932350159,0.5789473056793213,0.42105257511138916
1,1,0.24999996875000394,0.8333331942558289,0.5000001249999375,0.7894735932350159,0.5789473056793213,0.473684161901474
1,1,0.4999999375000079,0.7142856121063232,0.2500000624999844,0.684210479259491,0.6315788626670837,0.31578943133354187
1,1,0.24999996875000394,0.8333331942558289,0.2500001249999375,0.7368420362472534,0.5789473056793213,0.5789473056793213
1,1,0.4999999375000079,0.4999999403953552,0.2500000624999844,0.5882351994514465,0.6470587253570557,0.5294117331504822
1,1,0.4999999375000079,0.4999999403953552,0.2500000624999844,0.7647057771682739,0.47058817744255066,0.5294117331504822
1,1,0.8749998906250137,0.1249999850988388,0.369047659593967,0.8235293030738831,0.7058822512626648,0.5294117331504822
1,1,0.24999996875000394,0.7499999403953552,0.2500001249999375,0.8235293030738831,0.7647057771682739,0.5882351994514465
1,1,0.7499999062500118,0.2499999701976776,0.5000000416666597,0.8823528289794922,0.7647057771682739,0.7647057771682739
1,1,0.3749999531250059,0.5714284777641296,0.6666667172551499,0.923076868057251,0.615384578704834,0.38461536169052124
1,1,0.4999999375000079,0.6249999403953552,0.2500000624999844,0.5384615063667297,0.615384578704834,0.307692289352417
1,1,0.24999996875000394,0.7142856121063232,0.2500001249999375,0.7692307233810425,0.615384578704834,0.615384578704834
1,1,0.6249999218750099,0.2857142388820648,0.400000019999996,0.6923076510429382,0.6923076510429382,0.4615384340286255
1,1,0.24999996875000394,0.7142856121063232,0.5000001249999375,0.6923076510429382,0.7692307233810425,0.38461536169052124
1,1,0.6249999218750099,0.4285713732242584,0.30000003999999203,0.6249999403953552,0.6249999403953552,0.6249999403953552
1,1,0.24999996875000394,0.666666567325592,0.2500001249999375,0.6874999403953552,0.7499999403953552,0.5624999403953552
1,1,0.7499999062500118,0.4999999403953552,0.4166666983992189,0.8124998807907104,0.6249999403953552,0.7499999403953552
1,1,0.3749999531250059,0.49999991059303284,0.5000000456214295,0.6249999403953552,0.4374999403953552,0.3749999701976776
1,1,0.7499999062500118,0.4999999403953552,0.4166666983992189,0.7499999403953552,0.4999999403953552,0.6249999403953552
1,1,0.24999996875000394,0.666666567325592,0.5000001249999375,0.7333332896232605,0.5333333015441895,0.46666663885116577
1,1,0.4999999375000079,0.333333283662796,0.2500000624999844,0.7999999523162842,0.7333332896232605,0.3999999761581421
1,1,0.4999999375000079,0.333333283662796,0.3750000624999844,0.7333332896232605,0.46666663885116577,0.46666663885116577
1,1,0.24999996875000394,0.8571427464485168,0.2500001249999375,0.6666666269302368,0.5333333015441895,0.5333333015441895
1,1,0.24999996875000394,0.8571427464485168,0.2500001249999375,0.7333332896232605,0.7999999523162842,0.5333333015441895
1,1,0.4999999375000079,0.4285713732242584,0.37500003124999215,0.7931033968925476,0.517241358757019,0.5517240762710571
1,1,0.24999996875000394,0.7142856121063232,0.2500001249999375,0.7931033968925476,0.6206896305084229,0.5517240762710571
1,1,0.4999999375000079,0.6249999403953552,0.3750000624999844,0.7241379022598267,0.58620685338974,0.5517240762710571
1,1,0.24999996875000394,0.7142856121063232,0.2500001249999375,0.7586206197738647,0.6206896305084229,0.517241358757019
1,1,0.4999999375000079,0.6249999403953552,0.2500000624999844,0.9310344457626343,0.58620685338974,0.6896551251411438
1,1,0.6249999218750099,0.4285713732242584,0.30000003999999203,0.7894735932350159,0.6315788626670837,0.473684161901474
1,1,0.4999999375000079,0.5714284777641296,0.2500000624999844,0.8947367668151855,0.6315788626670837,0.6315788626670837
1,1,0.24999996875000394,0.666666567325592,0.5000001249999375,0.8947367668151855,0.684210479259491,0.6315788626670837
1,1,0.4999999375000079,0.333333283662796,0.2500000624999844,0.7894735932350159,0.473684161901474,0.5263157486915588
1,1,0.24999996875000394,0.666666567325592,0.2500001249999375,0.473684161901474,0.684210479259491,0.42105257511138916
1,1,0.24999996875000394,0.7142856121063232,0.2500001249999375,0.6363635659217834,0.7727271914482117,0.3636363446712494
1,1,0.6249999218750099,0.2857142388820648,0.38333335346511044,0.6818181276321411,0.6818181276321411,0.45454540848731995
1,1,0.8749998906250137,0.2499999701976776,0.42460318203583103,0.6818181276321411,0.5909090638160706,0.5454545021057129
1,1,0.4999999375000079,0.4285713732242584,0.3750000624999844,0.6818181276321411,0.5454545021057129,0.5909090638160706
1,1,0.8749998906250137,0.2499999701976776,0.7113095342835767,0.9545453786849976,0.4999999701976776,0.7727271914482117
1,1,0.7499999062500118,0.5714284777641296,0.41666667457622486,0.8181817531585693,0.6818181276321411,0.3181817829608917
1,1,0.4999999375000079,0.8571427464485168,0.2500000624999844,0.7727271914482117,0.4999999701976776,0.45454540848731995
1,1,0.3749999531250059,0.8333331942558289,0.6666667172551499,0.863636314868927,0.45454540848731995,0.40909087657928467
1,1,0.3749999531250059,0.5999999046325684,0.5000000456214295,0.9545453786849976,0.5909090638160706,0.5454545021057129
1,1,0.6249999218750099,0.49999991059303284,0.38333335346511044,0.7727271914482117,0.7272726893424988,0.5909090638160706
1,1,0.6249999218750099,0.49999991059303284,0.46666669673255123,0.714285671710968,0.5238094925880432,0.476190447807312
1,1,0.24999996875000394,0.9999998211860657,0.5000001249999375,0.8095237612724304,0.5714285373687744,0.6666666269302368
1,1,0.4999999375000079,0.666666567325592,0.5000000312499921,0.6190475821495056,0.4285714030265808,0.2857142686843872
1,1,0.3749999531250059,0.24999994039535522,0.3333333888888703,0.8095237612724304,0.5714285373687744,0.5238094925880432
1,1,0.24999996875000394,0.7999998331069946,0.5000001249999375,0.7619047164916992,0.4285714030265808,0.476190447807312
1,1,0.6249999218750099,0.4999999403953552,0.42500003999999203,0.8999999165534973,0.3999999761581421,0.29999998211860657
1,1,0.24999996875000394,0.7142856121063232,0.5000001249999375,0.7999999523162842,0.6999999284744263,0.29999998211860657
1,1,0.3749999531250059,0.5714284777641296,0.5000000456214295,0.8999999165534973,0.4999999403953552,0.6999999284744263
1,1,0.24999996875000394,0.7142856121063232,0.2500001249999375,0.6999999284744263,0.6999999284744263,0.3999999761581421
1,1,0.7499999062500118,0.3749999701976776,0.4166666983992189,0.6999999284744263,0.3999999761581421,0.4999999403953552
1,1,0.24999996875000394,0.49999988079071045,0.2500001249999375,0.7999999523162842,0.5499999523162842,0.5499999523162842
1,1,0.24999996875000394,0.7999998331069946,0.2500001249999375,0.7999999523162842,0.5999999642372131,0.6499999165534973
1,1,0.7499999062500118,0.5714284777641296,0.45833336111110645,0.8999999165534973,0.4999999403953552,0.6499999165534973
1,1,0.3749999531250059,0.8333331942558289,0.3333333888888703,0.7999999523162842,0.5999999642372131,0.5499999523162842
1,1,0.24999996875000394,0.49999988079071045,0.2500001249999375,0.6499999165534973,0.4999999403953552,0.4999999403953552
1,1,0.24999996875000394,0.666666567325592,0.2500001249999375,0.863636314868927,0.6363635659217834,0.6818181276321411
1,1,0.24999996875000394,0.8571427464485168,0.2500001249999375,0.9545453786849976,0.5909090638160706,0.5454545021057129
1,1,0.4999999375000079,0.5714284777641296,0.3750000624999844,0.863636314868927,0.6363635659217834,0.6818181276321411
1,1,0.4999999375000079,0.5714284777641296,0.2500000624999844,0.8181817531585693,0.6818181276321411,0.45454540848731995
1,1,0.7499999062500118,0.2857142388820648,0.39583336111110645,0.7727271914482117,0.6363635659217834,0.5454545021057129
1,1,0.4999999375000079,0.4999999403953552,0.3750000624999844,0.916666567325592,0.4999999701976776,0.4166666269302368
1,1,0.6249999218750099,0.3749999701976776,0.42500003999999203,0.9999999403953552,0.4999999701976776,0.7499999403953552
1,1,0.3749999531250059,0.6249999403953552,0.3333333888888703,0.7499999403953552,0.6666666269302368,0.7499999403953552
1,1,0.6249999218750099,0.3749999701976776,0.30000003999999203,0.4999999701976776,0.7499999403953552,0.5833333134651184
1,1,0.24999996875000394,0.7499999403953552,0.2500001249999375,0.7499999403953552,0.4166666269302368,0.4166666269302368
1,1,0.0,0.9999998211860657,1.0,0.8461537957191467,0.38461536169052124,0.38461536169052124
1,1,0.24999996875000394,0.8571427464485168,0.5000001249999375,0.923076868057251,0.38461536169052124,0.4615384340286255
1,1,0.24999996875000394,0.666666567325592,0.2500001249999375,0.7692307233810425,0.38461536169052124,0.7692307233810425
1,1,0.4999999375000079,0.7499999403953552,0.2500000624999844,0.6923076510429382,0.38461536169052124,0.4615384340286255
1,1,0.7499999062500118,0.2857142388820648,0.2500000416666597,0.615384578704834,0.8461537957191467,0.4615384340286255
1,1,0.24999996875000394,0.9999998211860657,0.2500001249999375,0.7999999523162842,0.5999999642372131,0.5999999642372131
1,1,0.24999996875000394,0.7999998331069946,0.2500001249999375,0.6999999284744263,0.6999999284744263,0.5999999642372131
1,1,0.7499999062500118,0.5714284777641296,0.45833336111110645,0.8999999165534973,0.6499999165534973,0.6499999165534973
1,1,0.3749999531250059,0.5999999046325684,0.3333333888888703,0.7499999403953552,0.5999999642372131,0.5999999642372131
1,1,0.24999996875000394,0.9999998211860657,0.2500001249999375,0.7999999523162842,0.5999999642372131,0.5999999642372131
1,1,0.7499999062500118,0.333333283662796,0.41666667457622486,0.5714285373687744,0.7857142090797424,0.2857142686843872
1,1,0.4999999375000079,0.666666567325592,0.2500000624999844,0.714285671710968,0.4285714030265808,0.4285714030265808
1,1,0.3749999531250059,0.5999999046325684,0.6666667172551499,0.714285671710968,0.5714285373687744,0.357142835855484
1,1,0.3749999531250059,0.5999999046325684,0.5000000456214295,0.928571343421936,0.5714285373687744,0.4999999701976776
1,1,0.6249999218750099,0.49999991059303284,0.38333335346511044,0.7857142090797424,0.6428570747375488,0.4285714030265808
1,1,0.3749999531250059,0.666666567325592,0.6666667172551499,0.8461537957191467,0.6923076510429382,0.38461536169052124
1,1,0.4999999375000079,0.49999991059303284,0.2500000624999844,0.5384615063667297,0.6923076510429382,0.615384578704834
1,1,0.24999996875000394,0.8333331942558289,0.2500001249999375,0.8461537957191467,0.4615384340286255,0.5384615063667297
1,1,0.6249999218750099,0.5714284777641296,0.400000019999996,0.7692307233810425,0.6923076510429382,0.307692289352417
1,1,0.24999996875000394,0.9999998807907104,0.5000001249999375,0.7692307233810425,0.7692307233810425,0.4615384340286255
1,1,0.4999999375000079,0.19999995827674866,0.2500000624999844,0.9333332777023315,0.7333332896232605,0.5333333015441895
1,1,0.6249999218750099,0.5714284777641296,0.38333335346511044,0.7333332896232605,0.6666666269302368,0.6666666269302368
1,1,0.7499999062500118,0.166666641831398,0.5208333611111065,0.6666666269302368,0.6666666269302368,0.3999999761581421
1,1,0.24999996875000394,0.9999998807907104,0.2500001249999375,0.7333332896232605,0.5333333015441895,0.46666663885116577
1,1,0.4999999375000079,0.49999991059303284,0.7500000312499921,0.7333332896232605,0.5999999642372131,0.46666663885116577
1,1,0.24999996875000394,0.666666567325592,0.2500001249999375,0.7999999523162842,0.8999999165534973,0.6999999284744263
1,1,0.24999996875000394,0.666666567325592,0.2500001249999375,0.8999999165534973,0.29999998211860657,0.3999999761581421
1,1,0.6249999218750099,0.4285713732242584,0.5916666967325512,0.7999999523162842,0.6999999284744263,0.6999999284744263
1,1,0.7499999062500118,0.2857142388820648,0.3333333849341005,0.8999999165534973,0.4999999403953552,0.5999999642372131
1,1,0.4999999375000079,0.333333283662796,0.3750000624999844,0.7999999523162842,0.4999999403953552,0.5999999642372131
1,1,0.7499999062500118,0.5714284777641296,0.5208333611111065,0.6999999284744263,0.6999999284744263,0.5999999642372131
1,1,0.4999999375000079,0.666666567325592,0.6250000312499921,0.5999999642372131,0.5999999642372131,0.4999999403953552
1,1,0.24999996875000394,0.9999998211860657,0.2500001249999375,0.6999999284744263,0.29999998211860657,0.6999999284744263
1,1,0.24999996875000394,0.7999998331069946,0.2500001249999375,0.6999999284744263,0.4999999403953552,0.5999999642372131
1,1,0.7499999062500118,0.333333283662796,0.3333333849341005,0.6999999284744263,0.7999999523162842,0.3999999761581421
1,1,0.6249999218750099,0.6249999403953552,0.38333335346511044,0.666666567325592,0.4444443881511688,0.666666567325592
1,1,0.8749998906250137,0.3749999701976776,0.39682539101257663,0.666666567325592,0.333333283662796,0.4444443881511688
1,1,0.24999996875000394,0.666666567325592,0.2500001249999375,0.9999998807907104,0.555555522441864,0.7777776718139648
1,1,0.7499999062500118,0.2857142388820648,0.33333336111110645,0.666666567325592,0.666666567325592,0.4444443881511688
1,1,0.24999996875000394,0.666666567325592,0.5000001249999375,0.666666567325592,0.666666567325592,0.555555522441864
1,1,0.3749999531250059,0.5999999046325684,0.6666667172551499,0.947368323802948,0.7894735932350159,0.7368420362472534
1,1,0.4999999375000079,0.666666567325592,0.2500000624999844,0.7368420362472534,0.5263157486915588,0.42105257511138916
1,1,0.24999996875000394,0.7999998331069946,0.2500001249999375,0.7894735932350159,0.5789473056793213,0.473684161901474
1,1,0.6249999218750099,0.49999991059303284,0.400000019999996,0.8421051502227783,0.7368420362472534,0.473684161901474
1,1,0.24999996875000394,0.7999998331069946,0.5000001249999375,0.684210479259491,0.5789473056793213,0.473684161901474
1,2,0.4999999375000079,0.4999999403953552,0.3750000624999844,0.6923076510429382,0.4999999701976776,0.4999999701976776
1,2,0.4999999375000079,0.4999999403953552,0.3750000624999844,0.7692307233810425,0.4615384340286255,0.42307689785957336
1,2,0.9999998750000157,0.0,0.750000015624998,0.6538460850715637,0.8846153020858765,0.5384615063667297
1,2,0.8749998906250137,0.1249999850988388,0.6279762059172971,0.9615383744239807,0.730769157409668,0.8076922297477722
2,1,0.6249999218750099,0.3749999701976776,0.46666669673255123,0.730769157409668,0.5384615063667297,0.5769230127334595
1,1,0.4999999375000079,0.4999999403953552,0.2500000624999844,0.774193525314331,0.6451612710952759,0.5161290168762207
1,1,0.24999996875000394,0.7499999403953552,0.2500001249999375,0.8064515590667725,0.5161290168762207,0.5483870506286621
1,1,0.4999999375000079,0.4999999403953552,0.3750000624999844,0.7419354319572449,0.5806451439857483,0.6129031777381897
1,1,0.6249999218750099,0.3749999701976776,0.38333335346511044,0.774193525314331,0.7419354319572449,0.3870967626571655
1,1,0.6249999218750099,0.3749999701976776,0.30000003999999203,0.8064515590667725,0.5806451439857483,0.6774193048477173
1,1,0.4999999375000079,0.5714284777641296,0.3750000624999844,0.7499999403953552,0.5357142686843872,0.5714285373687744
1,1,0.4999999375000079,0.7499999403953552,0.3750000624999844,0.8214285373687744,0.6071428060531616,0.3928571045398712
1,1,0.9999998750000157,0.2499999701976776,0.750000015624998,0.4285714030265808,0.7857142090797424,0.464285671710968
1,1,0.8749998906250137,0.3749999701976776,0.6279762059172971,0.8571428060531616,0.7857142090797424,0.7499999403953552
2,1,0.6249999218750099,0.4285713732242584,0.46666669673255123,0.7037036418914795,0.555555522441864,0.5925925374031067
1,1,0.4999999375000079,0.7499999403953552,0.2500000624999844,0.7619047164916992,0.5238094925880432,0.5714285373687744
1,1,0.4999999375000079,0.7499999403953552,0.2500000624999844,0.714285671710968,0.5714285373687744,0.5714285373687744
1,1,0.8749998906250137,0.3749999701976776,0.369047659593967,0.7619047164916992,0.5238094925880432,0.5714285373687744
1,1,0.24999996875000394,0.8571427464485168,0.2500001249999375,0.7619047164916992,0.6666666269302368,0.6666666269302368
1,1,0.7499999062500118,0.4999999403953552,0.5000000416666597,0.6666666269302368,0.6666666269302368,0.4285714030265808
1,1,0.4999999375000079,0.5714284777641296,0.2500000624999844,0.7272726893424988,0.5454545021057129,0.45454540848731995
1,1,0.6249999218750099,0.6249999403953552,0.30000003999999203,0.863636314868927,0.5454545021057129,0.5454545021057129
1,1,0.4999999375000079,0.333333283662796,0.2500000624999844,0.7272726893424988,0.4999999701976776,0.3636363446712494
1,1,0.24999996875000394,0.8571427464485168,0.2500001249999375,0.8181817531585693,0.6363635659217834,0.4999999701976776
1,1,0.24999996875000394,0.8571427464485168,0.2500001249999375,0.7272726893424988,0.7272726893424988,0.3636363446712494
1,1,0.7499999062500118,0.4285713732242584,0.41666667457622486,0.9444443583488464,0.611111044883728,0.555555522441864
1,1,0.4999999375000079,0.49999991059303284,0.2500000624999844,0.7777776718139648,0.555555522441864,0.4999999403953552
1,1,0.3749999531250059,0.3999999165534973,0.6666667172551499,0.8333332538604736,0.555555522441864,0.4999999403953552
1,1,0.3749999531250059,0.8571427464485168,0.5000000456214295,0.7777776718139648,0.4999999403953552,0.3888888359069824
1,1,0.6249999218750099,0.5714284777641296,0.38333335346511044,0.8333332538604736,0.611111044883728,0.4444443881511688
1,1,0.4999999375000079,0.4999999403953552,0.2500000624999844,0.6315788626670837,0.684210479259491,0.3684210181236267
1,1,0.6249999218750099,0.3749999701976776,0.30000003999999203,0.5263157486915588,0.6315788626670837,0.5263157486915588
1,1,0.4999999375000079,0.4999999403953552,0.2500000624999844,0.8421051502227783,0.6315788626670837,0.5789473056793213
1,1,0.24999996875000394,0.7499999403953552,0.2500001249999375,0.7368420362472534,0.5263157486915588,0.42105257511138916
1,1,0.24999996875000394,0.7499999403953552,0.2500001249999375,0.8421051502227783,0.7894735932350159,0.473684161901474
1,1,0.6249999218750099,0.49999991059303284,0.30000003999999203,0.8124998807907104,0.6874999403953552,0.6874999403953552
1,1,0.4999999375000079,0.3999999165534973,0.2500000624999844,0.8749998807907104,0.3749999701976776,0.7499999403953552
1,1,0.24999996875000394,0.9999998211860657,0.5000001249999375,0.6874999403953552,0.6874999403953552,0.4999999403953552
1,1,0.4999999375000079,0.666666567325592,0.2500000624999844,0.7499999403953552,0.6874999403953552,0.6249999403953552
1,1,0.24999996875000394,0.9999998211860657,0.2500001249999375,0.6249999403953552,0.3124999701976776,0.3124999701976776
1,1,0.3749999531250059,0.666666567325592,0.6666667172551499,0.6923076510429382,0.7692307233810425,0.615384578704834
1,1,0.4999999375000079,0.49999991059303284,0.2500000624999844,0.8461537957191467,0.38461536169052124,0.6923076510429382
1,1,0.24999996875000394,0.9999998807907104,0.2500001249999375,0.923076868057251,0.615384578704834,0.7692307233810425
1,1,0.6249999218750099,0.333333283662796,0.400000019999996,0.8461537957191467,0.615384578704834,0.4615384340286255
1,1,0.24999996875000394,0.8333331942558289,0.5000001249999375,0.6923076510429382,0.5384615063667297,0.4615384340286255
1,1,0.6249999218750099,0.3749999701976776,0.30000003999999203,0.8095237612724304,0.5714285373687744,0.714285671710968
1,1,0.4999999375000079,0.4999999403953552,0.2500000624999844,0.8095237612724304,0.6666666269302368,0.476190447807312
1,1,0.24999996875000394,0.7499999403953552,0.5000001249999375,0.8571428060531616,0.6190475821495056,0.6666666269302368
1,1,0.4999999375000079,0.4999999403953552,0.2500000624999844,0.8095237612724304,0.714285671710968,0.5238094925880432
1,1,0.24999996875000394,0.7499999403953552,0.2500001249999375,0.8095237612724304,0.5714285373687744,0.6190475821495056
1,1,0.4999999375000079,0.5714284777641296,0.2500000624999844,0.8124998807907104,0.6249999403953552,0.4999999403953552
1,1,0.6249999218750099,0.4285713732242584,0.38333335346511044,0.6874999403953552,0.4374999403953552,0.4374999403953552
1,1,0.7499999062500118,0.4999999403953552,0.5208333611111065,0.6874999403953552,0.5624999403953552,0.4374999403953552
1,1,0.24999996875000394,0.666666567325592,0.2500001249999375,0.6874999403953552,0.8124998807907104,0.6874999403953552
1,1,0.4999999375000079,0.7499999403953552,0.7500000312499921,0.7499999403953552,0.6874999403953552,0.5624999403953552
1,1,0.4999999375000079,0.5714284777641296,0.2500000624999844,0.7619047164916992,0.8095237612724304,0.4285714030265808
1,1,0.24999996875000394,0.8571427464485168,0.2500001249999375,0.7619047164916992,0.476190447807312,0.5714285373687744
1,1,0.4999999375000079,0.5714284777641296,0.3750000624999844,0.7619047164916992,0.6190475821495056,0.714285671710968
1,1,0.6249999218750099,0.4285713732242584,0.38333335346511044,0.6666666269302368,0.6190475821495056,0.238095223903656
1,1,0.6249999218750099,0.4285713732242584,0.30000003999999203,0.8095237612724304,0.5238094925880432,0.5238094925880432
1,1,0.3749999531250059,0.6249999403953552,0.5000000456214295,0.7499999403953552,0.6874999403953552,0.4374999403953552
1,1,0.6249999218750099,0.3749999701976776,0.38333335346511044,0.9374998807907104,0.3749999701976776,0.7499999403953552
1,1,0.24999996875000394,0.7499999403953552,0.2500001249999375,0.7499999403953552,0.5624999403953552,0.4999999403953552
1,1,0.6249999218750099,0.3749999701976776,0.30000003999999203,0.5624999403953552,0.6249999403953552,0.5624999403953552
1,1,0.3749999531250059,0.6249999403953552,0.3333333888888703,0.8124998807907104,0.5624999403953552,0.6249999403953552
1,1,0.24999996875000394,0.666666567325592,0.2500001249999375,0.7647057771682739,0.6470587253570557,0.47058817744255066
1,1,0.7499999062500118,0.2857142388820648,0.5000000178436657,0.7647057771682739,0.5882351994514465,0.5882351994514465
1,1,0.7499999062500118,0.4999999403953552,0.3333333849341005,0.8235293030738831,0.7058822512626648,0.47058817744255066
1,1,0.4999999375000079,0.5714284777641296,0.2500000624999844,0.8823528289794922,0.41176465153694153,0.6470587253570557
1,1,0.0,0.9999998211860657,1.0,0.8235293030738831,0.47058817744255066,0.5294117331504822
1,1,0.7499999062500118,0.3749999701976776,0.41666667457622486,0.7333332896232605,0.6666666269302368,0.5333333015441895
1,1,0.4999999375000079,0.4285713732242584,0.2500000624999844,0.7333332896232605,0.5333333015441895,0.5999999642372131
1,1,0.3749999531250059,0.5714284777641296,0.6666667172551499,0.7999999523162842,0.6666666269302368,0.3333333134651184
1,1,0.3749999531250059,0.5714284777641296,0.5000000456214295,0.8666666150093079,0.5999999642372131,0.46666663885116577
1,1,0.6249999218750099,0.2857142388820648,0.38333335346511044,0.7999999523162842,0.7999999523162842,0.3333333134651184
1,1,0.24999996875000394,0.8333331942558289,0.2500001249999375,0.7083332538604736,0.6249999403953552,0.458333283662796
1,1,0.6249999218750099,0.333333283662796,0.38333335346511044,0.6249999403953552,0.5833333134651184,0.4999999701976776
1,1,0.8749998906250137,0.4999999403953552,0.42460318203583103,0.7083332538604736,0.4166666269302368,0.5416666269302368
1,1,0.4999999375000079,0.7142856121063232,0.3750000624999844,0.7499999403953552,0.458333283662796,0.6249999403953552
1,1,0.8749998906250137,0.4999999403953552,0.7113095342835767,0.7916666269302368,0.458333283662796,0.5833333134651184
1,1,0.6249999218750099,0.3749999701976776,0.46666669673255123,0.8518518209457397,0.5925925374031067,0.555555522441864
1,1,0.7499999062500118,0.2499999701976776,0.3333333849341005,0.8148147463798523,0.4814814329147339,0.4444444179534912
1,1,0.8749998906250137,0.1249999850988388,0.5321428894719464,0.7777777314186096,0.40740737318992615,0.5185185074806213
1,1,0.4999999375000079,0.4999999403953552,0.2500000624999844,0.8518518209457397,0.6296296119689941,0.4814814329147339
2,1,0.4999999375000079,0.4999999403953552,0.37500003124999215,0.7692307233810425,0.3461538255214691,0.5384615063667297
1,1,0.24999996875000394,0.8749998807907104,0.5000001249999375,0.7499999403953552,0.44999995827674866,0.4999999403953552
1,1,0.4999999375000079,0.4285713732242584,0.2500000624999844,0.6499999165534973,0.5999999642372131,0.44999995827674866
1,1,0.4999999375000079,0.4285713732242584,0.3750000624999844,0.7499999403953552,0.7499999403953552,0.5499999523162842
1,1,0.24999996875000394,0.7142856121063232,0.2500001249999375,0.7499999403953552,0.5499999523162842,0.5999999642372131
1,1,0.24999996875000394,0.7142856121063232,0.2500001249999375,0.6999999284744263,0.6999999284744263,0.44999995827674866
1,1,0.24999996875000394,0.9999998807907104,0.5000001249999375,0.8181818127632141,0.6060606241226196,0.4848484992980957
1,1,0.4999999375000079,0.7142856121063232,0.3750000624999844,0.7575757503509521,0.5454545617103577,0.5757575631141663
1,1,0.4999999375000079,0.49999991059303284,0.2500000624999844,0.8787878751754761,0.5757575631141663,0.5151515007019043
1,1,0.4999999375000079,0.49999991059303284,0.6250000312499921,0.8787878751754761,0.5151515007019043,0.6666666865348816
1,1,0.6249999218750099,0.5714284777641296,0.38333335346511044,0.7575757503509521,0.5151515007019043,0.5757575631141663
1,1,0.4999999375000079,0.3999999165534973,0.2500000624999844,0.7894735932350159,0.7894735932350159,0.473684161901474
1,1,0.6249999218750099,0.49999991059303284,0.5916666967325512,0.8421051502227783,0.684210479259491,0.8421051502227783
1,1,0.24999996875000394,0.7999998331069946,0.2500001249999375,0.6315788626670837,0.473684161901474,0.42105257511138916
1,1,0.6249999218750099,0.8749998807907104,0.30000003999999203,0.8421051502227783,0.473684161901474,0.5263157486915588
1,1,0.4999999375000079,0.3999999165534973,0.3750000624999844,0.9999998807907104,0.7368420362472534,0.5789473056793213
1,1,0.4999999375000079,0.6249999403953552,0.3750000624999844,0.824999988079071,0.550000011920929,0.550000011920929
1,1,0.6249999218750099,0.4999999403953552,0.30000003999999203,0.800000011920929,0.550000011920929,0.6499999761581421
1,1,0.7499999062500118,0.1428571194410324,0.2500000416666597,0.800000011920929,0.574999988079071,0.42500001192092896
1,1,0.4999999375000079,0.4285713732242584,0.3750000624999844,0.800000011920929,0.625,0.5
1,1,0.6249999218750099,0.4999999403953552,0.46666669673255123,0.699999988079071,0.574999988079071,0.5249999761581421
1,1,0.4999999375000079,0.4285713732242584,0.2500000624999844,0.8518518209457397,0.7777777314186096,0.7407407164573669
1,1,0.4999999375000079,0.6249999403953552,0.2500000624999844,0.8148147463798523,0.555555522441864,0.6666666269302368
1,1,0.8749998906250137,0.0,0.369047659593967,0.8148147463798523,0.555555522441864,0.5185185074806213
1,1,0.24999996875000394,0.7142856121063232,0.2500001249999375,0.6296296119689941,0.6666666269302368,0.4814814329147339
1,1,0.7499999062500118,0.1428571194410324,0.5000000416666597,0.6666666269302368,0.6666666269302368,0.29629626870155334
1,1,0.3749999531250059,0.49999991059303284,0.5000000456214295,0.8666666150093079,0.6666666269302368,0.46666663885116577
1,1,0.24999996875000394,0.666666567325592,0.2500001249999375,0.5333333015441895,0.6666666269302368,0.46666663885116577
1,1,0.8749998906250137,0.1428571194410324,0.369047659593967,0.8666666150093079,0.5333333015441895,0.46666663885116577
1,1,0.7499999062500118,0.2857142388820648,0.45833336111110645,0.7333332896232605,0.3999999761581421,0.3999999761581421
1,1,0.4999999375000079,0.7499999403953552,0.2500000624999844,0.7999999523162842,0.46666663885116577,0.5333333015441895
1,1,0.4999999375000079,0.5714284777641296,0.2500000624999844,0.5624999403953552,0.7499999403953552,0.4374999403953552
1,1,0.6249999218750099,0.6249999403953552,0.30000003999999203,0.6874999403953552,0.6249999403953552,0.6249999403953552
1,1,0.4999999375000079,0.333333283662796,0.2500000624999844,0.7499999403953552,0.6874999403953552,0.5624999403953552
1,1,0.24999996875000394,0.8571427464485168,0.2500001249999375,0.8124998807907104,0.6874999403953552,0.3749999701976776
1,1,0.24999996875000394,0.8571427464485168,0.2500001249999375,0.8749998807907104,0.6249999403953552,0.6249999403953552
1,1,0.3749999531250059,0.6249999403953552,0.5000000456214295,0.7857142090797424,0.4285714030265808,0.5714285373687744
1,1,0.6249999218750099,0.3749999701976776,0.38333335346511044,0.8571428060531616,0.4999999701976776,0.4285714030265808
1,1,0.24999996875000394,0.7499999403953552,0.2500001249999375,0.8571428060531616,0.6428570747375488,0.6428570747375488
1,1,0.6249999218750099,0.3749999701976776,0.30000003999999203,0.7857142090797424,0.6428570747375488,0.7857142090797424
1,1,0.3749999531250059,0.6249999403953552,0.3333333888888703,0.6428570747375488,0.4999999701976776,0.357142835855484
1,1,0.24999996875000394,0.7499998211860657,0.2500001249999375,0.6666666269302368,0.5333333015441895,0.5999999642372131
1,1,0.7499999062500118,0.49999991059303284,0.5000000178436657,0.7999999523162842,0.3999999761581421,0.7999999523162842
1,1,0.7499999062500118,0.49999991059303284,0.3333333849341005,0.9999999403953552,0.7333332896232605,0.3999999761581421
1,1,0.4999999375000079,0.8333331942558289,0.2500000624999844,0.9999999403953552,0.5333333015441895,0.6666666269302368
1,1,0.0,0.9999997019767761,1.0,0.7333332896232605,0.5333333015441895,0.5999999642372131
1,1,0.24999996875000394,0.8571427464485168,0.5000001249999375,0.7692307233810425,0.615384578704834,0.5384615063667297
1,1,0.4999999375000079,0.7499999403953552,0.3750000624999844,0.615384578704834,0.5384615063667297,0.5384615063667297
1,1,0.4999999375000079,0.5714284777641296,0.2500000624999844,0.9999999403953552,0.7692307233810425,0.307692289352417
1,1,0.4999999375000079,0.5714284777641296,0.6250000312499921,0.923076868057251,0.5384615063667297,0.8461537957191467
1,1,0.6249999218750099,0.6249999403953552,0.38333335346511044,0.8461537957191467,0.5384615063667297,0.5384615063667297
1,1,0.24999996875000394,0.7142856121063232,0.5000001249999375,0.5384615063667297,0.615384578704834,0.38461536169052124
1,1,0.4999999375000079,0.4285713732242584,0.3750000624999844,0.6923076510429382,0.4615384340286255,0.4615384340286255
1,1,0.4999999375000079,0.6249999403953552,0.2500000624999844,0.8461537957191467,0.615384578704834,0.307692289352417
1,1,0.4999999375000079,0.6249999403953552,0.6250000312499921,0.7692307233810425,0.38461536169052124,0.7692307233810425
1,1,0.6249999218750099,0.2857142388820648,0.38333335346511044,0.615384578704834,0.615384578704834,0.5384615063667297
1,1,0.3749999531250059,0.7142856121063232,0.6666667172551499,0.9374998807907104,0.6249999403953552,0.4999999403953552
1,1,0.4999999375000079,0.5714284777641296,0.2500000624999844,0.8124998807907104,0.4999999403953552,0.4999999403953552
1,1,0.24999996875000394,0.8571427464485168,0.2500001249999375,0.7499999403953552,0.4999999403953552,0.5624999403953552
1,1,0.6249999218750099,0.4285713732242584,0.400000019999996,0.8124998807907104,0.7499999403953552,0.4374999403953552
1,1,0.24999996875000394,0.9999998807907104,0.5000001249999375,0.6874999403953552,0.6249999403953552,0.3124999701976776
1,1,0.7499999062500118,0.2857142388820648,0.5208333611111065,0.7857142090797424,0.357142835855484,0.5714285373687744
1,1,0.4999999375000079,0.5714284777641296,0.6250000312499921,0.6428570747375488,0.714285671710968,0.4999999701976776
1,1,0.24999996875000394,0.666666567325592,0.2500001249999375,0.8571428060531616,0.5714285373687744,0.6428570747375488
1,1,0.24999996875000394,0.8571427464485168,0.2500001249999375,0.4999999701976776,0.6428570747375488,0.4285714030265808
1,1,0.7499999062500118,0.4999999403953552,0.3333333849341005,0.714285671710968,0.8571428060531616,0.4999999701976776
1,1,0.6249999218750099,0.2857142388820648,0.46666669673255123,0.8235293030738831,0.6470587253570557,0.5294117331504822
1,1,0.24999996875000394,0.7142856121063232,0.5000001249999375,0.8235293030738831,0.6470587253570557,0.6470587253570557
1,1,0.4999999375000079,0.6249999403953552,0.5000000312499921,0.6470587253570557,0.6470587253570557,0.41176465153694153
1,1,0.3749999531250059,0.5714284777641296,0.3333333888888703,0.7058822512626648,0.5882351994514465,0.41176465153694153
1,1,0.24999996875000394,0.8749998807907104,0.5000001249999375,0.8235293030738831,0.6470587253570557,0.6470587253570557
1,1,0.3749999531250059,0.7142856121063232,0.3333333888888703,0.7368420362472534,0.684210479259491,0.2631578743457794
1,1,0.7499999062500118,0.4999999403953552,0.2500000416666597,0.684210479259491,0.6315788626670837,0.42105257511138916
1,1,0.6249999218750099,0.4285713732242584,0.5083333534651104,0.8421051502227783,0.5263157486915588,0.5263157486915588
1,1,0.7499999062500118,0.2857142388820648,0.4166666983992189,0.7368420362472534,0.6315788626670837,0.473684161901474
1,1,0.8749998906250137,0.3749999701976776,0.632142883511482,0.7368420362472534,0.473684161901474,0.473684161901474
1,1,0.6249999218750099,0.6249999403953552,0.38333335346511044,0.6999999284744263,0.4999999403953552,0.5999999642372131
1,1,0.8749998906250137,0.3749999701976776,0.39682539101257663,0.7999999523162842,0.4999999403953552,0.4999999403953552
1,1,0.24999996875000394,0.666666567325592,0.2500001249999375,0.8999999165534973,0.3999999761581421,0.4999999403953552
1,1,0.7499999062500118,0.4999999403953552,0.33333336111110645,0.5999999642372131,0.7999999523162842,0.4999999403953552
1,1,0.24999996875000394,0.8571427464485168,0.5000001249999375,0.6999999284744263,0.4999999403953552,0.29999998211860657
1,1,0.6249999218750099,0.4999999403953552,0.30000003999999203,0.8124998807907104,0.5624999403953552,0.6249999403953552
1,1,0.4999999375000079,0.6249999403953552,0.2500000624999844,0.7499999403953552,0.7499999403953552,0.4374999403953552
1,1,0.24999996875000394,0.7142856121063232,0.5000001249999375,0.8124998807907104,0.8124998807907104,0.4999999403953552
1,1,0.4999999375000079,0.4285713732242584,0.2500000624999844,0.6874999403953552,0.6249999403953552,0.3749999701976776
1,1,0.24999996875000394,0.7142856121063232,0.2500001249999375,0.6874999403953552,0.6249999403953552,0.4374999403953552
1,1,0.24999996875000394,0.7499999403953552,0.2500001249999375,0.6666666269302368,0.5833333134651184,0.6666666269302368
1,1,0.24999996875000394,0.7499999403953552,0.2500001249999375,0.916666567325592,0.4166666269302368,0.5833333134651184
1,1,0.6249999218750099,0.3749999701976776,0.5916666967325512,0.7499999403953552,0.5833333134651184,0.4999999701976776
1,1,0.7499999062500118,0.2499999701976776,0.3333333849341005,0.8333332538604736,0.5833333134651184,0.4999999701976776
1,1,0.4999999375000079,0.4999999403953552,0.3750000624999844,0.7499999403953552,0.4166666269302368,0.5833333134651184
1,1,0.3749999531250059,0.8749998807907104,0.5000000456214295,0.714285671710968,0.5714285373687744,0.4999999701976776
1,1,0.24999996875000394,0.666666567325592,0.2500001249999375,0.6428570747375488,0.6428570747375488,0.714285671710968
1,1,0.8749998906250137,0.3749999701976776,0.369047659593967,0.8571428060531616,0.5714285373687744,0.5714285373687744
1,1,0.7499999062500118,0.4999999403953552,0.45833336111110645,0.7857142090797424,0.357142835855484,0.4285714030265808
1,1,0.4999999375000079,0.5714284777641296,0.2500000624999844,0.7857142090797424,0.4999999701976776,0.6428570747375488
1,1,0.0,0.9999998807907104,1.0,0.6666666269302368,0.3333333134651184,0.3333333134651184
1,1,0.24999996875000394,0.7499999403953552,0.5000001249999375,0.916666567325592,0.4999999701976776,0.7499999403953552
1,1,0.24999996875000394,0.7499999403953552,0.2500001249999375,0.5833333134651184,0.3333333134651184,0.3333333134651184
1,1,0.4999999375000079,0.4999999403953552,0.2500000624999844,0.6666666269302368,0.7499999403953552,0.4166666269302368
1,1,0.7499999062500118,0.2499999701976776,0.2500000416666597,0.7499999403953552,0.5833333134651184,0.3333333134651184
1,1,0.4999999375000079,0.8333331942558289,0.3750000624999844,0.6999999284744263,0.7999999523162842,0.44999995827674866
1,1,0.3749999531250059,0.0,0.5000000456214295,0.8499999046325684,0.7999999523162842,0.5999999642372131
2,1,0.4999999375000079,0.5999999046325684,0.3750000624999844,0.7777776718139648,0.611111044883728,0.611111044883728
2,1,0.4999999375000079,0.8333331942558289,0.3750000624999844,0.666666567325592,0.4999999403953552,0.3888888359069824
2,1,0.9999998750000157,0.6249999403953552,0.750000015624998,0.611111044883728,0.7777776718139648,0.4999999403953552
1,1,0.4999999375000079,0.19999995827674866,0.2500000624999844,0.7826086282730103,0.5217390656471252,0.6956521272659302
1,1,0.4999999375000079,0.7142856121063232,0.2500000624999844,0.8260868787765503,0.43478256464004517,0.6086956262588501
1,1,0.8749998906250137,0.2857142388820648,0.369047659593967,0.7826086282730103,0.7826086282730103,0.5652173161506653
1,1,0.24999996875000394,0.8333331942558289,0.2500001249999375,0.6956521272659302,0.4782608151435852,0.43478256464004517
1,1,0.7499999062500118,0.4285713732242584,0.5000000416666597,0.8260868787765503,0.6956521272659302,0.4782608151435852
1,1,0.4999999375000079,0.4285713732242584,0.37500003124999215,0.6956521272659302,0.5652173161506653,0.3913043141365051
1,1,0.24999996875000394,0.7142856121063232,0.2500001249999375,0.6956521272659302,0.7391303777694702,0.6521738767623901
1,1,0.4999999375000079,0.6249999403953552,0.3750000624999844,0.8695651292800903,0.6956521272659302,0.43478256464004517
1,1,0.24999996875000394,0.7142856121063232,0.2500001249999375,0.8695651292800903,0.3913043141365051,0.5652173161506653
1,1,0.4999999375000079,0.6249999403953552,0.2500000624999844,0.7826086282730103,0.5217390656471252,0.43478256464004517
1,1,0.3749999531250059,0.666666567325592,0.5000000456214295,0.8333332538604736,0.666666567325592,0.4999999403953552
1,1,0.6249999218750099,0.5714284777641296,0.38333335346511044,0.8888887763023376,0.4999999403953552,0.611111044883728
1,1,0.24999996875000394,0.8333331942558289,0.2500001249999375,0.7777776718139648,0.666666567325592,0.4999999403953552
1,1,0.6249999218750099,0.333333283662796,0.30000003999999203,0.555555522441864,0.4999999403953552,0.4999999403953552
1,1,0.3749999531250059,0.666666567325592,0.3333333888888703,0.7777776718139648,0.555555522441864,0.4444443881511688
1,1,0.4999999375000079,0.49999991059303284,0.2500000624999844,0.6666666269302368,0.714285671710968,0.4285714030265808
1,1,0.24999996875000394,0.8333331942558289,0.2500001249999375,0.8571428060531616,0.5714285373687744,0.6666666269302368
1,1,0.4999999375000079,0.49999991059303284,0.3750000624999844,0.7619047164916992,0.6666666269302368,0.5238094925880432
1,1,0.6249999218750099,0.5714284777641296,0.38333335346511044,0.7619047164916992,0.7619047164916992,0.3809523582458496
1,1,0.6249999218750099,0.7499999403953552,0.30000003999999203,0.7619047164916992,0.5238094925880432,0.5714285373687744
1,1,0.6249999218750099,0.49999991059303284,0.46666669673255123,0.7727271914482117,0.5454545021057129,0.40909087657928467
1,1,0.7499999062500118,0.5714284777641296,0.3333333849341005,0.7272726893424988,0.45454540848731995,0.40909087657928467
1,1,0.8749998906250137,0.4285713732242584,0.5321428894719464,0.6363635659217834,0.45454540848731995,0.3636363446712494
1,1,0.4999999375000079,0.0,0.2500000624999844,0.863636314868927,0.7727271914482117,0.7272726893424988
2,1,0.4999999375000079,0.666666567325592,0.37500003124999215,0.7499999403953552,0.44999995827674866,0.4999999403953552
1,1,0.24999996875000394,0.8571427464485168,0.2500001249999375,0.7272726893424988,0.45454540848731995,0.3636363446712494
1,1,0.24999996875000394,0.8571427464485168,0.5000001249999375,0.6363635659217834,0.45454540848731995,0.5454545021057129
1,1,0.3749999531250059,0.7142856121063232,0.3333333888888703,0.8181817531585693,0.3636363446712494,0.5454545021057129
1,1,0.7499999062500118,0.2857142388820648,0.33333336111110645,0.7272726893424988,0.6363635659217834,0.45454540848731995
1,1,0.6249999218750099,0.6249999403953552,0.5083333534651104,0.8181817531585693,0.7272726893424988,0.5454545021057129
1,1,0.24999996875000394,0.8749998807907104,0.2500001249999375,0.8461537957191467,0.5384615063667297,0.615384578704834
1,1,0.24999996875000394,0.7142856121063232,0.2500001249999375,0.923076868057251,0.615384578704834,0.8461537957191467
1,1,0.7499999062500118,0.3749999701976776,0.45833336111110645,0.923076868057251,0.7692307233810425,0.615384578704834
1,1,0.3749999531250059,0.7499999403953552,0.3333333888888703,0.7692307233810425,0.615384578704834,0.6923076510429382
1,1,0.24999996875000394,0.8749998807907104,0.2500001249999375,0.7692307233810425,0.5384615063667297,0.4615384340286255
1,1,0.24999996875000394,0.8333331942558289,0.5000001249999375,0.7619047164916992,0.6666666269302368,0.6666666269302368
1,1,0.4999999375000079,0.49999991059303284,0.3750000624999844,0.714285671710968,0.6666666269302368,0.476190447807312
1,1,0.4999999375000079,0.19999995827674866,0.2500000624999844,0.9047618508338928,0.6190475821495056,0.476190447807312
1,1,0.4999999375000079,0.49999991059303284,0.6250000312499921,0.9047618508338928,0.4285714030265808,0.8095237612724304
1,1,0.6249999218750099,0.5714284777641296,0.38333335346511044,0.714285671710968,0.5238094925880432,0.6190475821495056
1,1,0.7499999062500118,0.3749999701976776,0.4166666983992189,0.928571343421936,0.4999999701976776,0.6428570747375488
1,1,0.4999999375000079,0.6249999403953552,0.3750000624999844,0.714285671710968,0.5714285373687744,0.4999999701976776
1,1,0.4999999375000079,0.4285713732242584,0.2500000624999844,0.928571343421936,0.4999999701976776,0.714285671710968
1,1,0.4999999375000079,0.6249999403953552,0.5000000624999844,0.714285671710968,0.6428570747375488,0.5714285373687744
1,1,0.6249999218750099,0.2857142388820648,0.30000003999999203,0.714285671710968,0.5714285373687744,0.6428570747375488
1,1,0.3749999531250059,0.7142856121063232,0.6666667172551499,0.8461537957191467,0.615384578704834,0.615384578704834
1,1,0.4999999375000079,0.333333283662796,0.2500000624999844,0.7692307233810425,0.4615384340286255,0.4615384340286255
1,1,0.24999996875000394,0.9999998807907104,0.2500001249999375,0.6923076510429382,0.615384578704834,0.5384615063667297
1,1,0.6249999218750099,0.4285713732242584,0.400000019999996,0.8461537957191467,0.615384578704834,0.4615384340286255
1,1,0.24999996875000394,0.8571427464485168,0.5000001249999375,0.6923076510429382,0.5384615063667297,0.307692289352417
1,1,0.3749999531250059,0.5714284777641296,0.5000000456214295,0.6315788626670837,0.42105257511138916,0.31578943133354187
1,1,0.24999996875000394,0.7142856121063232,0.2500001249999375,0.7894735932350159,0.7894735932350159,0.42105257511138916
1,1,0.8749998906250137,0.2499999701976776,0.369047659593967,0.8421051502227783,0.6315788626670837,0.6315788626670837
1,1,0.7499999062500118,0.3749999701976776,0.45833336111110645,0.684210479259491,0.5789473056793213,0.42105257511138916
1,1,0.4999999375000079,0.4285713732242584,0.2500000624999844,0.7894735932350159,0.6315788626670837,0.473684161901474
1,1,0.4999999375000079,0.4285713732242584,0.3750000624999844,0.7499999403953552,0.5624999403953552,0.4999999403953552
1,1,0.7499999062500118,0.3749999701976776,0.4166666983992189,0.8124998807907104,0.5624999403953552,0.8124998807907104
1,1,0.4999999375000079,0.6249999403953552,0.2500000624999844,0.8749998807907104,0.8124998807907104,0.6874999403953552
1,1,0.6249999218750099,0.2857142388820648,0.38333335346511044,0.6874999403953552,0.6249999403953552,0.5624999403953552
1,1,0.24999996875000394,0.7142856121063232,0.2500001249999375,0.8749998807907104,0.7499999403953552,0.5624999403953552
1,1,0.6249999218750099,0.2857142388820648,0.30000003999999203,0.8823528289794922,0.6470587253570557,0.5882351994514465
1,1,0.4999999375000079,0.4285713732242584,0.2500000624999844,0.9411763548851013,0.5294117331504822,0.47058817744255066
1,1,0.24999996875000394,0.8749998807907104,0.5000001249999375,0.8235293030738831,0.7058822512626648,0.5294117331504822
1,1,0.4999999375000079,0.6249999403953552,0.2500000624999844,0.7647057771682739,0.7058822512626648,0.41176465153694153
1,1,0.24999996875000394,0.8749998807907104,0.2500001249999375,0.8235293030738831,0.5294117331504822,0.7058822512626648
1,1,0.24999996875000394,0.7142856121063232,0.2500001249999375,0.6923076510429382,0.307692289352417,0.615384578704834
1,1,0.24999996875000394,0.8749998807907104,0.2500001249999375,0.7692307233810425,0.7692307233810425,0.5384615063667297
1,1,0.7499999062500118,0.3749999701976776,0.45833336111110645,0.8461537957191467,0.5384615063667297,0.615384578704834
1,1,0.3749999531250059,0.5714284777641296,0.3333333888888703,0.6923076510429382,0.923076868057251,0.7692307233810425
1,1,0.24999996875000394,0.7142856121063232,0.2500001249999375,0.8461537957191467,0.4615384340286255,0.7692307233810425
1,1,0.24999996875000394,0.9999998807907104,0.5000001249999375,0.6874999403953552,0.5624999403953552,0.4374999403953552
1,1,0.7499999062500118,0.2857142388820648,0.2500000416666597,0.9374998807907104,0.5624999403953552,0.4999999403953552
1,1,0.4999999375000079,0.7499999403953552,0.3750000624999844,0.7499999403953552,0.4999999403953552,0.4999999403953552
1,1,0.4999999375000079,0.333333283662796,0.2500000624999844,0.8124998807907104,0.5624999403953552,0.5624999403953552
1,1,0.4999999375000079,0.5714284777641296,0.3750000624999844,0.7499999403953552,0.7499999403953552,0.4999999403953552
1,1,0.24999996875000394,0.7142856121063232,0.5000001249999375,0.6785714030265808,0.6071428060531616,0.464285671710968
1,1,0.7499999062500118,0.3749999701976776,0.2500000416666597,0.8571428060531616,0.5714285373687744,0.5714285373687744
1,1,0.4999999375000079,0.4285713732242584,0.3750000624999844,0.7499999403953552,0.714285671710968,0.6428570747375488
1,1,0.4999999375000079,0.6249999403953552,0.2500000624999844,0.7857142090797424,0.5357142686843872,0.5714285373687744
1,1,0.4999999375000079,0.4285713732242584,0.3750000624999844,0.6785714030265808,0.6785714030265808,0.464285671710968
1,1,0.3749999531250059,0.7142856121063232,0.5000000456214295,0.8124998807907104,0.4374999403953552,0.5624999403953552
1,1,0.6249999218750099,0.4285713732242584,0.38333335346511044,0.8749998807907104,0.4374999403953552,0.7499999403953552
1,1,0.24999996875000394,0.666666567325592,0.2500001249999375,0.7499999403953552,0.6249999403953552,0.5624999403953552
1,1,0.6249999218750099,0.4285713732242584,0.30000003999999203,0.7499999403953552,0.6249999403953552,0.6249999403953552
1,1,0.3749999531250059,0.7142856121063232,0.3333333888888703,0.6249999403953552,0.6874999403953552,0.4999999403953552
1,1,0.4999999375000079,0.4999999403953552,0.3750000624999844,0.7272727489471436,0.6363636255264282,0.3636363744735718
1,1,0.6249999218750099,0.3749999701976776,0.30000003999999203,0.7878788113594055,0.6060606241226196,0.6060606241226196
1,1,0.7499999062500118,0.2499999701976776,0.2500000416666597,0.8484848737716675,0.5454545617103577,0.5757575631141663
1,1,0.4999999375000079,0.4999999403953552,0.3750000624999844,0.7878788113594055,0.5454545617103577,0.4848484992980957
1,1,0.6249999218750099,0.3749999701976776,0.46666669673255123,0.7878788113594055,0.6060606241226196,0.5454545617103577
1,1,0.24999996875000394,0.7142856121063232,0.5000001249999375,0.7499999403953552,0.5357142686843872,0.4999999701976776
1,1,0.7499999062500118,0.3749999701976776,0.2500000416666597,0.8214285373687744,0.6428570747375488,0.6785714030265808
1,1,0.4999999375000079,0.4285713732242584,0.3750000624999844,0.6785714030265808,0.6071428060531616,0.5357142686843872
1,1,0.4999999375000079,0.6249999403953552,0.2500000624999844,0.8571428060531616,0.464285671710968,0.6428570747375488
1,1,0.4999999375000079,0.6249999403953552,0.3750000624999844,0.5714285373687744,0.6071428060531616,0.4999999701976776
1,1,0.3749999531250059,0.5714284777641296,0.3333333888888703,0.7222221493721008,0.4444443881511688,0.4999999403953552
1,1,0.7499999062500118,0.1428571194410324,0.2500000416666597,0.9444443583488464,0.4999999403953552,0.7222221493721008
1,1,0.6249999218750099,0.4999999403953552,0.5083333534651104,0.7222221493721008,0.7777776718139648,0.555555522441864
1,1,0.7499999062500118,0.1428571194410324,0.4166666983992189,0.666666567325592,0.4999999403953552,0.4444443881511688
1,1,0.8749998906250137,0.2499999701976776,0.632142883511482,0.7222221493721008,0.555555522441864,0.555555522441864
1,1,0.3749999531250059,0.5999999046325684,0.3333333888888703,0.7499999403953552,0.5833333134651184,0.4999999701976776
1,1,0.7499999062500118,0.5714284777641296,0.2500000416666597,0.7499999403953552,0.5833333134651184,0.4999999701976776
1,1,0.6249999218750099,0.49999991059303284,0.5083333534651104,0.8333332538604736,0.7499999403953552,0.458333283662796
1,1,0.7499999062500118,0.5714284777641296,0.4166666983992189,0.7916666269302368,0.6666666269302368,0.3749999701976776
1,1,0.8749998906250137,0.6249999403953552,0.632142883511482,0.7499999403953552,0.3749999701976776,0.458333283662796
1,1,0.4999999375000079,0.8333331942558289,0.3750000624999844,0.8333332538604736,0.6333332657814026,0.4999999701976776
1,1,0.8749998906250137,0.7499999403953552,0.369047659593967,0.6999999284744263,0.46666663885116577,0.5666666030883789
1,1,0.4999999375000079,0.9999998807907104,0.5000000624999844,0.8333332538604736,0.5999999642372131,0.5666666030883789
1,1,0.7499999062500118,0.7142856121063232,0.666666689477386,0.6333332657814026,0.6999999284744263,0.3999999761581421
1,1,0.3749999531250059,0.0,0.5000000456214295,0.76666659116745,0.6999999284744263,0.6333332657814026
1,1,0.24999996875000394,0.7142856121063232,0.5000001249999375,0.7777776718139648,0.611111044883728,0.555555522441864
1,1,0.4999999375000079,0.4285713732242584,0.3750000624999844,0.666666567325592,0.611111044883728,0.4444443881511688
1,1,0.4999999375000079,0.6249999403953552,0.2500000624999844,0.8888887763023376,0.8333332538604736,0.4999999403953552
1,1,0.4999999375000079,0.6249999403953552,0.6250000312499921,0.9444443583488464,0.4444443881511688,0.7222221493721008
1,1,0.6249999218750099,0.4999999403953552,0.38333335346511044,0.9444443583488464,0.555555522441864,0.4999999403953552
1,1,0.4999999375000079,0.5714284777641296,0.3750000624999844,0.8124998807907104,0.4999999403953552,0.4374999403953552
1,1,0.7499999062500118,0.2857142388820648,0.4166666983992189,0.8124998807907104,0.4999999403953552,0.4999999403953552
1,1,0.4999999375000079,0.333333283662796,0.2500000624999844,0.7499999403953552,0.6249999403953552,0.5624999403953552
1,1,0.6249999218750099,0.166666641831398,0.38333335346511044,0.8124998807907104,0.6249999403953552,0.6249999403953552
1,1,0.24999996875000394,0.666666567325592,0.2500001249999375,0.7499999403953552,0.6249999403953552,0.3749999701976776
1,1,0.24999996875000394,0.5999999046325684,0.5000001249999375,0.8124998807907104,0.6874999403953552,0.4374999403953552
1,1,0.7499999062500118,0.4285713732242584,0.2500000416666597,0.7499999403953552,0.7499999403953552,0.5624999403953552
1,1,0.4999999375000079,0.7142856121063232,0.3750000624999844,0.6249999403953552,0.6249999403953552,0.6874999403953552
1,1,0.4999999375000079,0.7142856121063232,0.2500000624999844,0.6874999403953552,0.4999999403953552,0.4999999403953552
1,1,0.4999999375000079,0.7142856121063232,0.3750000624999844,0.4999999403953552,0.6249999403953552,0.4374999403953552
1,1,0.3749999531250059,0.6249999403953552,0.5000000456214295,0.6999999284744263,0.6999999284744263,0.44999995827674866
1,1,0.6249999218750099,0.3749999701976776,0.38333335346511044,0.7499999403953552,0.4999999403953552,0.5999999642372131
1,1,0.24999996875000394,0.7499999403953552,0.2500001249999375,0.8499999046325684,0.6999999284744263,0.5999999642372131
1,1,0.6249999218750099,0.3749999701976776,0.30000003999999203,0.5999999642372131,0.6499999165534973,0.6499999165534973
1,1,0.3749999531250059,0.6249999403953552,0.3333333888888703,0.7499999403953552,0.5999999642372131,0.4999999403953552
1,2,0.4999999375000079,0.7499999403953552,0.3750000624999844,0.8333332538604736,0.5416666269302368,0.7083332538604736
1,2,0.4999999375000079,0.333333283662796,0.3750000624999844,0.7916666269302368,0.6249999403953552,0.5833333134651184
1,2,0.9999998750000157,0.2499999701976776,0.750000015624998,0.4999999701976776,0.7916666269302368,0.4166666269302368
1,2,0.8749998906250137,0.3749999701976776,0.6279762059172971,0.916666567325592,0.7499999403953552,0.7083332538604736
2,1,0.6249999218750099,0.4285713732242584,0.46666669673255123,0.7391303777694702,0.43478256464004517,0.5652173161506653
1,1,0.24999996875000394,0.7999998331069946,0.2500001249999375,0.7499999403953552,0.6666666269302368,0.4999999701976776
1,1,0.6249999218750099,0.49999991059303284,0.38333335346511044,0.6249999403953552,0.6666666269302368,0.3749999701976776
1,1,0.8749998906250137,0.6249999403953552,0.42460318203583103,0.7916666269302368,0.5416666269302368,0.6249999403953552
1,1,0.4999999375000079,0.3999999165534973,0.3750000624999844,0.7916666269302368,0.6249999403953552,0.5416666269302368
1,1,0.8749998906250137,0.6249999403953552,0.7113095342835767,0.8333332538604736,0.5416666269302368,0.5833333134651184
2,1,0.4999999375000079,0.4999999403953552,0.3750000624999844,0.7391303777694702,0.6086956262588501,0.5217390656471252
2,1,0.3749999531250059,0.6249999403953552,0.5000000456214295,0.8260868787765503,0.4782608151435852,0.6956521272659302
2,1,0.4999999375000079,0.4999999403953552,0.3750000624999844,0.7499999403953552,0.6249999403953552,0.4374999403953552
2,1,0.4999999375000079,0.4999999403953552,0.3750000624999844,0.8124998807907104,0.3749999701976776,0.4999999403953552
2,1,0.9999998750000157,0.0,0.750000015624998,0.8124998807907104,0.7499999403953552,0.4999999403953552
2,1,0.4999999375000079,0.5714284777641296,0.3750000624999844,0.7352941036224365,0.47058823704719543,0.5
2,1,0.4999999375000079,0.5714284777641296,0.3750000624999844,0.8235294222831726,0.529411792755127,0.5882353186607361
1,2,0.4999999375000079,0.5714284777641296,0.3750000624999844,0.800000011920929,0.6571428775787354,0.34285715222358704
2,1,0.9999998750000157,0.2499999701976776,0.750000015624998,0.529411792755127,0.8529411554336548,0.6764705777168274
2,1,0.8749998906250137,0.1428571194410324,0.6279762059172971,0.8235294222831726,0.7352941036224365,0.6470588445663452
1,2,0.4999999375000079,0.4999999403953552,0.3750000624999844,0.7837837934494019,0.6486486196517944,0.4054054021835327
1,2,0.3749999531250059,0.6249999403953552,0.5000000456214295,0.8108108043670654,0.5405405163764954,0.4864864945411682
2,1,0.4999999375000079,0.4999999403953552,0.3750000624999844,0.7714285850524902,0.5428571701049805,0.5142857432365417
2,1,0.4999999375000079,0.4999999403953552,0.3750000624999844,0.800000011920929,0.6285714507102966,0.48571428656578064
2,1,0.9999998750000157,0.0,0.750000015624998,0.5428571701049805,0.7714285850524902,0.6571428775787354
1,1,0.3749999531250059,0.7142856121063232,0.5000000456214295,0.5999999642372131,0.5499999523162842,0.44999995827674866
1,1,0.6249999218750099,0.166666641831398,0.38333335346511044,0.8499999046325684,0.5499999523162842,0.6499999165534973
1,1,0.24999996875000394,0.666666567325592,0.2500001249999375,0.7499999403953552,0.5499999523162842,0.5499999523162842
1,1,0.6249999218750099,0.4285713732242584,0.30000003999999203,0.7999999523162842,0.5499999523162842,0.6499999165534973
1,1,0.3749999531250059,0.49999991059303284,0.3333333888888703,0.7499999403953552,0.6999999284744263,0.4999999403953552
1,1,0.4999999375000079,0.5714284777641296,0.2500000624999844,0.7894735932350159,0.7894735932350159,0.42105257511138916
1,1,0.24999996875000394,0.8571427464485168,0.2500001249999375,0.8947367668151855,0.3684210181236267,0.7894735932350159
1,1,0.4999999375000079,0.5714284777641296,0.3750000624999844,0.7894735932350159,0.473684161901474,0.6315788626670837
1,1,0.6249999218750099,0.6249999403953552,0.38333335346511044,0.8421051502227783,0.5263157486915588,0.2631578743457794
1,1,0.6249999218750099,0.4285713732242584,0.30000003999999203,0.6315788626670837,0.6315788626670837,0.473684161901474
1,1,0.4999999375000079,0.4999999403953552,0.37500003124999215,0.6363635659217834,0.4999999701976776,0.4999999701976776
1,1,0.24999996875000394,0.7499999403953552,0.2500001249999375,0.6818181276321411,0.6363635659217834,0.4999999701976776
1,1,0.4999999375000079,0.4999999403953552,0.3750000624999844,0.7727271914482117,0.6818181276321411,0.6363635659217834
1,1,0.24999996875000394,0.7499999403953552,0.2500001249999375,0.7727271914482117,0.5909090638160706,0.5909090638160706
1,1,0.4999999375000079,0.4999999403953552,0.2500000624999844,0.8181817531585693,0.6363635659217834,0.40909087657928467
1,1,0.3749999531250059,0.7142856121063232,0.3333333888888703,0.8235293030738831,0.29411759972572327,0.5294117331504822
1,1,0.7499999062500118,0.2857142388820648,0.2500000416666597,0.8235293030738831,0.3529411256313324,0.47058817744255066
1,1,0.6249999218750099,0.166666641831398,0.5083333534651104,0.9999998807907104,0.5294117331504822,0.6470587253570557
1,1,0.7499999062500118,0.4999999403953552,0.4166666983992189,0.7058822512626648,0.7058822512626648,0.3529411256313324
1,1,0.8749998906250137,0.3749999701976776,0.632142883511482,0.7647057771682739,0.41176465153694153,0.5882351994514465
1,1,0.24999996875000394,0.7142856121063232,0.5000001249999375,0.7333332896232605,0.46666663885116577,0.6666666269302368
1,1,0.4999999375000079,0.6249999403953552,0.2500000624999844,0.7333332896232605,0.46666663885116577,0.5999999642372131
1,1,0.4999999375000079,0.6249999403953552,0.3750000624999844,0.8666666150093079,0.5333333015441895,0.46666663885116577
1,1,0.24999996875000394,0.7142856121063232,0.2500001249999375,0.7999999523162842,0.46666663885116577,0.46666663885116577
1,1,0.24999996875000394,0.8749998807907104,0.2500001249999375,0.7999999523162842,0.5333333015441895,0.3333333134651184
1,1,0.7499999062500118,0.2499999701976776,0.41666667457622486,0.8392857313156128,0.6785714030265808,0.5357142686843872
1,1,0.4999999375000079,0.4999999403953552,0.2500000624999844,0.6964285969734192,0.4642857015132904,0.5
1,1,0.3749999531250059,0.6249999403953552,0.6666667172551499,0.75,0.4821428656578064,0.4107142984867096
1,1,0.3749999531250059,0.6249999403953552,0.5000000456214295,0.8214285969734192,0.5892857313156128,0.4821428656578064
1,1,0.6249999218750099,0.3749999701976776,0.38333335346511044,0.7857142686843872,0.6607142686843872,0.5178571343421936
1,1,0.24999996875000394,0.8333331942558289,0.5000001249999375,0.7674418687820435,0.5348837375640869,0.5116279125213623
1,1,0.7499999062500118,0.4285713732242584,0.2500000416666597,0.8604651093482971,0.6744186282157898,0.5813953280448914
1,1,0.4999999375000079,0.7142856121063232,0.3750000624999844,0.6976743936538696,0.604651153087616,0.604651153087616
1,1,0.4999999375000079,0.49999991059303284,0.2500000624999844,0.8372092843055725,0.5581395626068115,0.604651153087616
1,1,0.4999999375000079,0.8749998807907104,0.3750000624999844,0.604651153087616,0.6976743936538696,0.4883720874786377
1,1,0.4999999375000079,0.5999999046325684,0.2500000624999844,0.8823528289794922,0.8235293030738831,0.7647057771682739
1,1,0.4999999375000079,0.8333331942558289,0.2500000624999844,0.7647057771682739,0.5882351994514465,0.7058822512626648
1,1,0.8749998906250137,0.5714284777641296,0.369047659593967,0.8235293030738831,0.5294117331504822,0.5882351994514465
1,1,0.24999996875000394,0.9999998211860657,0.2500001249999375,0.7058822512626648,0.5882351994514465,0.5882351994514465
1,1,0.7499999062500118,0.49999991059303284,0.5000000416666597,0.7647057771682739,0.6470587253570557,0.47058817744255066
1,1,0.3749999531250059,0.5999999046325684,0.5000000456214295,0.6428570747375488,0.5714285373687744,0.4285714030265808
1,1,0.6249999218750099,0.7142856121063232,0.38333335346511044,0.7857142090797424,0.5714285373687744,0.714285671710968
1,1,0.24999996875000394,0.9999998211860657,0.2500001249999375,0.8571428060531616,0.714285671710968,0.7857142090797424
1,1,0.6249999218750099,0.49999991059303284,0.30000003999999203,0.7857142090797424,0.6428570747375488,0.5714285373687744
1,1,0.3749999531250059,0.5999999046325684,0.3333333888888703,0.7857142090797424,0.5714285373687744,0.6428570747375488
1,1,0.4999999375000079,0.5714284777641296,0.2500000624999844,0.8749998807907104,0.5624999403953552,0.5624999403953552
1,1,0.6249999218750099,0.6249999403953552,0.5916666967325512,0.7499999403953552,0.5624999403953552,0.5624999403953552
1,1,0.24999996875000394,0.666666567325592,0.2500001249999375,0.4999999403953552,0.3749999701976776,0.4374999403953552
1,1,0.6249999218750099,0.6249999403953552,0.30000003999999203,0.6874999403953552,0.4999999403953552,0.4999999403953552
1,1,0.4999999375000079,0.5714284777641296,0.3750000624999844,0.7499999403953552,0.6249999403953552,0.3749999701976776
1,1,0.6249999218750099,0.333333283662796,0.30000003999999203,0.9047618508338928,0.5714285373687744,0.5714285373687744
1,1,0.24999996875000394,0.8333331942558289,0.2500001249999375,0.6666666269302368,0.8571428060531616,0.5238094925880432
1,1,0.7499999062500118,0.4285713732242584,0.4166666983992189,0.714285671710968,0.5238094925880432,0.5714285373687744
1,1,0.3749999531250059,0.8571427464485168,0.5000000456214295,0.7619047164916992,0.476190447807312,0.4285714030265808
1,1,0.7499999062500118,0.6249999403953552,0.4166666983992189,0.714285671710968,0.5714285373687744,0.6190475821495056
1,1,0.4999999375000079,0.49999991059303284,0.3750000624999844,0.714285671710968,0.6785714030265808,0.6071428060531616
1,1,0.8749998906250137,0.2857142388820648,0.369047659593967,0.7499999403953552,0.6428570747375488,0.5714285373687744
1,1,0.4999999375000079,0.49999991059303284,0.5000000624999844,0.7857142090797424,0.4999999701976776,0.464285671710968
1,1,0.7499999062500118,0.166666641831398,0.666666689477386,0.6785714030265808,0.7499999403953552,0.3928571045398712
1,1,0.3749999531250059,0.666666567325592,0.5000000456214295,0.8214285373687744,0.6071428060531616,0.464285671710968
1,1,0.4999999375000079,0.4999999403953552,0.3750000624999844,0.7058822512626648,0.3529411256313324,0.3529411256313324
1,1,0.6249999218750099,0.3749999701976776,0.30000003999999203,0.8823528289794922,0.47058817744255066,0.7058822512626648
1,1,0.7499999062500118,0.2499999701976776,0.2500000416666597,0.7647057771682739,0.47058817744255066,0.3529411256313324
1,1,0.4999999375000079,0.4999999403953552,0.3750000624999844,0.7647057771682739,0.5882351994514465,0.47058817744255066
1,1,0.6249999218750099,0.3749999701976776,0.46666669673255123,0.5882351994514465,0.41176465153694153,0.3529411256313324
