multi-notes,multi-sylphones,rhyme density,rhyme distance,rhyme strength,longnote-stress,longnote-nonstop,longnote-longvowel
2,1,0.4999999375000079,0.4999999403953552,0.5000000624999844,0.9999998211860657,0.3999999165534973,0.5999999046325684
2,1,0.3749999531250059,0.6249999403953552,0.3333333888888703,0.6666664481163025,0.9999997019767761,0.33333322405815125
2,1,0.7499999062500118,0.2499999701976776,0.3333333849341005,0.928571343421936,0.4999999701976776,0.4999999701976776
2,1,0.7499999062500118,0.2499999701976776,0.4166666983992189,0.7999999523162842,0.5499999523162842,0.4999999403953552
3,1,0.6249999218750099,0.3749999701976776,0.30000003999999203,0.0,0.0,0.0
2,1,0.4999999375000079,0.5714284777641296,0.3750000624999844,0.5714284777641296,0.7142856121063232,0.1428571194410324
1,1,0.24999996875000394,0.666666567325592,0.2500001249999375,0.7692307233810425,0.6923076510429382,0.5384615063667297
2,1,0.4999999375000079,0.5714284777641296,0.5000000624999844,0.7692307233810425,0.615384578704834,0.4615384340286255
1,2,0.6249999218750099,0.4285713732242584,0.5083333534651104,0.8181817531585693,0.7272726893424988,0.5454545021057129
2,1,0.7499999062500118,0.0,0.5000000416666597,0.9090908169746399,0.7272726893424988,0.6363635659217834
2,1,0.8749998906250137,0.2499999701976776,0.714285707459896,0.9999998211860657,0.8333331942558289,0.49999991059303284
1,2,0.7499999062500118,0.1428571194410324,0.4166666983992189,0.7777776718139648,0.4444443881511688,0.333333283662796
2,1,0.7499999062500118,0.3749999701976776,0.5000000416666597,0.9999995231628418,0.0,0.0
3,1,0.7499999062500118,0.1428571194410324,0.7500000089218328,0.0,0.0,0.0
2,1,0.8749998906250137,0.2499999701976776,0.5634920924486194,0.8333331942558289,0.666666567325592,0.8333331942558289
2,1,0.24999996875000394,0.7142856121063232,0.5000001249999375,0.6666666269302368,0.5333333015441895,0.46666663885116577
2,1,0.3749999531250059,0.5714284777641296,0.3333333888888703,0.7857142090797424,0.5714285373687744,0.8571428060531616
2,1,0.8749998906250137,0.2499999701976776,0.369047659593967,0.8421051502227783,0.473684161901474,0.684210479259491
4,1,0.6249999218750099,0.4999999403953552,0.30000003999999203,0.0,0.0,0.0
2,1,0.3749999531250059,0.5714284777641296,0.5000000456214295,0.666666567325592,0.666666567325592,0.8333331942558289
1,2,0.8749998906250137,0.3749999701976776,0.369047659593967,0.5714284777641296,0.8571427464485168,0.4285713732242584
2,1,0.7499999062500118,0.2857142388820648,0.6458333611111065,0.5714285373687744,0.714285671710968,0.4285714030265808
1,2,0.9999998750000157,0.2499999701976776,0.6041666950712175,0.6923076510429382,0.7692307233810425,0.5384615063667297
1,2,0.4999999375000079,0.333333283662796,0.2500000624999844,0.8571427464485168,0.5714284777641296,0.4285713732242584
2,1,0.6249999218750099,0.4285713732242584,0.42500003999999203,0.4999999403953552,0.8749998807907104,0.4999999403953552
1,2,0.9999998750000157,0.4999999403953552,0.6583333469715098,0.7777776718139648,0.4444443881511688,0.666666567325592
1,1,0.7499999062500118,0.333333283662796,0.4166666983992189,0.5384615063667297,0.5384615063667297,0.307692289352417
1,2,0.7499999062500118,0.5714284777641296,0.5000000416666597,0.7692307233810425,0.4615384340286255,0.5384615063667297
1,2,0.6249999218750099,0.49999991059303284,0.30000003999999203,0.7142856121063232,0.2857142388820648,0.5714284777641296
1,2,0.3749999531250059,0.5999999046325684,0.5000000456214295,0.7142856121063232,0.7142856121063232,0.5714284777641296
2,1,0.3749999531250059,0.49999991059303284,0.5000000456214295,0.7368420362472534,0.5789473056793213,0.5789473056793213
2,1,0.9999998750000157,0.2499999701976776,0.7083333439912776,0.7692307233810425,0.615384578704834,0.5384615063667297
1,2,0.7499999062500118,0.2857142388820648,0.4166666983992189,0.6249999403953552,0.6874999403953552,0.5624999403953552
2,1,0.4999999375000079,0.333333283662796,0.2500000624999844,0.714285671710968,0.4999999701976776,0.4999999701976776
2,1,0.7499999062500118,0.4999999403953552,0.666666689477386,0.9999998807907104,0.5714284777641296,0.2857142388820648
1,2,0.6249999218750099,0.4285713732242584,0.5000000140395315,0.6923076510429382,0.7692307233810425,0.4615384340286255
2,1,0.6249999218750099,0.4285713732242584,0.42500003999999203,0.9999999403953552,0.23076921701431274,0.615384578704834
2,1,0.24999996875000394,0.666666567325592,0.2500001249999375,0.8749998807907104,0.7499999403953552,0.6249999403953552
2,1,0.4999999375000079,0.333333283662796,0.2500000624999844,0.555555522441864,0.4444443881511688,0.4444443881511688
1,2,0.0,0.9999998211860657,1.0,0.666666567325592,0.666666567325592,0.333333283662796
1,2,0.7499999062500118,0.6249999403953552,0.2500000416666597,0.6666664481163025,0.33333322405815125,0.33333322405815125
1,2,0.4999999375000079,0.49999991059303284,0.6250000312499921,0.8749998807907104,0.7499999403953552,0.7499999403953552
2,1,0.24999996875000394,0.8333331942558289,0.2500001249999375,0.6666664481163025,0.6666664481163025,0.33333322405815125
1,2,0.4999999375000079,0.49999991059303284,0.2500000624999844,0.9090908169746399,0.5454545021057129,0.3636363446712494
1,2,0.8749998906250137,0.4999999403953552,0.5634920924486194,0.7142856121063232,0.2857142388820648,0.5714284777641296
1,2,0.3749999531250059,0.5714284777641296,0.5000000456214295,0.7142856121063232,0.5714284777641296,0.4285713732242584
2,1,0.24999996875000394,0.7142856121063232,0.2500001249999375,0.7499999403953552,0.4999999403953552,0.3749999701976776
1,2,0.7499999062500118,0.3749999701976776,0.45833336111110645,0.8571427464485168,0.7142856121063232,0.5714284777641296
1,2,0.7499999062500118,0.3749999701976776,0.2500000416666597,0.9999990463256836,0.9999990463256836,0.9999990463256836
1,2,0.4999999375000079,0.6249999403953552,0.3750000624999844,0.8333331942558289,0.49999991059303284,0.49999991059303284
1,2,0.6249999218750099,0.2857142388820648,0.30000003999999203,0.7857142090797424,0.4999999701976776,0.4285714030265808
1,2,0.7499999062500118,0.3749999701976776,0.3333333849341005,0.8461537957191467,0.7692307233810425,0.615384578704834
2,1,0.4999999375000079,0.6249999403953552,0.3750000624999844,0.9999998211860657,0.8333331942558289,0.666666567325592
2,1,0.7499999062500118,0.3749999701976776,0.7500000089218328,0.9999990463256836,0.9999990463256836,0.9999990463256836
2,1,0.6249999218750099,0.4999999403953552,0.30000003999999203,0.6666666269302368,0.5833333134651184,0.4999999701976776
2,1,0.7499999062500118,0.666666567325592,0.2500000416666597,0.9999998211860657,0.49999991059303284,0.666666567325592
3,1,0.6249999218750099,0.9999998807907104,0.5083333534651104,0.0,0.0,0.0
1,2,0.4999999375000079,0.9999998211860657,0.2500000624999844,0.7777776718139648,0.555555522441864,0.4444443881511688
2,1,0.4999999375000079,0.7999998331069946,0.7500000312499921,0.6999999284744263,0.9999998807907104,0.4999999403953552
2,1,0.24999996875000394,0.6666664481163025,0.2500001249999375,0.6999999284744263,0.5999999642372131,0.4999999403953552
1,2,0.3749999531250059,0.5714284777641296,0.5000000456214295,0.6666664481163025,0.9999997019767761,0.9999997019767761
2,1,0.6249999218750099,0.4999999403953552,0.38333335346511044,0.7499999403953552,0.6666666269302368,0.6666666269302368
1,2,0.3749999531250059,0.5714284777641296,0.5000000456214295,0.8888887763023376,0.2222221940755844,0.4444443881511688
2,1,0.9999998750000157,0.1249999850988388,0.750000015624998,0.5999999046325684,0.3999999165534973,0.0
1,2,0.3749999531250059,0.5714284777641296,0.5000000456214295,0.7142856121063232,0.7142856121063232,0.4285713732242584
1,2,0.3749999531250059,0.7142856121063232,0.5000000456214295,0.6999999284744263,0.7999999523162842,0.4999999403953552
1,2,0.6249999218750099,0.166666641831398,0.5083333534651104,0.9999997019767761,0.33333322405815125,0.0
2,1,0.9999998750000157,0.2499999701976776,0.562500023437497,0.9999997615814209,0.24999994039535522,0.49999988079071045
1,2,0.4999999375000079,0.5714284777641296,0.3750000624999844,0.0,0.9999990463256836,0.0
1,2,0.4999999375000079,0.7499999403953552,0.3750000624999844,0.6249999403953552,0.7499999403953552,0.3749999701976776
1,2,0.7499999062500118,0.166666641831398,0.4166666983992189,0.5999999642372131,0.6999999284744263,0.44999995827674866
1,2,0.7499999062500118,0.4285713732242584,0.4166666983992189,0.6499999165534973,0.7499999403953552,0.4999999403953552
1,2,0.6249999218750099,0.5714284777641296,0.5916666967325512,0.7222221493721008,0.666666567325592,0.7222221493721008
2,1,0.6249999218750099,0.333333283662796,0.5083333534651104,0.49999991059303284,0.49999991059303284,0.49999991059303284
2,1,0.3749999531250059,0.3999999165534973,0.5000000456214295,0.7777776718139648,0.555555522441864,0.4444443881511688
1,2,0.7499999062500118,0.5714284777641296,0.6458333611111065,0.6190475821495056,0.714285671710968,0.3333333134651184
2,1,0.8749998906250137,0.6249999403953552,0.42460318203583103,0.7058822512626648,0.7058822512626648,0.7058822512626648
2,1,0.8749998906250137,0.6249999403953552,0.5029761910161359,0.8333332538604736,0.4166666269302368,0.4166666269302368
1,2,0.7499999062500118,0.5714284777641296,0.4166666983992189,0.476190447807312,0.8095237612724304,0.1904761791229248
2,1,0.9999998750000157,0.4999999403953552,0.6666666723575572,0.6666666269302368,0.7499999403953552,0.6666666269302368
1,2,0.4999999375000079,0.8571427464485168,0.5000000624999844,0.8571428060531616,0.4999999701976776,0.4999999701976776
2,1,0.7499999062500118,0.5714284777641296,0.5000000416666597,0.615384578704834,0.6923076510429382,0.38461536169052124
1,2,0.7499999062500118,0.5714284777641296,0.41666667457622486,0.6923076510429382,0.38461536169052124,0.4615384340286255
2,1,0.4999999375000079,0.666666567325592,0.3750000624999844,0.6923076510429382,0.6923076510429382,0.4615384340286255
1,2,0.4999999375000079,0.3999999165534973,0.2500000624999844,0.7999999523162842,0.3999999761581421,0.5999999642372131
2,1,0.4999999375000079,0.8571427464485168,0.2500000624999844,0.49999991059303284,0.49999991059303284,0.49999991059303284
2,1,0.3749999531250059,0.8333331942558289,0.3333333888888703,0.7857142090797424,0.6428570747375488,0.4285714030265808
2,1,0.7499999062500118,0.5714284777641296,0.2500000416666597,0.6999999284744263,0.29999998211860657,0.4999999403953552
1,2,0.24999996875000394,0.7999998331069946,0.5000001249999375,0.7894735932350159,0.6315788626670837,0.6315788626670837
2,1,0.4999999375000079,0.666666567325592,0.3750000624999844,0.8999999165534973,0.5999999642372131,0.6999999284744263
1,2,0.4999999375000079,0.5714284777641296,0.5000000624999844,0.9130433797836304,0.4782608151435852,0.30434781312942505
1,2,0.9999998750000157,0.2499999701976776,0.500000031249996,0.6999999284744263,0.5999999642372131,0.44999995827674866
2,1,0.7499999062500118,0.2857142388820648,0.39583336111110645,0.9047618508338928,0.5714285373687744,0.5238094925880432
2,1,0.4999999375000079,0.333333283662796,0.3750000624999844,0.6666666269302368,0.7333332896232605,0.3333333134651184
1,2,0.7499999062500118,0.4999999403953552,0.45833336111110645,0.5499999523162842,0.4999999403953552,0.3999999761581421
1,2,0.6249999218750099,0.7142856121063232,0.5083333534651104,0.7272726893424988,0.6363635659217834,0.45454540848731995
2,1,0.7499999062500118,0.333333283662796,0.4166666983992189,0.7999999523162842,0.5999999642372131,0.4999999403953552
2,1,0.8749998906250137,0.6249999403953552,0.632142883511482,0.8749998807907104,0.3749999701976776,0.4999999403953552
2,1,0.4999999375000079,0.666666567325592,0.3750000624999844,0.666666567325592,0.666666567325592,0.4444443881511688
2,1,0.24999996875000394,0.7999998331069946,0.2500001249999375,0.7999998331069946,0.3999999165534973,0.3999999165534973
1,2,0.24999996875000394,0.666666567325592,0.2500001249999375,0.7499999403953552,0.6666666269302368,0.4166666269302368
2,1,0.7499999062500118,0.4999999403953552,0.5000000416666597,0.7999999523162842,0.6999999284744263,0.5999999642372131
1,2,0.7499999062500118,0.2857142388820648,0.3333333849341005,0.9999999403953552,0.6666666269302368,0.4999999701976776
1,2,0.9999998750000157,0.2499999701976776,0.6041666950712175,0.8571428060531616,0.714285671710968,0.4999999701976776
2,1,0.3749999531250059,0.7142856121063232,0.6666667172551499,0.6666666269302368,0.6666666269302368,0.4166666269302368
2,1,0.7499999062500118,0.8571427464485168,0.4166666983992189,0.6999999284744263,0.4999999403953552,0.29999998211860657
2,1,0.6249999218750099,0.5999999046325684,0.42500003999999203,0.923076868057251,0.5384615063667297,0.8461537957191467
3,1,0.6249999218750099,0.8333331942558289,0.5083333534651104,0.0,0.0,0.0
1,2,0.9999998750000157,0.7499999403953552,0.7083333439912776,0.6249999403953552,0.6874999403953552,0.3749999701976776
1,2,0.3749999531250059,0.9999998211860657,0.5000000456214295,0.6999999284744263,0.29999998211860657,0.3999999761581421
1,2,0.7499999062500118,0.49999991059303284,0.3333333849341005,0.8333332538604736,0.8333332538604736,0.4999999701976776
1,2,0.7499999062500118,0.7142856121063232,0.4166666983992189,0.7999999523162842,0.4999999403953552,0.6999999284744263
1,2,0.9999998750000157,0.6249999403953552,0.43750003124999604,0.7999999523162842,0.19999998807907104,0.29999998211860657
1,2,0.6249999218750099,0.3999999165534973,0.46666669673255123,0.7999999523162842,0.3999999761581421,0.5999999642372131
2,1,0.3749999531250059,0.7999998331069946,0.6666667172551499,0.4999999701976776,0.5833333134651184,0.4166666269302368
2,1,0.8749998906250137,0.4999999403953552,0.6279762059172971,0.9999998807907104,0.555555522441864,0.7777776718139648
1,2,0.24999996875000394,0.9999998807907104,0.5000001249999375,0.5833333134651184,0.6666666269302368,0.5833333134651184
2,1,0.6249999218750099,0.7499999403953552,0.30000003999999203,0.6666664481163025,0.6666664481163025,0.0
2,1,0.6249999218750099,0.333333283662796,0.5083333534651104,0.666666567325592,0.666666567325592,0.166666641831398
2,1,0.7499999062500118,0.6249999403953552,0.6458333611111065,0.9999990463256836,0.9999990463256836,0.0
1,2,0.4999999375000079,0.666666567325592,0.3750000624999844,0.7499999403953552,0.6249999403953552,0.6249999403953552
2,1,0.24999996875000394,0.7999998331069946,0.2500001249999375,0.5999999046325684,0.5999999046325684,0.5999999046325684
1,2,0.6249999218750099,0.49999991059303284,0.30000003999999203,0.9999998211860657,0.5999999046325684,0.3999999165534973
2,1,0.24999996875000394,0.7999998331069946,0.2500001249999375,0.7499998211860657,0.49999988079071045,0.49999988079071045
1,2,0.0,0.9999997615814209,1.0,0.0,0.6666664481163025,0.33333322405815125
1,2,0.7499999062500118,0.166666641831398,0.4166666983992189,0.3999999165534973,0.19999995827674866,0.3999999165534973
1,2,0.7499999062500118,0.4285713732242584,0.5000000416666597,0.8888887763023376,0.666666567325592,0.666666567325592
1,2,0.7499999062500118,0.6249999403953552,0.41666667457622486,0.8181817531585693,0.45454540848731995,0.45454540848731995
1,2,0.3749999531250059,0.3999999165534973,0.5000000456214295,0.9999998211860657,0.5999999046325684,0.19999995827674866
1,2,0.4999999375000079,0.49999991059303284,0.5000000624999844,0.8571427464485168,0.4285713732242584,0.4285713732242584
2,1,0.4999999375000079,0.5714284777641296,0.5000000312499921,0.7499999403953552,0.5833333134651184,0.3333333134651184
1,2,0.7499999062500118,0.2857142388820648,0.4166666983992189,0.7272726893424988,0.6363635659217834,0.5454545021057129
2,1,0.7499999062500118,0.4999999403953552,0.5833333611111065,0.6428570747375488,0.4999999701976776,0.357142835855484
2,1,0.4999999375000079,0.333333283662796,0.3750000624999844,0.8749998807907104,0.6249999403953552,0.6249999403953552
2,1,0.8749998906250137,0.3749999701976776,0.5321428894719464,0.9999997615814209,0.7499998211860657,0.0
1,2,0.9999998750000157,0.2499999701976776,0.43750002343749705,0.6249999403953552,0.8749998807907104,0.7499999403953552
1,3,0.6249999218750099,0.4285713732242584,0.46666669673255123,0.0,0.0,0.0
1,2,0.4999999375000079,0.5714284777641296,0.3750000624999844,0.8749998807907104,0.7499999403953552,0.7499999403953552
1,2,0.7499999062500118,0.4999999403953552,0.5000000416666597,0.666666567325592,0.4444443881511688,0.2222221940755844
1,2,0.8749998906250137,0.1428571194410324,0.507142883511482,0.9999995231628418,0.4999997615814209,0.0
1,2,0.8749998906250137,0.2499999701976776,0.3412698685707126,0.9999997019767761,0.0,0.9999997019767761
1,3,0.24999996875000394,0.7142856121063232,0.2500001249999375,0.0,0.0,0.0
1,3,0.24999996875000394,0.7142856121063232,0.2500001249999375,0.0,0.0,0.0
1,2,0.8749998906250137,0.2499999701976776,0.5079365253032718,0.8571427464485168,0.7142856121063232,0.8571427464485168
1,2,0.4999999375000079,0.6249999403953552,0.3750000624999844,0.0,0.9999995231628418,0.0
1,2,0.4999999375000079,0.5714284777641296,0.37500003124999215,0.8749998807907104,0.4999999403953552,0.4999999403953552
1,2,0.9999998750000157,0.2499999701976776,0.43750003124999604,0.9999997615814209,0.49999988079071045,0.0
1,2,0.4999999375000079,0.5714284777641296,0.6250000312499921,0.9999995231628418,0.4999997615814209,0.9999995231628418
2,1,0.4999999375000079,0.7499999403953552,0.3750000624999844,0.7142856121063232,0.5714284777641296,0.4285713732242584
1,2,0.4999999375000079,0.333333283662796,0.2500000624999844,0.8333331942558289,0.333333283662796,0.333333283662796
1,2,0.7499999062500118,0.1428571194410324,0.4166666983992189,0.611111044883728,0.666666567325592,0.3888888359069824
2,1,0.6249999218750099,0.4999999403953552,0.46666669673255123,0.666666567325592,0.666666567325592,0.666666567325592
2,1,0.6249999218750099,0.4999999403953552,0.30000003999999203,0.9999997019767761,0.0,0.0
2,1,0.4999999375000079,0.4285713732242584,0.3750000624999844,0.6666664481163025,0.6666664481163025,0.33333322405815125
1,2,0.7499999062500118,0.3749999701976776,0.4166666983992189,0.8235293030738831,0.7058822512626648,0.41176465153694153
2,1,0.8749998906250137,0.2499999701976776,0.5079365253032718,0.9999990463256836,0.0,0.9999990463256836
2,1,0.7499999062500118,0.3749999701976776,0.4166666983992189,0.8999999165534973,0.3999999761581421,0.5999999642372131
2,1,0.4999999375000079,0.4285713732242584,0.2500000624999844,0.7777776718139648,0.666666567325592,0.666666567325592
2,1,0.24999996875000394,0.8749998807907104,0.2500001249999375,0.0,0.0,0.0
1,2,0.9999998750000157,0.1249999850988388,0.5208333667049379,0.7272726893424988,0.8181817531585693,0.5454545021057129
2,1,0.24999996875000394,0.7142856121063232,0.5000001249999375,0.666666567325592,0.8888887763023376,0.555555522441864
2,1,0.4999999375000079,0.6249999403953552,0.6250000312499921,0.666666567325592,0.7777776718139648,0.555555522441864
2,1,0.4999999375000079,0.4285713732242584,0.37500003124999215,0.9999998807907104,0.333333283662796,0.7777776718139648
2,1,0.4999999375000079,0.6249999403953552,0.2500000624999844,0.916666567325592,0.6666666269302368,0.7499999403953552
2,1,0.8749998906250137,0.0,0.5029761910161359,0.9999999403953552,0.46666663885116577,0.7333332896232605
3,1,0.7499999062500118,0.2857142388820648,0.666666689477386,0.0,0.0,0.0
2,1,0.4999999375000079,0.7499999403953552,0.3750000624999844,0.7999998331069946,0.7999998331069946,0.5999999046325684
2,1,0.24999996875000394,0.8571427464485168,0.2500001249999375,0.7999999523162842,0.6999999284744263,0.3999999761581421
2,1,0.4999999375000079,0.7499999403953552,0.2500000624999844,0.7999998331069946,0.5999999046325684,0.3999999165534973
2,1,0.8749998906250137,0.3749999701976776,0.2857143163265262,0.7499999403953552,0.5833333134651184,0.3333333134651184
1,2,0.8749998906250137,0.3749999701976776,0.6821428805312497,0.8571428060531616,0.6428570747375488,0.6428570747375488
1,2,0.4999999375000079,0.5714284777641296,0.3750000624999844,0.7857142090797424,0.5714285373687744,0.4999999701976776
1,2,0.6249999218750099,0.6249999403953552,0.30000003999999203,0.7499999403953552,0.7499999403953552,0.2499999701976776
2,1,0.24999996875000394,0.666666567325592,0.2500001249999375,0.9333332777023315,0.7999999523162842,0.6666666269302368
1,2,0.7499999062500118,0.4999999403953552,0.3333333849341005,0.9999998211860657,0.8333331942558289,0.666666567325592
2,1,0.3749999531250059,0.666666567325592,0.6666667172551499,0.9999997019767761,0.6666664481163025,0.6666664481163025
2,1,0.24999996875000394,0.5999999046325684,0.5000001249999375,0.5833333134651184,0.4999999701976776,0.1666666567325592
2,1,0.6249999218750099,0.5714284777641296,0.5916666967325512,0.6363635659217834,0.7272726893424988,0.6363635659217834
2,1,0.6249999218750099,0.5714284777641296,0.5083333534651104,0.7999999523162842,0.6999999284744263,0.3999999761581421
2,1,0.6249999218750099,0.5714284777641296,0.5083333534651104,0.45454540848731995,0.9090908169746399,0.09090908616781235
2,1,0.7499999062500118,0.5714284777641296,0.39583336111110645,0.9999999403953552,0.7272726893424988,0.3636363446712494
2,1,0.4999999375000079,0.666666567325592,0.5000000312499921,0.5999999642372131,0.6999999284744263,0.4999999403953552
1,2,0.4999999375000079,0.8571427464485168,0.6250000312499921,0.6666666269302368,0.6666666269302368,0.5999999642372131
2,1,0.3749999531250059,0.8333331942558289,0.5000000456214295,0.9999998807907104,0.5714284777641296,0.8571427464485168
2,1,0.3749999531250059,0.9999998807907104,0.5000000456214295,0.7857142090797424,0.5714285373687744,0.4999999701976776
2,1,0.24999996875000394,0.8333331942558289,0.2500001249999375,0.8571427464485168,0.4285713732242584,0.7142856121063232
1,2,0.8749998906250137,0.2857142388820648,0.507142883511482,0.7499999403953552,0.7499999403953552,0.2499999701976776
1,2,0.24999996875000394,0.8333331942558289,0.2500001249999375,0.8181817531585693,0.7272726893424988,0.7272726893424988
2,1,0.4999999375000079,0.7142856121063232,0.3750000624999844,0.7499999403953552,0.2499999850988388,0.3333333134651184
2,1,0.8749998906250137,0.2857142388820648,0.6821428805312497,0.666666567325592,0.49999991059303284,0.8333331942558289
1,2,0.4999999375000079,0.7499999403953552,0.3750000624999844,0.5999999642372131,0.5333333015441895,0.2666666507720947
2,1,0.8749998906250137,0.1428571194410324,0.5634920924486194,0.5714285373687744,0.714285671710968,0.4999999701976776
2,1,0.24999996875000394,0.666666567325592,0.5000001249999375,0.9999998211860657,0.49999991059303284,0.166666641831398
1,2,0.6249999218750099,0.4285713732242584,0.5916666967325512,0.5999999642372131,0.6666666269302368,0.5333333015441895
1,2,0.6249999218750099,0.6249999403953552,0.38333335346511044,0.5624999403953552,0.7499999403953552,0.3749999701976776
1,2,0.8749998906250137,0.2499999701976776,0.3412698685707126,0.8461537957191467,0.8461537957191467,0.8461537957191467
2,1,0.0,0.9999998807907104,1.0,0.5999999642372131,0.3999999761581421,0.3999999761581421
2,1,0.3749999531250059,0.5714284777641296,0.5000000456214295,0.4444443881511688,0.555555522441864,0.2222221940755844
1,2,0.4999999375000079,0.4285713732242584,0.2500000624999844,0.6666666269302368,0.5999999642372131,0.5333333015441895
3,1,0.24999996875000394,0.7142856121063232,0.5000001249999375,0.0,0.0,0.0
2,1,0.4999999375000079,0.49999991059303284,0.3750000624999844,0.555555522441864,0.9999998807907104,0.555555522441864
1,2,0.3749999531250059,0.8571427464485168,0.5000000456214295,0.8571427464485168,0.4285713732242584,0.5714284777641296
2,1,0.3749999531250059,0.666666567325592,0.5000000456214295,0.7999999523162842,0.6999999284744263,0.3999999761581421
1,2,0.0,0.9999998211860657,1.0,0.7499999403953552,0.4999999403953552,0.3749999701976776
1,2,0.7499999062500118,0.4285713732242584,0.5833333611111065,0.8181817531585693,0.3636363446712494,0.6363635659217834
1,1,0.4999999375000079,0.5999999046325684,0.7500000312499921,0.6249999403953552,0.5624999403953552,0.2499999701976776
1,2,0.24999996875000394,0.7499998211860657,0.2500001249999375,0.8999999165534973,0.8999999165534973,0.6999999284744263
2,1,0.24999996875000394,0.9999998211860657,0.2500001249999375,0.9090908169746399,0.45454540848731995,0.3636363446712494
1,2,0.4999999375000079,0.5999999046325684,0.2500000624999844,0.8571427464485168,0.7142856121063232,0.5714284777641296
1,2,0.6249999218750099,0.666666567325592,0.5083333534651104,0.5333333015441895,0.5999999642372131,0.19999998807907104
1,2,0.9999998750000157,0.1249999850988388,0.45138888914680186,0.4999999403953552,0.19999998807907104,0.19999998807907104
1,2,0.4999999375000079,0.6249999403953552,0.3750000624999844,0.7499999403953552,0.6666666269302368,0.4999999701976776
2,1,0.6249999218750099,0.4999999403953552,0.30000003999999203,0.8571427464485168,0.5714284777641296,0.5714284777641296
1,1,0.8749998906250137,0.2499999701976776,0.4801587640823398,0.8666666150093079,0.6666666269302368,0.5333333015441895
2,1,0.6249999218750099,0.4999999403953552,0.30000003999999203,0.7499998211860657,0.49999988079071045,0.24999994039535522
3,1,0.6249999218750099,0.3749999701976776,0.38333335346511044,0.0,0.0,0.0
2,1,0.4999999375000079,0.4999999403953552,0.2500000624999844,0.9999998807907104,0.8571427464485168,0.7142856121063232
1,2,0.6249999218750099,0.3749999701976776,0.8000000185098799,0.7999999523162842,0.6999999284744263,0.4999999403953552
1,2,0.24999996875000394,0.7499999403953552,0.2500001249999375,0.7692307233810425,0.615384578704834,0.615384578704834
2,1,0.9999998750000157,0.0,0.47916668017005626,0.7499999403953552,0.4999999403953552,0.6249999403953552
2,1,0.9999998750000157,0.0,0.6041666950712175,0.9199999570846558,0.47999995946884155,0.5999999642372131
1,2,0.3749999531250059,0.6249999403953552,0.5000000456214295,0.8749999403953552,0.4999999701976776,0.458333283662796
1,2,0.8749998906250137,0.1249999850988388,0.5634920924486194,0.7499999403953552,0.5833333134651184,0.458333283662796
1,2,0.24999996875000394,0.7499999403953552,0.2500001249999375,0.6999999284744263,0.6999999284744263,0.34999996423721313
3,1,0.4999999375000079,0.4999999403953552,0.5000000312499921,0.0,0.0,0.0
1,2,0.6249999218750099,0.4999999403953552,0.5916666967325512,0.8333332538604736,0.666666567325592,0.4444443881511688
2,1,0.6249999218750099,0.2857142388820648,0.46666669673255123,0.8823528289794922,0.5882351994514465,0.7058822512626648
2,1,0.24999996875000394,0.8749998807907104,0.5000001249999375,0.8181817531585693,0.7272726893424988,0.45454540848731995
1,2,0.7499999062500118,0.3749999701976776,0.5833333372881124,0.7999999523162842,0.5333333015441895,0.3999999761581421
1,2,0.9999998750000157,0.1249999850988388,0.5347222324142427,0.666666567325592,0.8333332538604736,0.666666567325592
1,2,0.4999999375000079,0.6249999403953552,0.3750000624999844,0.7999999523162842,0.5999999642372131,0.6999999284744263
1,2,0.3749999531250059,0.7499999403953552,0.5000000456214295,0.9090908169746399,0.6363635659217834,0.5454545021057129
1,2,0.7499999062500118,0.3749999701976776,0.4166666983992189,0.8571427464485168,0.7142856121063232,0.8571427464485168
1,1,0.24999996875000394,0.7142856121063232,0.2500001249999375,0.7692307233810425,0.4615384340286255,0.615384578704834
1,2,0.24999996875000394,0.8749998807907104,0.5000001249999375,0.7999999523162842,0.5999999642372131,0.7999999523162842
2,1,0.7499999062500118,0.2857142388820648,0.7500000089218328,0.9999997019767761,0.9999997019767761,0.9999997019767761
1,2,0.7499999062500118,0.2857142388820648,0.5000000416666597,0.7499999403953552,0.8749998807907104,0.2499999701976776
1,2,0.4999999375000079,0.5714284777641296,0.3750000624999844,0.7499998211860657,0.24999994039535522,0.7499998211860657
2,1,0.24999996875000394,0.666666567325592,0.2500001249999375,0.666666567325592,0.666666567325592,0.555555522441864
1,2,0.8749998906250137,0.3749999701976776,0.5079365253032718,0.0,0.0,0.0
4,1,0.24999996875000394,0.666666567325592,0.2500001249999375,0.0,0.0,0.0
2,1,0.6249999218750099,0.166666641831398,0.5916666967325512,0.8421051502227783,0.684210479259491,0.684210479259491
2,1,0.6249999218750099,0.6249999403953552,0.46666669673255123,0.9999998807907104,0.4999999403953552,0.29999998211860657
2,1,0.24999996875000394,0.8571427464485168,0.2500001249999375,0.7499999403953552,0.5624999403953552,0.4999999403953552
2,1,0.6249999218750099,0.6249999403953552,0.46666669673255123,0.7499998211860657,0.7499998211860657,0.49999988079071045
4,1,0.8749998906250137,0.2499999701976776,0.5571428656300885,0.0,0.0,0.0
2,1,0.4999999375000079,0.4285713732242584,0.37500003124999215,0.6428570747375488,0.4285714030265808,0.357142835855484
2,1,0.7499999062500118,0.1428571194410324,0.45833336111110645,0.947368323802948,0.42105257511138916,0.6315788626670837
4,1,0.8749998906250137,0.2499999701976776,0.42460318203583103,0.0,0.0,0.0
2,1,0.7499999062500118,0.3749999701976776,0.4166666983992189,0.5999999046325684,0.7999998331069946,0.5999999046325684
1,2,0.4999999375000079,0.7499999403953552,0.3750000624999844,0.9090908169746399,0.5454545021057129,0.7272726893424988
1,2,0.24999996875000394,0.666666567325592,0.2500001249999375,0.9999999403953552,0.5454545021057129,0.6363635659217834
2,1,0.4999999375000079,0.333333283662796,0.3750000624999844,0.7999999523162842,0.5999999642372131,0.4999999403953552
1,2,0.4999999375000079,0.5714284777641296,0.3750000624999844,0.928571343421936,0.5714285373687744,0.2857142686843872
1,2,0.4999999375000079,0.7499999403953552,0.3750000624999844,0.7999999523162842,0.6666666269302368,0.6666666269302368
1,2,0.9999998750000157,0.1249999850988388,0.5208333667049379,0.7894735932350159,0.8421051502227783,0.6315788626670837
2,1,0.4999999375000079,0.4285713732242584,0.2500000624999844,0.7058822512626648,0.8823528289794922,0.6470587253570557
2,1,0.6249999218750099,0.2857142388820648,0.5083333534651104,0.8124998807907104,0.2499999701976776,0.4999999403953552
1,2,0.4999999375000079,0.4285713732242584,0.2500000624999844,0.5714285373687744,0.6666666269302368,0.3333333134651184
1,2,0.0,0.9999998807907104,1.0,0.8499999046325684,0.3999999761581421,0.44999995827674866
2,1,0.7499999062500118,0.2499999701976776,0.4166666983992189,0.8999999165534973,0.7999999523162842,0.5999999642372131
2,1,0.6249999218750099,0.3749999701976776,0.42500003999999203,0.9999998211860657,0.333333283662796,0.9999998211860657
2,1,0.3749999531250059,0.6249999403953552,0.5000000456214295,0.8947367668151855,0.6315788626670837,0.6315788626670837
2,1,0.7499999062500118,0.2499999701976776,0.5833333611111065,0.9999997615814209,0.7499998211860657,0.49999988079071045
2,1,0.4999999375000079,0.4999999403953552,0.2500000624999844,0.684210479259491,0.473684161901474,0.684210479259491
2,1,0.7499999062500118,0.2499999701976776,0.6458333611111065,0.8666666150093079,0.3333333134651184,0.2666666507720947
1,2,0.7499999062500118,0.2499999701976776,0.4166666983992189,0.5999999642372131,0.4999999403953552,0.19999998807907104
1,2,0.4999999375000079,0.4999999403953552,0.5000000624999844,0.8823528289794922,0.7647057771682739,0.47058817744255066
1,2,0.7499999062500118,0.2499999701976776,0.3333333849341005,0.5999999642372131,0.4999999403953552,0.3999999761581421
1,2,0.8749998906250137,0.1249999850988388,0.6279762059172971,0.9999998211860657,0.8333331942558289,0.8333331942558289
1,2,0.8749998906250137,0.1428571194410324,0.4801587640823398,0.666666567325592,0.8888887763023376,0.7777776718139648
1,2,0.24999996875000394,0.666666567325592,0.5000001249999375,0.9999998211860657,0.7999998331069946,0.7999998331069946
2,1,0.9999998750000157,0.2499999701976776,0.6041666950712175,0.9999999403953552,0.6363635659217834,0.5454545021057129
1,2,0.4999999375000079,0.5714284777641296,0.3750000624999844,0.7777776718139648,0.7777776718139648,0.2222221940755844
1,2,0.7499999062500118,0.2857142388820648,0.45833336111110645,0.7499999403953552,0.3749999701976776,0.6249999403953552
1,2,0.6249999218750099,0.4285713732242584,0.42500003999999203,0.8749998807907104,0.5624999403953552,0.4374999403953552
2,1,0.3749999531250059,0.7142856121063232,0.3333333888888703,0.8666666150093079,0.46666663885116577,0.2666666507720947
1,2,0.6249999218750099,0.4285713732242584,0.38333335346511044,0.5714285373687744,0.8571428060531616,0.2857142686843872
2,1,0.4999999375000079,0.5714284777641296,0.3750000624999844,0.666666567325592,0.666666567325592,0.4444443881511688
2,1,0.4999999375000079,0.5714284777641296,0.3750000624999844,0.7499999403953552,0.7499999403953552,0.7499999403953552
1,2,0.6249999218750099,0.4999999403953552,0.42500003999999203,0.7857142090797424,0.6428570747375488,0.6428570747375488
1,2,0.4999999375000079,0.6249999403953552,0.3750000624999844,0.9999997615814209,0.7499998211860657,0.9999997615814209
2,1,0.8749998906250137,0.2499999701976776,0.6488095342835767,0.4999999701976776,0.714285671710968,0.4999999701976776
1,2,0.6249999218750099,0.2857142388820648,0.46666669673255123,0.9999998807907104,0.3749999701976776,0.6249999403953552
1,2,0.3749999531250059,0.7499999403953552,0.5000000456214295,0.7857142090797424,0.714285671710968,0.5714285373687744
2,1,0.7499999062500118,0.3749999701976776,0.2500000416666597,0.8333331942558289,0.666666567325592,0.333333283662796
2,1,0.6249999218750099,0.2857142388820648,0.6000000080790671,0.6428570747375488,0.714285671710968,0.4999999701976776
2,1,0.7499999062500118,0.3749999701976776,0.666666689477386,0.7499999403953552,0.8333332538604736,0.3333333134651184
2,1,0.7499999062500118,0.3749999701976776,0.5833333611111065,0.5454545021057129,0.1818181723356247,0.09090908616781235
3,1,0.3749999531250059,0.5714284777641296,0.3333333888888703,0.0,0.0,0.0
1,2,0.9999998750000157,0.0,0.43750003124999604,0.8749998807907104,0.3749999701976776,0.4999999403953552
1,2,0.3749999531250059,0.6249999403953552,0.5000000456214295,0.6363635659217834,0.6363635659217834,0.45454540848731995
1,2,0.7499999062500118,0.2499999701976776,0.4166666983992189,0.8181817531585693,0.45454540848731995,0.7272726893424988
1,2,0.8749998906250137,0.1249999850988388,0.2857143163265262,0.8333331942558289,0.166666641831398,0.49999991059303284
2,1,0.24999996875000394,0.7499999403953552,0.2500001249999375,0.615384578704834,0.6923076510429382,0.38461536169052124
1,2,0.9999998750000157,0.1249999850988388,0.500000031249996,0.6190475821495056,0.6666666269302368,0.5238094925880432
2,1,0.4999999375000079,0.6249999403953552,0.3750000624999844,0.8999999165534973,0.4999999403953552,0.5499999523162842
2,1,0.6249999218750099,0.4999999403953552,0.30000003999999203,0.7857142090797424,0.4999999701976776,0.357142835855484
1,2,0.24999996875000394,0.7142856121063232,0.2500001249999375,0.863636314868927,0.5454545021057129,0.6363635659217834
1,2,0.3749999531250059,0.7499999403953552,0.5000000456214295,0.7083332538604736,0.6249999403953552,0.4999999701976776
2,1,0.9999998750000157,0.1249999850988388,0.37500003124999604,0.7777776718139648,0.611111044883728,0.611111044883728
2,1,0.3749999531250059,0.5714284777641296,0.5000000456214295,0.4999999701976776,0.6428570747375488,0.357142835855484
2,1,0.8749998906250137,0.2499999701976776,0.6279762059172971,0.8571428060531616,0.5714285373687744,0.7857142090797424
3,1,0.7499999062500118,0.3749999701976776,0.666666689477386,0.0,0.0,0.0
2,1,0.4999999375000079,0.6249999403953552,0.5000000624999844,0.6428570747375488,0.5714285373687744,0.3214285373687744
1,2,0.24999996875000394,0.5999999046325684,0.2500001249999375,0.8928570747375488,0.5714285373687744,0.5357142686843872
2,1,0.6249999218750099,0.7499999403953552,0.38333335346511044,0.6874999403953552,0.5624999403953552,0.3749999701976776
5,1,0.4999999375000079,0.7142856121063232,0.2500000624999844,0.0,0.0,0.0
2,1,0.24999996875000394,0.8333331942558289,0.2500001249999375,0.6249999403953552,0.6874999403953552,0.4374999403953552
2,1,0.4999999375000079,0.7142856121063232,0.3750000624999844,0.5714285373687744,0.5714285373687744,0.4285714030265808
1,2,0.6249999218750099,0.7499999403953552,0.30000003999999203,0.7333332896232605,0.5333333015441895,0.5333333015441895
2,1,0.24999996875000394,0.5999999046325684,0.2500001249999375,0.7368420362472534,0.31578943133354187,0.5789473056793213
2,1,0.9999998750000157,0.3749999701976776,0.6041666950712175,0.7727271914482117,0.6818181276321411,0.6363635659217834
2,1,0.6249999218750099,0.5714284777641296,0.38333335346511044,0.5454545021057129,0.8181817531585693,0.3181817829608917
2,1,0.8749998906250137,0.4999999403953552,0.39682539101257663,0.6499999165534973,0.6499999165534973,0.44999995827674866
1,2,0.4999999375000079,0.4285713732242584,0.3750000624999844,0.7647057771682739,0.29411759972572327,0.3529411256313324
1,2,0.4999999375000079,0.4285713732242584,0.3750000624999844,0.7599999308586121,0.7199999690055847,0.559999942779541
1,2,0.7499999062500118,0.3749999701976776,0.5000000416666597,0.7333332896232605,0.3333333134651184,0.3333333134651184
1,2,0.9999998750000157,0.1249999850988388,0.6041666950712175,0.952380895614624,0.4285714030265808,0.6666666269302368
2,1,0.24999996875000394,0.7142856121063232,0.5000001249999375,0.7499999403953552,0.5499999523162842,0.3999999761581421
2,1,0.3749999531250059,0.5714284777641296,0.5000000456214295,0.8235293030738831,0.5294117331504822,0.5882351994514465
2,1,0.9999998750000157,0.1249999850988388,0.45138888914680186,0.666666567325592,0.49999991059303284,0.49999991059303284
2,1,0.6249999218750099,0.2857142388820648,0.42500003999999203,0.8749998807907104,0.4999999403953552,0.4999999403953552
2,1,0.3749999531250059,0.5714284777641296,0.3333333888888703,0.6428570747375488,0.357142835855484,0.357142835855484
2,1,0.0,0.9999998807907104,1.0,0.9999998211860657,0.666666567325592,0.0
2,1,0.4999999375000079,0.4999999403953552,0.2500000624999844,0.7407407164573669,0.6296296119689941,0.4814814329147339
2,1,0.9999998750000157,0.0,0.8750000078124991,0.9999999403953552,0.8333332538604736,0.9999999403953552
1,2,0.6249999218750099,0.3749999701976776,0.5083333534651104,0.7499999403953552,0.5416666269302368,0.3749999701976776
1,2,0.8749998906250137,0.1249999850988388,0.6821428805312497,0.7894735932350159,0.7368420362472534,0.42105257511138916
1,2,0.4999999375000079,0.4999999403953552,0.3750000624999844,0.8695651292800903,0.6521738767623901,0.6521738767623901
1,2,0.7499999062500118,0.2499999701976776,0.4166666983992189,0.6249999403953552,0.7499999403953552,0.3749999701976776
1,2,0.4999999375000079,0.4999999403953552,0.5000000624999844,0.7499998211860657,0.49999988079071045,0.7499998211860657
2,1,0.24999996875000394,0.7499999403953552,0.2500001249999375,0.7777776718139648,0.555555522441864,0.666666567325592
1,2,0.8749998906250137,0.1249999850988388,0.42460318203583103,0.8571427464485168,0.7142856121063232,0.5714284777641296
1,2,0.24999996875000394,0.7499999403953552,0.2500001249999375,0.7499999403953552,0.7499999403953552,0.4999999403953552
2,1,0.9999998750000157,0.2499999701976776,0.45138888914680186,0.8823528289794922,0.5882351994514465,0.6470587253570557
1,2,0.4999999375000079,0.5714284777641296,0.3750000624999844,0.6999999284744263,0.8999999165534973,0.4999999403953552
1,2,0.7499999062500118,0.2857142388820648,0.3333333849341005,0.5624999403953552,0.6249999403953552,0.3124999701976776
1,2,0.8749998906250137,0.3749999701976776,0.42460318203583103,0.7999999523162842,0.6999999284744263,0.4999999403953552
1,2,0.8749998906250137,0.3749999701976776,0.5079365253032718,0.8333332538604736,0.4444443881511688,0.555555522441864
1,2,0.6249999218750099,0.5714284777641296,0.30000003999999203,0.75,0.625,0.53125
1,2,0.9999998750000157,0.3749999701976776,0.5208333667049379,0.7599999308586121,0.47999995946884155,0.6399999260902405
1,2,0.0,0.9999998211860657,1.0,0.7272727489471436,0.6666666865348816,0.3333333432674408
1,2,0.6249999218750099,0.5714284777641296,0.5083333534651104,0.7931033968925476,0.6551723480224609,0.517241358757019
2,1,0.8749998906250137,0.2857142388820648,0.5634920924486194,0.7894737124443054,0.6578947305679321,0.6052631735801697
2,1,0.24999996875000394,0.7142856121063232,0.5000001249999375,0.7999998331069946,0.3999999165534973,0.3999999165534973
1,2,0.4999999375000079,0.4285713732242584,0.3750000624999844,0.7941176295280457,0.529411792755127,0.529411792755127
1,2,0.8749998906250137,0.2499999701976776,0.4801587640823398,0.7241379022598267,0.7931033968925476,0.517241358757019
1,2,0.9999998750000157,0.1249999850988388,0.45833332909011637,0.6428570747375488,0.5714285373687744,0.714285671710968
1,2,0.4999999375000079,0.6249999403953552,0.5000000624999844,0.5999999642372131,0.3999999761581421,0.5999999642372131
1,2,0.8749998906250137,0.3749999701976776,0.6488095342835767,0.6428570747375488,0.6428570747375488,0.5714285373687744
1,2,0.24999996875000394,0.666666567325592,0.5000001249999375,0.8333331942558289,0.666666567325592,0.8333331942558289
1,2,0.4999999375000079,0.7499999403953552,0.37500003124999215,0.7499999403953552,0.4166666269302368,0.4999999701976776
1,2,0.6249999218750099,0.4285713732242584,0.8000000185098799,0.7999998331069946,0.5999999046325684,0.7999998331069946
1,2,0.8749998906250137,0.3749999701976776,0.39682539101257663,0.5714284777641296,0.5714284777641296,0.0
1,2,0.4999999375000079,0.6249999403953552,0.3750000624999844,0.714285671710968,0.4285714030265808,0.2857142686843872
1,2,0.7499999062500118,0.3749999701976776,0.3333333849341005,0.7894735932350159,0.6315788626670837,0.42105257511138916
1,2,0.24999996875000394,0.7142856121063232,0.2500001249999375,0.7222221493721008,0.7222221493721008,0.4444443881511688
1,2,0.0,0.9999998807907104,1.0,0.8823528289794922,0.6470587253570557,0.47058817744255066
2,1,0.9999998750000157,0.1249999850988388,0.6041666950712175,0.9999999403953552,0.46666663885116577,0.5999999642372131
2,1,0.9999998750000157,0.4999999403953552,0.6041666950712175,0.6428570747375488,0.357142835855484,0.357142835855484
2,1,0.6249999218750099,0.7142856121063232,0.46666669673255123,0.7999998331069946,0.7999998331069946,0.7999998331069946
2,1,0.8749998906250137,0.6249999403953552,0.42460318203583103,0.6249999403953552,0.4999999403953552,0.3749999701976776
4,1,0.6249999218750099,0.19999995827674866,0.30000003999999203,0.0,0.0,0.0
2,1,0.7499999062500118,0.5714284777641296,0.4166666983992189,0.8499999046325684,0.6499999165534973,0.7999999523162842
2,1,0.6249999218750099,0.7142856121063232,0.5083333534651104,0.5999999642372131,0.4999999403953552,0.4999999403953552
1,2,0.8749998906250137,0.6249999403953552,0.5079365253032718,0.8571427464485168,0.8571427464485168,0.2857142388820648
2,1,0.4999999375000079,0.8571427464485168,0.2500000624999844,0.8333331942558289,0.0,0.333333283662796
2,1,0.7499999062500118,0.5714284777641296,0.2500000416666597,0.8888887763023376,0.333333283662796,0.666666567325592
1,2,0.6249999218750099,0.49999991059303284,0.46666669673255123,0.7272726893424988,0.6363635659217834,0.45454540848731995
2,1,0.24999996875000394,0.7142856121063232,0.2500001249999375,0.7499999403953552,0.5499999523162842,0.5499999523162842
2,1,0.9999998750000157,0.1249999850988388,0.5208333667049379,0.6799999475479126,0.7199999690055847,0.47999995946884155
2,1,0.24999996875000394,0.8749998807907104,0.2500001249999375,0.3999999165534973,0.9999998211860657,0.19999995827674866
2,1,0.4999999375000079,0.4285713732242584,0.6250000312499921,0.6363635659217834,0.5454545021057129,0.6363635659217834
2,1,0.24999996875000394,0.7142856121063232,0.2500001249999375,0.9999995231628418,0.9999995231628418,0.9999995231628418
2,1,0.7499999062500118,0.5714284777641296,0.5000000416666597,0.7499998211860657,0.49999988079071045,0.24999994039535522
1,2,0.4999999375000079,0.666666567325592,0.5000000624999844,0.8181817531585693,0.5454545021057129,0.6363635659217834
2,1,0.9999998750000157,0.4999999403953552,0.6041666950712175,0.8888887763023376,0.555555522441864,0.333333283662796
1,2,0.6249999218750099,0.49999991059303284,0.7000000170197638,0.8888887763023376,0.2222221940755844,0.555555522441864
1,2,0.6249999218750099,0.7142856121063232,0.46666669673255123,0.9090908169746399,0.27272725105285645,0.45454540848731995
5,1,0.4999999375000079,0.4285713732242584,0.7500000312499921,0.0,0.0,0.0
2,1,0.6249999218750099,0.2857142388820648,0.42500003999999203,0.6249999403953552,0.7499999403953552,0.3749999701976776
2,1,0.8749998906250137,0.2499999701976776,0.3412698685707126,0.7499998211860657,0.7499998211860657,0.49999988079071045
2,1,0.6249999218750099,0.2857142388820648,0.38333335346511044,0.916666567325592,0.5833333134651184,0.6666666269302368
2,1,0.9999998750000157,0.1249999850988388,0.6041666950712175,0.7777776718139648,0.611111044883728,0.4444443881511688
2,1,0.9999998750000157,0.1249999850988388,0.5347222324142427,0.5999999642372131,0.7999999523162842,0.5999999642372131
3,1,0.7499999062500118,0.1428571194410324,0.4166666983992189,0.0,0.0,0.0
2,1,0.8749998906250137,0.2499999701976776,0.632142883511482,0.6666664481163025,0.9999997019767761,0.33333322405815125
2,1,0.8749998906250137,0.2499999701976776,0.42460318203583103,0.9999998807907104,0.5624999403953552,0.4374999403953552
2,1,0.4999999375000079,0.6249999403953552,0.7500000312499921,0.666666567325592,0.8333331942558289,0.666666567325592
1,3,0.6249999218750099,0.49999991059303284,0.42500003999999203,0.0,0.0,0.0
1,3,0.4999999375000079,0.8571427464485168,0.3750000624999844,0.0,0.0,0.0
1,3,0.4999999375000079,0.666666567325592,0.5000000312499921,0.0,0.0,0.0
1,3,0.7499999062500118,0.5714284777641296,0.3333333849341005,0.0,0.0,0.0
1,2,0.24999996875000394,0.7999998331069946,0.2500001249999375,0.3999999165534973,0.7999998331069946,0.3999999165534973
1,2,0.24999996875000394,0.8571427464485168,0.2500001249999375,0.9999999403953552,0.4166666269302368,0.6666666269302368
1,2,0.7499999062500118,0.4999999403953552,0.4166666983992189,0.8333332538604736,0.4999999403953552,0.666666567325592
1,2,0.3749999531250059,0.8749998807907104,0.5000000456214295,0.6999999284744263,0.5999999642372131,0.5999999642372131
2,1,0.7499999062500118,0.2857142388820648,0.3333333849341005,0.7999998331069946,0.5999999046325684,0.5999999046325684
1,2,0.6249999218750099,0.4285713732242584,0.5083333534651104,0.3999999761581421,0.8666666150093079,0.3333333134651184
1,2,0.7499999062500118,0.6249999403953552,0.6458333611111065,0.7999999523162842,0.5999999642372131,0.29999998211860657
1,2,0.24999996875000394,0.8333331942558289,0.2500001249999375,0.8181817531585693,0.5454545021057129,0.7272726893424988
1,2,0.4999999375000079,0.7142856121063232,0.3750000624999844,0.714285671710968,0.4285714030265808,0.5714285373687744
1,1,0.24999996875000394,0.5999999046325684,0.2500001249999375,0.6249999403953552,0.9374998807907104,0.6249999403953552
1,2,0.6249999218750099,0.5714284777641296,0.46666669673255123,0.7272726893424988,0.7272726893424988,0.3636363446712494
2,1,0.4999999375000079,0.49999991059303284,0.3750000624999844,0.9999998211860657,0.3999999165534973,0.5999999046325684
1,3,0.9999998750000157,0.3749999701976776,0.6583333469715098,0.0,0.0,0.0
2,1,0.7499999062500118,0.6249999403953552,0.7500000089218328,0.9999998211860657,0.9999998211860657,0.5999999046325684
1,3,0.3749999531250059,0.666666567325592,0.5000000456214295,0.0,0.0,0.0
3,1,0.9999998750000157,0.3749999701976776,0.562500023437497,0.0,0.0,0.0
1,2,0.4999999375000079,0.5714284777641296,0.6250000312499921,0.6666664481163025,0.9999997019767761,0.6666664481163025
1,2,0.6249999218750099,0.4285713732242584,0.30000003999999203,0.9999998211860657,0.49999991059303284,0.666666567325592
1,2,0.6249999218750099,0.4285713732242584,0.38333335346511044,0.8749998807907104,0.6249999403953552,0.4999999403953552
1,2,0.7499999062500118,0.2857142388820648,0.3333333849341005,0.9999998807907104,0.7499999403953552,0.6249999403953552
1,2,0.3749999531250059,0.8749998807907104,0.6666667172551499,0.9999997019767761,0.33333322405815125,0.6666664481163025
2,1,0.6249999218750099,0.4285713732242584,0.5916666967325512,0.8333332538604736,0.5833333134651184,0.8333332538604736
1,2,0.4999999375000079,0.333333283662796,0.3750000624999844,0.7499999403953552,0.5833333134651184,0.4166666269302368
1,2,0.3749999531250059,0.7142856121063232,0.5000000456214295,0.8333331942558289,0.666666567325592,0.333333283662796
1,2,0.3749999531250059,0.49999991059303284,0.5000000456214295,0.7272726893424988,0.45454540848731995,0.5454545021057129
1,2,0.6249999218750099,0.4285713732242584,0.30000003999999203,0.8181817531585693,0.7272726893424988,0.45454540848731995
1,2,0.4999999375000079,0.19999995827674866,0.2500000624999844,0.6666666269302368,0.7499999403953552,0.4166666269302368
1,2,0.4999999375000079,0.49999991059303284,0.2500000624999844,0.49999991059303284,0.49999991059303284,0.166666641831398
1,2,0.6249999218750099,0.333333283662796,0.30000003999999203,0.9999998807907104,0.555555522441864,0.333333283662796
1,2,0.6249999218750099,0.5714284777641296,0.42500003999999203,0.5999999046325684,0.3999999165534973,0.19999995827674866
2,1,0.7499999062500118,0.4285713732242584,0.666666689477386,0.9999998211860657,0.9999998211860657,0.7999998331069946
1,2,0.9999998750000157,0.1249999850988388,0.5208333667049379,0.0,0.0,0.0
1,2,0.24999996875000394,0.7142856121063232,0.5000001249999375,0.9999998211860657,0.49999991059303284,0.666666567325592
1,2,0.9999998750000157,0.1249999850988388,0.45138888914680186,0.4999997615814209,0.0,0.4999997615814209
1,2,0.24999996875000394,0.7142856121063232,0.2500001249999375,0.9999997019767761,0.0,0.6666664481163025
2,1,0.4999999375000079,0.6249999403953552,0.3750000624999844,0.8571427464485168,0.7142856121063232,0.5714284777641296
1,2,0.3749999531250059,0.666666567325592,0.3333333888888703,0.9999997019767761,0.6666664481163025,0.9999997019767761
1,2,0.9999998750000157,0.3749999701976776,0.7083333439912776,0.6249999403953552,0.7499999403953552,0.3749999701976776
1,2,0.8749998906250137,0.2857142388820648,0.6821428805312497,0.0,0.0,0.0
1,3,0.8749998906250137,0.4999999403953552,0.6279762059172971,0.0,0.0,0.0
1,2,0.4999999375000079,0.49999991059303284,0.3750000624999844,0.7999998331069946,0.5999999046325684,0.5999999046325684
1,2,0.9999998750000157,0.2499999701976776,0.6041666950712175,0.4999997615814209,0.9999995231628418,0.4999997615814209
1,2,0.4999999375000079,0.5714284777641296,0.3750000624999844,0.7999998331069946,0.3999999165534973,0.9999998211860657
1,2,0.4999999375000079,0.333333283662796,0.3750000624999844,0.9999998211860657,0.666666567325592,0.666666567325592
1,3,0.4999999375000079,0.5714284777641296,0.5000000624999844,0.0,0.0,0.0
1,3,0.7499999062500118,0.2857142388820648,0.2500000416666597,0.0,0.0,0.0
1,2,0.3749999531250059,0.7142856121063232,0.3333333888888703,0.7499998211860657,0.49999988079071045,0.7499998211860657
1,2,0.7499999062500118,0.2857142388820648,0.3333333849341005,0.9999997019767761,0.6666664481163025,0.6666664481163025
1,3,0.24999996875000394,0.8571427464485168,0.2500001249999375,0.0,0.0,0.0
1,2,0.4999999375000079,0.5714284777641296,0.7500000312499921,0.0,0.0,0.0
2,1,0.24999996875000394,0.666666567325592,0.2500001249999375,0.7499998211860657,0.49999988079071045,0.7499998211860657
2,1,0.24999996875000394,0.666666567325592,0.2500001249999375,0.8333332538604736,0.4166666269302368,0.4166666269302368
1,3,0.4999999375000079,0.5714284777641296,0.2500000624999844,0.0,0.0,0.0
1,2,0.6249999218750099,0.6249999403953552,0.30000003999999203,0.5999999046325684,0.5999999046325684,0.19999995827674866
1,2,0.3749999531250059,0.49999991059303284,0.5000000456214295,0.7499998211860657,0.24999994039535522,0.49999988079071045
1,2,0.4999999375000079,0.333333283662796,0.5000000624999844,0.9999997019767761,0.9999997019767761,0.6666664481163025
1,2,0.8749998906250137,0.1249999850988388,0.4523809730590854,0.3999999165534973,0.7999998331069946,0.19999995827674866
2,1,0.24999996875000394,0.7499999403953552,0.2500001249999375,0.6249999403953552,0.8749998807907104,0.4999999403953552
1,2,0.4999999375000079,0.4999999403953552,0.6250000312499921,0.9999995231628418,0.0,0.9999995231628418
1,3,0.9999998750000157,0.0,0.6041666950712175,0.0,0.0,0.0
1,3,0.6249999218750099,0.3749999701976776,0.38333335346511044,0.0,0.0,0.0
1,3,0.4999999375000079,0.333333283662796,0.2500000624999844,0.0,0.0,0.0
1,2,0.3749999531250059,0.7142856121063232,0.5000000456214295,0.7499998211860657,0.49999988079071045,0.7499998211860657
1,1,0.24999996875000394,0.666666567325592,0.2500001249999375,0.7777776718139648,0.555555522441864,0.333333283662796
2,1,0.7499999062500118,0.2857142388820648,0.6458333611111065,0.9999997019767761,0.33333322405815125,0.6666664481163025
1,2,0.3749999531250059,0.49999991059303284,0.5000000456214295,0.33333322405815125,0.6666664481163025,0.33333322405815125
1,2,0.4999999375000079,0.4285713732242584,0.3750000624999844,0.0,0.0,0.0
1,2,0.6249999218750099,0.4999999403953552,0.30000003999999203,0.0,0.0,0.0
2,1,0.6249999218750099,0.4999999403953552,0.5083333534651104,0.9999998211860657,0.9999998211860657,0.7999998331069946
1,3,0.4999999375000079,0.6249999403953552,0.2500000624999844,0.0,0.0,0.0
1,3,0.4999999375000079,0.4285713732242584,0.2500000624999844,0.0,0.0,0.0
1,2,0.4999999375000079,0.4999999403953552,0.5000000312499921,0.0,0.0,0.0
1,3,0.8749998906250137,0.1249999850988388,0.4523809730590854,0.0,0.0,0.0
1,2,0.4999999375000079,0.4999999403953552,0.2500000624999844,0.7499999403953552,0.4999999403953552,0.7499999403953552
1,2,0.7499999062500118,0.2499999701976776,0.2500000416666597,0.6249999403953552,0.6249999403953552,0.2499999701976776
2,1,0.24999996875000394,0.7499999403953552,0.2500001249999375,0.8999999165534973,0.4999999403953552,0.5999999642372131
1,2,0.3749999531250059,0.49999991059303284,0.3333333888888703,0.0,0.0,0.0
1,2,0.4999999375000079,0.5714284777641296,0.3750000624999844,0.0,0.0,0.0
1,2,0.7499999062500118,0.0,0.5833333611111065,0.0,0.0,0.0
1,2,0.6249999218750099,0.6249999403953552,0.46666669673255123,0.9999997019767761,0.33333322405815125,0.0
1,2,0.8749998906250137,0.1428571194410324,0.4523809730590854,0.5999999046325684,0.9999998211860657,0.19999995827674866
1,2,0.0,0.9999998211860657,1.0,0.7999999523162842,0.5999999642372131,0.6499999165534973
2,1,0.3749999531250059,0.49999991059303284,0.6666667172551499,0.6666666269302368,0.5333333015441895,0.3333333134651184
1,2,0.6249999218750099,0.6249999403953552,0.5083333534651104,0.7727271914482117,0.5909090638160706,0.5909090638160706
1,1,0.6249999218750099,0.4285713732242584,0.5916666967325512,0.7499999403953552,0.7916666269302368,0.3749999701976776
2,1,0.9999998750000157,0.2499999701976776,0.750000015624998,0.9999999403953552,0.7272726893424988,0.5454545021057129
2,1,0.8749998906250137,0.4285713732242584,0.582142871590553,0.9999998807907104,0.7499999403953552,0.7499999403953552
2,1,0.3749999531250059,0.8333331942558289,0.3333333888888703,0.7499999403953552,0.7499999403953552,0.4999999701976776
2,1,0.6249999218750099,0.7142856121063232,0.30000003999999203,0.9999997615814209,0.49999988079071045,0.7499998211860657
2,1,0.9999998750000157,0.4999999403953552,0.47916668017005626,0.8749998807907104,0.2499999701976776,0.6249999403953552
2,1,0.7499999062500118,0.333333283662796,0.6458333611111065,0.5833333134651184,0.3333333134651184,0.2499999850988388
1,1,0.8749998906250137,0.4999999403953552,0.4801587640823398,0.6938775777816772,0.6938775777816772,0.5510203838348389
2,1,0.24999996875000394,0.9999998807907104,0.2500001249999375,0.800000011920929,0.6000000238418579,0.5142857432365417
2,1,0.6249999218750099,0.333333283662796,0.30000003999999203,0.800000011920929,0.5142857432365417,0.4571428596973419
2,1,0.6249999218750099,0.5714284777641296,0.42500003999999203,0.8620688915252686,0.4827585816383362,0.7241379022598267
2,1,0.7499999062500118,0.6249999403953552,0.41666667457622486,0.8285714387893677,0.4000000059604645,0.5142857432365417
2,1,0.6249999218750099,0.6249999403953552,0.38333335346511044,0.9999990463256836,0.9999990463256836,0.9999990463256836
2,1,0.9999998750000157,0.2499999701976776,0.7083333439912776,0.9411763548851013,0.5294117331504822,0.6470587253570557
2,1,0.9999998750000157,0.2499999701976776,0.6041666950712175,0.9090908169746399,0.5909090638160706,0.7272726893424988
2,1,0.4999999375000079,0.5714284777641296,0.3750000624999844,0.7499999403953552,0.5833333134651184,0.4999999701976776
2,1,0.9999998750000157,0.2499999701976776,0.7083333439912776,0.7272726893424988,0.8181817531585693,0.45454540848731995
2,1,0.24999996875000394,0.8749998807907104,0.2500001249999375,0.714285671710968,0.7619047164916992,0.5714285373687744
1,2,0.7499999062500118,0.3749999701976776,0.2500000416666597,0.8571428060531616,0.7857142090797424,0.357142835855484
2,1,0.3749999531250059,0.7499999403953552,0.3333333888888703,0.8823528289794922,0.47058817744255066,0.5294117331504822
2,1,0.8749998906250137,0.2499999701976776,0.5079365253032718,0.7999999523162842,0.5999999642372131,0.5999999642372131
2,1,0.7499999062500118,0.1428571194410324,0.3333333849341005,0.7999999523162842,0.6666666269302368,0.3999999761581421
1,2,0.9999998750000157,0.4999999403953552,0.43750003124999604,0.761904776096344,0.6904761791229248,0.3571428656578064
2,1,0.8749998906250137,0.6249999403953552,0.6279762059172971,0.8275861740112305,0.6896551251411438,0.7241379022598267
2,1,0.6249999218750099,0.8749998807907104,0.38333335346511044,0.7142856121063232,0.5714284777641296,0.4285713732242584
2,1,0.4999999375000079,0.666666567325592,0.6250000312499921,0.8780487775802612,0.5365853905677795,0.6341463327407837
1,2,0.8749998906250137,0.6249999403953552,0.369047659593967,0.774193525314331,0.5483870506286621,0.35483869910240173
3,1,0.4999999375000079,0.6249999403953552,0.2500000624999844,0.0,0.0,0.0
2,1,0.4999999375000079,0.6249999403953552,0.3750000624999844,0.7499999403953552,0.4999999403953552,0.4999999403953552
1,2,0.4999999375000079,0.4285713732242584,0.2500000624999844,0.6666666269302368,0.4999999701976776,0.4166666269302368
3,1,0.6249999218750099,0.2857142388820648,0.38333335346511044,0.0,0.0,0.0
1,2,0.7499999062500118,0.1428571194410324,0.45833336111110645,0.7857142090797424,0.6428570747375488,0.4285714030265808
2,1,0.4999999375000079,0.8333331942558289,0.2500000624999844,0.7692307233810425,0.6923076510429382,0.307692289352417
2,1,0.8749998906250137,0.5714284777641296,0.3412698685707126,0.8333332538604736,0.666666567325592,0.4999999403953552
1,2,0.24999996875000394,0.33333322405815125,0.5000001249999375,0.8333332538604736,0.4999999701976776,0.7499999403953552
1,2,0.24999996875000394,0.7499998211860657,0.5000001249999375,0.9999998807907104,0.6249999403953552,0.7499999403953552
1,2,0.8749998906250137,0.5714284777641296,0.42460318203583103,0.8124998807907104,0.5624999403953552,0.3124999701976776
2,1,0.7499999062500118,0.333333283662796,0.5000000416666597,0.7857142686843872,0.7142857313156128,0.6190476417541504
5,1,0.4999999375000079,0.8571427464485168,0.2500000624999844,0.0,0.0,0.0
4,1,0.4999999375000079,0.8571427464485168,0.2500000624999844,0.0,0.0,0.0
1,2,0.3749999531250059,0.24999994039535522,0.5000000456214295,0.7179487347602844,0.6666666865348816,0.5384615659713745
1,2,0.7499999062500118,0.333333283662796,0.666666689477386,0.7346938848495483,0.5510203838348389,0.36734694242477417
2,1,0.4999999375000079,0.5999999046325684,0.3750000624999844,0.714285671710968,0.5714285373687744,0.4999999701976776
2,1,0.4999999375000079,0.5999999046325684,0.3750000624999844,0.7857142686843872,0.6904761791229248,0.523809552192688
1,2,0.8749998906250137,0.5714284777641296,0.5654761910161359,0.800000011920929,0.4888888895511627,0.5555555820465088
2,1,0.4999999375000079,0.8333331942558289,0.2500000624999844,0.7954545617103577,0.5909090638160706,0.5454545617103577
1,2,0.6249999218750099,0.3999999165534973,0.400000019999996,0.8157894611358643,0.6578947305679321,0.42105263471603394
1,2,0.3749999531250059,0.6249999403953552,0.5000000456214295,0.9999998211860657,0.49999991059303284,0.8333331942558289
1,2,0.8749998906250137,0.1249999850988388,0.5634920924486194,0.9999998807907104,0.7142856121063232,0.5714284777641296
1,2,0.4999999375000079,0.4999999403953552,0.37500003124999215,0.7777776718139648,0.555555522441864,0.333333283662796
1,2,0.8749998906250137,0.1249999850988388,0.5634920924486194,0.9999997615814209,0.9999997615814209,0.7499998211860657
1,2,0.4999999375000079,0.4999999403953552,0.2500000624999844,0.9090908169746399,0.27272725105285645,0.9090908169746399
2,1,0.8749998906250137,0.3749999701976776,0.5634920924486194,0.9999999403953552,0.5833333134651184,0.7499999403953552
2,1,0.6249999218750099,0.166666641831398,0.30000003999999203,0.9999998211860657,0.7999998331069946,0.9999998211860657
2,1,0.7499999062500118,0.4999999403953552,0.3333333849341005,0.8888887763023376,0.555555522441864,0.555555522441864
2,1,0.4999999375000079,0.5714284777641296,0.2500000624999844,0.8888887763023376,0.666666567325592,0.333333283662796
2,1,0.7499999062500118,0.2857142388820648,0.41666667457622486,0.9999997615814209,0.24999994039535522,0.24999994039535522
1,2,0.4999999375000079,0.8571427464485168,0.2500000624999844,0.916666567325592,0.4999999701976776,0.6666666269302368
3,1,0.7499999062500118,0.7499999403953552,0.666666689477386,0.0,0.0,0.0
2,1,0.7499999062500118,0.5714284777641296,0.5000000178436657,0.9999997019767761,0.33333322405815125,0.6666664481163025
2,1,0.9999998750000157,0.4999999403953552,0.6041666950712175,0.928571343421936,0.5714285373687744,0.928571343421936
1,2,0.6249999218750099,0.19999995827674866,0.38333335346511044,0.7272726893424988,0.3636363446712494,0.45454540848731995
2,1,0.0,0.9999998211860657,1.0,0.58620685338974,0.517241358757019,0.3793103098869324
3,1,0.7499999062500118,0.2857142388820648,0.3333333849341005,0.0,0.0,0.0
2,1,0.9999998750000157,0.2499999701976776,0.37500003124999604,0.8333332538604736,0.4166666269302368,0.6666666269302368
3,1,0.7499999062500118,0.4999999403953552,0.6458333611111065,0.0,0.0,0.0
2,1,0.7499999062500118,0.2857142388820648,0.2500000416666597,0.71875,0.625,0.40625
2,1,0.8749998906250137,0.8749998807907104,0.457142871590553,0.7272726893424988,0.7272726893424988,0.5454545021057129
2,1,0.3749999531250059,0.7499998211860657,0.3333333888888703,0.8571427464485168,0.7142856121063232,0.4285713732242584
2,1,0.8749998906250137,0.7142856121063232,0.6279762059172971,0.7499999403953552,0.9999998807907104,0.6249999403953552
2,1,0.7499999062500118,0.666666567325592,0.666666689477386,0.9999995231628418,0.9999995231628418,0.4999997615814209
2,1,0.4999999375000079,0.7999998331069946,0.3750000624999844,0.8181817531585693,0.3636363446712494,0.5454545021057129
1,2,0.24999996875000394,0.666666567325592,0.2500001249999375,0.6999999284744263,0.4999999403953552,0.6999999284744263
5,1,0.4999999375000079,0.5714284777641296,0.2500000624999844,0.0,0.0,0.0
3,1,0.7499999062500118,0.2857142388820648,0.6458333611111065,0.0,0.0,0.0
2,1,0.4999999375000079,0.333333283662796,0.5000000624999844,0.9090908169746399,0.5454545021057129,0.3636363446712494
1,2,0.7499999062500118,0.2857142388820648,0.6458333611111065,0.8749998807907104,0.4999999403953552,0.9999998807907104
1,2,0.8749998906250137,0.7142856121063232,0.5079365253032718,0.6666664481163025,0.0,0.6666664481163025
1,2,0.8749998906250137,0.7142856121063232,0.39682539101257663,0.7999999523162842,0.7333332896232605,0.6666666269302368
1,2,0.8749998906250137,0.7142856121063232,0.6821428805312497,0.9090908169746399,0.45454540848731995,0.3636363446712494
2,1,0.4999999375000079,0.9999998211860657,0.37500003124999215,0.7999999523162842,0.5999999642372131,0.3333333134651184
1,2,0.7499999062500118,0.666666567325592,0.39583336111110645,0.9999998807907104,0.47058817744255066,0.41176465153694153
1,2,0.24999996875000394,0.7142856121063232,0.5000001249999375,0.6999999284744263,0.4999999403953552,0.4999999403953552
1,2,0.3749999531250059,0.5714284777641296,0.5000000456214295,0.6666664481163025,0.6666664481163025,0.33333322405815125
1,2,0.9999998750000157,0.1249999850988388,0.5208333667049379,0.7999998331069946,0.5999999046325684,0.5999999046325684
1,2,0.4999999375000079,0.6249999403953552,0.7500000312499921,0.6363635659217834,0.7272726893424988,0.6363635659217834
1,2,0.7499999062500118,0.3749999701976776,0.4166666983992189,0.4999999403953552,0.8999999165534973,0.5999999642372131
2,1,0.6249999218750099,0.5999999046325684,0.5000000140395315,0.7857142090797424,0.714285671710968,0.4999999701976776
2,1,0.6249999218750099,0.8333331942558289,0.5083333534651104,0.666666567325592,0.666666567325592,0.666666567325592
3,1,0.7499999062500118,0.666666567325592,0.39583336111110645,0.0,0.0,0.0
2,1,0.7499999062500118,0.8571427464485168,0.4166666983992189,0.0,0.0,0.0
1,2,0.9999998750000157,0.7499999403953552,0.5208333667049379,0.6944444179534912,0.5833333134651184,0.5555555820465088
2,1,0.24999996875000394,0.7142856121063232,0.2500001249999375,0.5999999642372131,0.6999999284744263,0.19999998807907104
2,1,0.3749999531250059,0.5714284777641296,0.5000000456214295,0.49999991059303284,0.49999991059303284,0.333333283662796
2,1,0.24999996875000394,0.7142856121063232,0.2500001249999375,0.9999997019767761,0.33333322405815125,0.33333322405815125
3,1,0.6249999218750099,0.2857142388820648,0.30000003999999203,0.0,0.0,0.0
2,1,0.4999999375000079,0.4285713732242584,0.3750000624999844,0.8888887763023376,0.666666567325592,0.333333283662796
2,1,0.6249999218750099,0.4999999403953552,0.5000000140395315,0.8823528289794922,0.47058817744255066,0.47058817744255066
2,1,0.24999996875000394,0.7142856121063232,0.5000001249999375,0.0,0.9999990463256836,0.9999990463256836
2,1,0.7499999062500118,0.3749999701976776,0.4166666983992189,0.9999990463256836,0.9999990463256836,0.9999990463256836
1,2,0.8749998906250137,0.2499999701976776,0.42460318203583103,0.6666666269302368,0.7619047164916992,0.476190447807312
1,2,0.4999999375000079,0.4285713732242584,0.2500000624999844,0.7647057771682739,0.5294117331504822,0.47058817744255066
2,1,0.8749998906250137,0.2499999701976776,0.5654761910161359,0.7999999523162842,0.3999999761581421,0.3999999761581421
2,1,0.8749998906250137,0.2499999701976776,0.5634920924486194,0.9999998807907104,0.3999999761581421,0.7999999523162842
1,2,0.8749998906250137,0.2499999701976776,0.4801587640823398,0.5384615063667297,0.8461537957191467,0.923076868057251
2,1,0.4999999375000079,0.4285713732242584,0.5000000624999844,0.8749998807907104,0.4999999403953552,0.7499999403953552
2,1,0.6249999218750099,0.4999999403953552,0.38333335346511044,0.0,0.0,0.0
2,1,0.24999996875000394,0.8749998807907104,0.5000001249999375,0.666666567325592,0.333333283662796,0.555555522441864
2,1,0.6249999218750099,0.2857142388820648,0.5083333534651104,0.714285671710968,0.5714285373687744,0.4999999701976776
2,1,0.6249999218750099,0.4999999403953552,0.46666669673255123,0.8181817531585693,0.5454545021057129,0.45454540848731995
2,1,0.6249999218750099,0.4999999403953552,0.5000000140395315,0.9999998807907104,0.6249999403953552,0.3749999701976776
3,1,0.7499999062500118,0.1428571194410324,0.7500000089218328,0.0,0.0,0.0
2,1,0.24999996875000394,0.7999998331069946,0.2500001249999375,0.8235293030738831,0.5882351994514465,0.5882351994514465
2,1,0.7499999062500118,0.7499999403953552,0.5000000416666597,0.8333332538604736,0.6666666269302368,0.8333332538604736
2,1,0.3749999531250059,0.8333331942558289,0.3333333888888703,0.7272726893424988,0.45454540848731995,0.27272725105285645
2,1,0.6249999218750099,0.8749998807907104,0.46666669673255123,0.8235293030738831,0.5882351994514465,0.5294117331504822
1,1,0.7499999062500118,0.5714284777641296,0.666666689477386,0.7894735932350159,0.6315788626670837,0.5263157486915588
2,1,0.4999999375000079,0.5714284777641296,0.2500000624999844,0.8181817531585693,0.9090908169746399,0.7272726893424988
2,1,0.4999999375000079,0.5714284777641296,0.5000000624999844,0.559999942779541,0.5199999809265137,0.4399999678134918
1,2,0.3749999531250059,0.7142856121063232,0.5000000456214295,0.8333332538604736,0.611111044883728,0.555555522441864
2,1,0.6249999218750099,0.166666641831398,0.38333335346511044,0.9999998807907104,0.7142856121063232,0.4285713732242584
2,1,0.7499999062500118,0.4999999403953552,0.2500000416666597,0.6818181276321411,0.6818181276321411,0.45454540848731995
2,1,0.4999999375000079,0.666666567325592,0.3750000624999844,0.666666567325592,0.666666567325592,0.9999998211860657
2,1,0.8749998906250137,0.4285713732242584,0.5079365253032718,0.8181817531585693,0.6363635659217834,0.8181817531585693
2,1,0.7499999062500118,0.7499999403953552,0.666666689477386,0.6874999403953552,0.4999999403953552,0.4999999403953552
2,1,0.6249999218750099,0.49999991059303284,0.42500003999999203,0.9999990463256836,0.0,0.9999990463256836
2,1,0.7499999062500118,0.7499999403953552,0.4166666983992189,0.8333331942558289,0.8333331942558289,0.9999998211860657
2,1,0.8749998906250137,0.4999999403953552,0.5079365253032718,0.7826086282730103,0.5652173161506653,0.5217390656471252
3,1,0.7499999062500118,0.4285713732242584,0.6458333611111065,0.0,0.0,0.0
2,1,0.6249999218750099,0.5714284777641296,0.5083333534651104,0.7333332896232605,0.8666666150093079,0.3999999761581421
2,1,0.7499999062500118,0.6249999403953552,0.4166666983992189,0.4999999701976776,0.8571428060531616,0.4285714030265808
2,1,0.7499999062500118,0.4285713732242584,0.4166666983992189,0.6666666269302368,0.5333333015441895,0.5333333015441895
1,2,0.8749998906250137,0.3749999701976776,0.632142883511482,0.8888887763023376,0.333333283662796,0.666666567325592
1,2,0.24999996875000394,0.8571427464485168,0.2500001249999375,0.8749998807907104,0.4999999403953552,0.6249999403953552
1,2,0.8749998906250137,0.1428571194410324,0.5654761910161359,0.5384615063667297,0.4615384340286255,0.38461536169052124
2,1,0.6249999218750099,0.6249999403953552,0.30000003999999203,0.7857142090797424,0.4999999701976776,0.6428570747375488
2,1,0.6249999218750099,0.6249999403953552,0.5916666967325512,0.7777776718139648,0.4444443881511688,0.2222221940755844
1,2,0.24999996875000394,0.7999998331069946,0.2500001249999375,0.7499999403953552,0.6249999403953552,0.3749999701976776
2,1,0.24999996875000394,0.7999998331069946,0.2500001249999375,0.6666664481163025,0.6666664481163025,0.33333322405815125
1,2,0.9999998750000157,0.4999999403953552,0.6583333469715098,0.6249999403953552,0.4999999403953552,0.3749999701976776
1,2,0.4999999375000079,0.666666567325592,0.3750000624999844,0.8461537957191467,0.6923076510429382,0.6923076510429382
2,1,0.4999999375000079,0.666666567325592,0.3750000624999844,0.8461537957191467,0.5384615063667297,0.5384615063667297
1,2,0.8749998906250137,0.2857142388820648,0.3412698685707126,0.6999999284744263,0.6333332657814026,0.4999999701976776
2,1,0.7499999062500118,0.4285713732242584,0.4166666983992189,0.59375,0.65625,0.5
3,1,0.6249999218750099,0.5714284777641296,0.5083333534651104,0.0,0.0,0.0
1,2,0.3749999531250059,0.8571427464485168,0.3333333888888703,0.84375,0.5625,0.5625
1,2,0.8749998906250137,0.2857142388820648,0.6279762059172971,0.8571428060531616,0.6666666269302368,0.8095237612724304
2,1,0.9999998750000157,0.2499999701976776,0.45138888914680186,0.6249999403953552,0.6249999403953552,0.3749999701976776
2,1,0.6249999218750099,0.166666641831398,0.38333335346511044,0.7999999523162842,0.8999999165534973,0.6999999284744263
2,1,0.4999999375000079,0.333333283662796,0.3750000624999844,0.5999999642372131,0.5999999642372131,0.3999999761581421
2,1,0.3749999531250059,0.7142856121063232,0.3333333888888703,0.7272726893424988,0.6363635659217834,0.45454540848731995
2,1,0.3749999531250059,0.7142856121063232,0.5000000456214295,0.8999999165534973,0.5499999523162842,0.6999999284744263
1,2,0.24999996875000394,0.9999998807907104,0.2500001249999375,0.5999999046325684,0.5999999046325684,0.5999999046325684
1,2,0.4999999375000079,0.7142856121063232,0.2500000624999844,0.3999999165534973,0.19999995827674866,0.19999995827674866
1,2,0.8749998906250137,0.2857142388820648,0.5654761910161359,0.8999999165534973,0.6999999284744263,0.5999999642372131
1,2,0.6249999218750099,0.7499999403953552,0.5083333534651104,0.7999999523162842,0.4999999403953552,0.6999999284744263
1,2,0.3749999531250059,0.666666567325592,0.5000000456214295,0.7777776718139648,0.555555522441864,0.7777776718139648
1,2,0.4999999375000079,0.3999999165534973,0.2500000624999844,0.8888887763023376,0.666666567325592,0.555555522441864
1,2,0.3749999531250059,0.5999999046325684,0.3333333888888703,0.7499999403953552,0.5833333134651184,0.3333333134651184
1,2,0.6249999218750099,0.49999991059303284,0.42500003999999203,0.7857142090797424,0.357142835855484,0.6428570747375488
1,2,0.4999999375000079,0.9999998807907104,0.5000000312499921,0.8749998807907104,0.4999999403953552,0.3749999701976776
2,1,0.6249999218750099,0.19999995827674866,0.38333335346511044,0.8333332538604736,0.6666666269302368,0.4999999701976776
1,2,0.7499999062500118,0.3749999701976776,0.3333333849341005,0.7222222089767456,0.4722222089767456,0.5277777910232544
2,1,0.9999998750000157,0.1249999850988388,0.7083333439912776,0.8222222328186035,0.6888889074325562,0.6000000238418579
5,1,0.9999998750000157,0.1249999850988388,0.562500023437497,0.0,0.0,0.0
1,2,0.7499999062500118,0.3749999701976776,0.3333333849341005,0.8399999737739563,0.6399999856948853,0.5199999809265137
2,1,0.8749998906250137,0.2499999701976776,0.5079365253032718,0.7647057771682739,0.5294117331504822,0.5882351994514465
2,1,0.7499999062500118,0.4999999403953552,0.5208333611111065,0.8108108043670654,0.45945945382118225,0.4324324429035187
2,1,0.4999999375000079,0.5714284777641296,0.3750000624999844,0.7317073345184326,0.5853658318519592,0.5853658318519592
2,1,0.7499999062500118,0.4999999403953552,0.5208333611111065,0.8148147463798523,0.4444444179534912,0.555555522441864
3,1,0.7499999062500118,0.4999999403953552,0.7500000089218328,0.0,0.0,0.0
2,1,0.24999996875000394,0.666666567325592,0.5000001249999375,0.7297297120094299,0.5675675868988037,0.4324324429035187
2,1,0.7499999062500118,0.2857142388820648,0.6458333611111065,0.7333332896232605,0.5999999642372131,0.13333332538604736
2,1,0.7499999062500118,0.4999999403953552,0.5208333611111065,0.615384578704834,0.6923076510429382,0.307692289352417
1,2,0.4999999375000079,0.7499999403953552,0.2500000624999844,0.5624999403953552,0.6249999403953552,0.5624999403953552
1,2,0.3749999531250059,0.49999991059303284,0.5000000456214295,0.7777776718139648,0.7777776718139648,0.7222221493721008
1,1,0.4999999375000079,0.5714284777641296,0.2500000624999844,0.7222221493721008,0.8333332538604736,0.4444443881511688
1,2,0.7499999062500118,0.2499999701976776,0.4166666983992189,0.5999999642372131,0.7199999690055847,0.47999995946884155
2,1,0.9999998750000157,0.0,0.37500003124999604,0.7058822512626648,0.5882351994514465,0.5882351994514465
2,1,0.24999996875000394,0.7499999403953552,0.2500001249999375,0.6956521272659302,0.4782608151435852,0.43478256464004517
1,1,0.24999996875000394,0.7499999403953552,0.5000001249999375,0.7037036418914795,0.4444444179534912,0.4814814329147339
2,1,0.4999999375000079,0.4999999403953552,0.2500000624999844,0.928571343421936,0.5714285373687744,0.5714285373687744
1,2,0.6249999218750099,0.166666641831398,0.5083333534651104,0.46666663885116577,0.9333332777023315,0.19999998807907104
2,1,0.24999996875000394,0.666666567325592,0.2500001249999375,0.8749998807907104,0.8749998807907104,0.7499999403953552
1,2,0.6249999218750099,0.166666641831398,0.46666669673255123,0.7692307233810425,0.6923076510429382,0.307692289352417
1,2,0.8749998906250137,0.3749999701976776,0.6821428805312497,0.9999999403953552,0.5333333015441895,0.6666666269302368
2,1,0.3749999531250059,0.7142856121063232,0.3333333888888703,0.6363635659217834,0.5454545021057129,0.45454540848731995
1,1,0.4999999375000079,0.7499999403953552,0.2500000624999844,0.8918918967247009,0.5945945978164673,0.5945945978164673
2,1,0.7499999062500118,0.4999999403953552,0.6458333611111065,0.4838709235191345,0.6774193048477173,0.4838709235191345
1,2,0.9999998750000157,0.2499999701976776,0.45138888914680186,0.6333332657814026,0.5333333015441895,0.4999999701976776
2,1,0.9999998750000157,0.2499999701976776,0.43750002343749705,0.6190475821495056,0.476190447807312,0.476190447807312
1,2,0.0,0.9999998211860657,1.0,0.6756756901741028,0.5945945978164673,0.37837839126586914
2,1,0.6249999218750099,0.4999999403953552,0.30000003999999203,0.7999999523162842,0.6666666269302368,0.5333333015441895
1,2,0.7499999062500118,0.3749999701976776,0.2500000416666597,0.8125,0.5,0.5
1,1,0.24999996875000394,0.7142856121063232,0.5000001249999375,0.75,0.75,0.5
1,2,0.3749999531250059,0.7499999403953552,0.6666667172551499,0.6896551251411438,0.4827585816383362,0.4482758343219757
1,2,0.4999999375000079,0.4285713732242584,0.2500000624999844,0.666666567325592,0.666666567325592,0.4999999403953552
2,1,0.7499999062500118,0.2499999701976776,0.6458333611111065,0.8799999356269836,0.47999995946884155,0.5199999809265137
2,1,0.4999999375000079,0.4999999403953552,0.2500000624999844,0.8095237612724304,0.6190475821495056,0.5714285373687744
1,2,0.7499999062500118,0.2499999701976776,0.5000000178436657,0.7916666269302368,0.5416666269302368,0.3749999701976776
1,2,0.4999999375000079,0.4999999403953552,0.6250000312499921,0.8214285373687744,0.6071428060531616,0.5714285373687744
2,1,0.3749999531250059,0.6249999403953552,0.6666667172551499,0.7826086282730103,0.3478260636329651,0.3913043141365051
1,2,0.24999996875000394,0.7499999403953552,0.2500001249999375,0.6999999284744263,0.5999999642372131,0.3999999761581421
1,2,0.9999998750000157,0.0,0.562500023437497,0.6249999403953552,0.6249999403953552,0.4999999403953552
1,2,0.7499999062500118,0.2499999701976776,0.4166666983992189,0.7999999523162842,0.6999999284744263,0.5999999642372131
1,2,0.6249999218750099,0.3749999701976776,0.400000019999996,0.666666567325592,0.666666567325592,0.49999991059303284
1,2,0.4999999375000079,0.4999999403953552,0.5000000624999844,0.7142856121063232,0.4285713732242584,0.4285713732242584
1,2,0.4999999375000079,0.4999999403953552,0.2500000624999844,0.9999998807907104,0.8571427464485168,0.5714284777641296
1,2,0.6249999218750099,0.3749999701976776,0.42500003999999203,0.8999999165534973,0.4999999403953552,0.3999999761581421
1,2,0.7499999062500118,0.2499999701976776,0.5000000416666597,0.333333283662796,0.7777776718139648,0.4444443881511688
1,2,0.6249999218750099,0.3749999701976776,0.5916666967325512,0.7999998331069946,0.7999998331069946,0.5999999046325684
1,2,0.7499999062500118,0.2499999701976776,0.4166666983992189,0.7999998331069946,0.7999998331069946,0.7999998331069946
2,1,0.24999996875000394,0.7142856121063232,0.2500001249999375,0.7567567825317383,0.5945945978164673,0.5405405163764954
2,1,0.6249999218750099,0.4999999403953552,0.42500003999999203,0.5999999642372131,0.7999999523162842,0.5999999642372131
2,1,0.6249999218750099,0.2857142388820648,0.46666669673255123,0.7714285850524902,0.4285714328289032,0.5428571701049805
2,1,0.8749998906250137,0.2499999701976776,0.42460318203583103,0.8749998807907104,0.4374999403953552,0.8124998807907104
2,1,0.4999999375000079,0.6249999403953552,0.3750000624999844,0.8461537957191467,0.615384578704834,0.5384615063667297
4,1,0.4999999375000079,0.9999998807907104,0.2500000624999844,0.0,0.0,0.0
2,1,0.9999998750000157,0.4999999403953552,0.43750002343749705,0.4999999403953552,0.7499999403953552,0.3749999701976776
2,1,0.6249999218750099,0.7142856121063232,0.30000003999999203,0.7777776718139648,0.4444443881511688,0.4444443881511688
2,1,0.6249999218750099,0.49999991059303284,0.42500003999999203,0.9999998807907104,0.2499999701976776,0.8749998807907104
2,1,0.3749999531250059,0.8333331942558289,0.5000000456214295,0.6470587253570557,0.7647057771682739,0.6470587253570557
2,1,0.3749999531250059,0.8333331942558289,0.5000000456214295,0.8888887763023376,0.4444443881511688,0.4444443881511688
2,1,0.24999996875000394,0.7999998331069946,0.2500001249999375,0.9999998211860657,0.7999998331069946,0.7999998331069946
2,1,0.6249999218750099,0.7142856121063232,0.42500003999999203,0.24999994039535522,0.7499998211860657,0.0
3,1,0.7499999062500118,0.333333283662796,0.4166666983992189,0.0,0.0,0.0
1,2,0.9999998750000157,0.4999999403953552,0.5208333667049379,0.615384578704834,0.615384578704834,0.307692289352417
2,1,0.24999996875000394,0.7999998331069946,0.2500001249999375,0.9999998211860657,0.7999998331069946,0.7999998331069946
2,1,0.7499999062500118,0.5714284777641296,0.4166666983992189,0.7999998331069946,0.9999998211860657,0.7999998331069946
2,1,0.4999999375000079,0.3999999165534973,0.2500000624999844,0.9999998211860657,0.5999999046325684,0.3999999165534973
2,1,0.9999998750000157,0.4999999403953552,0.6180555607805223,0.9999998211860657,0.7999998331069946,0.7999998331069946
2,1,0.8749998906250137,0.4285713732242584,0.6279762059172971,0.9999990463256836,0.9999990463256836,0.0
1,1,0.4999999375000079,0.5714284777641296,0.3750000624999844,0.6923076510429382,0.6923076510429382,0.307692289352417
1,2,0.7499999062500118,0.4999999403953552,0.3333333849341005,0.8181817531585693,0.3636363446712494,0.7272726893424988
2,1,0.8749998906250137,0.3749999701976776,0.5079365253032718,0.7142856121063232,0.7142856121063232,0.5714284777641296
1,2,0.4999999375000079,0.5714284777641296,0.5000000624999844,0.7142856121063232,0.2857142388820648,0.5714284777641296
2,1,0.24999996875000394,0.666666567325592,0.2500001249999375,0.6999999284744263,0.5999999642372131,0.5999999642372131
1,2,0.3749999531250059,0.666666567325592,0.5000000456214295,0.8749998807907104,0.4999999403953552,0.7499999403953552
2,1,0.6249999218750099,0.7499999403953552,0.42500003999999203,0.666666567325592,0.4444443881511688,0.666666567325592
2,1,0.3749999531250059,0.666666567325592,0.6666667172551499,0.666666567325592,0.4444443881511688,0.4444443881511688
1,2,0.4999999375000079,0.49999991059303284,0.2500000624999844,0.6249999403953552,0.3749999701976776,0.4999999403953552
1,2,0.6249999218750099,0.5714284777641296,0.5083333534651104,0.8999999165534973,0.29999998211860657,0.4999999403953552
2,1,0.6249999218750099,0.4285713732242584,0.38333335346511044,0.7499999403953552,0.3749999701976776,0.6249999403953552
1,2,0.6249999218750099,0.6249999403953552,0.42500003999999203,0.9090908169746399,0.7272726893424988,0.6363635659217834
1,2,0.24999996875000394,0.9999998807907104,0.5000001249999375,0.666666567325592,0.333333283662796,0.4444443881511688
1,2,0.7499999062500118,0.2857142388820648,0.5000000416666597,0.6363635659217834,0.7272726893424988,0.3636363446712494
2,1,0.6249999218750099,0.6249999403953552,0.5083333534651104,0.9999990463256836,0.9999990463256836,0.9999990463256836
2,1,0.7499999062500118,0.3749999701976776,0.4166666983992189,0.4999999403953552,0.4999999403953552,0.3749999701976776
1,2,0.4999999375000079,0.4285713732242584,0.6250000312499921,0.7058822512626648,0.5294117331504822,0.47058817744255066
2,1,0.4999999375000079,0.6249999403953552,0.3750000624999844,0.8181817531585693,0.7272726893424988,0.5454545021057129
3,1,0.4999999375000079,0.6249999403953552,0.3750000624999844,0.0,0.0,0.0
1,2,0.3749999531250059,0.7499999403953552,0.5000000456214295,0.8749998807907104,0.7499999403953552,0.4999999403953552
1,2,0.4999999375000079,0.5714284777641296,0.2500000624999844,0.6249999403953552,0.4999999403953552,0.4999999403953552
1,2,0.4999999375000079,0.5714284777641296,0.2500000624999844,0.7499999403953552,0.8749998807907104,0.4999999403953552
1,2,0.24999996875000394,0.8571427464485168,0.2500001249999375,0.7857142090797424,0.5714285373687744,0.5714285373687744
1,2,0.4999999375000079,0.7499999403953552,0.3750000624999844,0.9090908169746399,0.7272726893424988,0.6363635659217834
2,1,0.6249999218750099,0.166666641831398,0.38333335346511044,0.4999999403953552,0.3749999701976776,0.2499999701976776
2,1,0.7499999062500118,0.4999999403953552,0.2500000416666597,0.8124998807907104,0.7499999403953552,0.4999999403953552
2,1,0.24999996875000394,0.666666567325592,0.2500001249999375,0.5833333134651184,0.6666666269302368,0.6666666269302368
2,1,0.4999999375000079,0.7499999403953552,0.2500000624999844,0.6999999284744263,0.7999999523162842,0.4999999403953552
1,1,0.4999999375000079,0.5714284777641296,0.6250000312499921,0.7222221493721008,0.555555522441864,0.4444443881511688
2,1,0.9999998750000157,0.2499999701976776,0.7083333439912776,0.666666567325592,0.666666567325592,0.333333283662796
1,2,0.0,0.9999997615814209,1.0,0.8333332538604736,0.7499999403953552,0.3333333134651184
1,2,0.7499999062500118,0.7499999403953552,0.4166666983992189,0.6363635659217834,0.7272726893424988,0.45454540848731995
2,1,0.8749998906250137,0.6249999403953552,0.4801587640823398,0.9999998211860657,0.3999999165534973,0.5999999046325684
1,2,0.6249999218750099,0.7142856121063232,0.5083333534651104,0.916666567325592,0.5833333134651184,0.5833333134651184
2,1,0.24999996875000394,0.7999998331069946,0.2500001249999375,0.6923076510429382,0.5384615063667297,0.4615384340286255
2,1,0.3749999531250059,0.5714284777641296,0.5000000456214295,0.9999997019767761,0.9999997019767761,0.9999997019767761
2,1,0.6249999218750099,0.2857142388820648,0.42500003999999203,0.6249999403953552,0.4999999403953552,0.7499999403953552
2,1,0.4999999375000079,0.6249999403953552,0.6250000312499921,0.923076868057251,0.6923076510429382,0.7692307233810425
2,1,0.7499999062500118,0.3749999701976776,0.6458333611111065,0.19999995827674866,0.9999998211860657,0.3999999165534973
3,1,0.4999999375000079,0.6249999403953552,0.37500003124999215,0.0,0.0,0.0
2,1,0.7499999062500118,0.2499999701976776,0.2500000416666597,0.49999988079071045,0.7499998211860657,0.24999994039535522
2,1,0.9999998750000157,0.0,0.6041666950712175,0.9374998807907104,0.6249999403953552,0.4999999403953552
2,1,0.8749998906250137,0.1249999850988388,0.582142871590553,0.7999998331069946,0.7999998331069946,0.5999999046325684
2,1,0.9999998750000157,0.0,0.500000031249996,0.4999999701976776,0.7499999403953552,0.2499999850988388
2,1,0.4999999375000079,0.4999999403953552,0.3750000624999844,0.5999999046325684,0.9999998211860657,0.3999999165534973
1,2,0.24999996875000394,0.9999998211860657,0.2500001249999375,0.8181817531585693,0.5454545021057129,0.45454540848731995
1,2,0.4999999375000079,0.666666567325592,0.5000000624999844,0.6666666269302368,0.5833333134651184,0.3333333134651184
1,2,0.8749998906250137,0.4285713732242584,0.42460318203583103,0.7272726893424988,0.6363635659217834,0.1818181723356247
1,2,0.6249999218750099,0.49999991059303284,0.30000003999999203,0.8333332538604736,0.7499999403953552,0.4166666269302368
2,1,0.8749998906250137,0.4285713732242584,0.6279762059172971,0.7499999403953552,0.6249999403953552,0.7499999403953552
1,2,0.7499999062500118,0.3749999701976776,0.3333333849341005,0.714285671710968,0.6666666269302368,0.5238094925880432
1,2,0.6249999218750099,0.4999999403953552,0.5916666967325512,0.7586206197738647,0.4482758343219757,0.4482758343219757
2,1,0.9999998750000157,0.1249999850988388,0.7416666753377894,0.7058822512626648,0.7058822512626648,0.8823528289794922
2,1,0.4999999375000079,0.6249999403953552,0.3750000624999844,0.863636314868927,0.6818181276321411,0.4999999701976776
2,1,0.6249999218750099,0.2857142388820648,0.5916666967325512,0.7599999308586121,0.6799999475479126,0.4399999678134918
1,2,0.7499999062500118,0.1428571194410324,0.5833333611111065,0.9999998807907104,0.8571427464485168,0.2857142388820648
1,2,0.8749998906250137,0.2499999701976776,0.5634920924486194,0.6999999284744263,0.5999999642372131,0.4999999403953552
1,2,0.7499999062500118,0.1428571194410324,0.3333333849341005,0.9999997019767761,0.33333322405815125,0.9999997019767761
1,2,0.7499999062500118,0.1428571194410324,0.5833333611111065,0.9999998807907104,0.4999999403953552,0.4999999403953552
1,2,0.24999996875000394,0.8749998807907104,0.2500001249999375,0.9999997019767761,0.6666664481163025,0.6666664481163025
2,1,0.3749999531250059,0.7499999403953552,0.3333333888888703,0.7499999403953552,0.7499999403953552,0.6666666269302368
2,1,0.8749998906250137,0.0,0.5634920924486194,0.7333332896232605,0.5333333015441895,0.5999999642372131
1,2,0.3749999531250059,0.5714284777641296,0.5000000456214295,0.9090908169746399,0.45454540848731995,0.5454545021057129
1,2,0.9999998750000157,0.1249999850988388,0.45833332909011637,0.5384615063667297,0.615384578704834,0.4615384340286255
3,1,0.8749998906250137,0.0,0.5571428656300885,0.0,0.0,0.0
2,1,0.6249999218750099,0.3749999701976776,0.42500003999999203,0.5454545021057129,0.9090908169746399,0.3636363446712494
1,2,0.4999999375000079,0.4999999403953552,0.5000000312499921,0.8999999165534973,0.6999999284744263,0.5999999642372131
2,1,0.7499999062500118,0.2499999701976776,0.833333344738693,0.7999998331069946,0.7999998331069946,0.5999999046325684
2,1,0.7499999062500118,0.2499999701976776,0.5208333611111065,0.7692307233810425,0.4615384340286255,0.4615384340286255
2,1,0.7499999062500118,0.2499999701976776,0.3333333849341005,0.9374998807907104,0.4999999403953552,0.7499999403953552
2,1,0.0,0.9999998211860657,1.0,0.9999998807907104,0.5714284777641296,0.5714284777641296
2,1,0.7499999062500118,0.6249999403953552,0.5000000178436657,0.7142856121063232,0.2857142388820648,0.5714284777641296
1,2,0.8749998906250137,0.4999999403953552,0.6821428805312497,0.684210479259491,0.7894735932350159,0.42105257511138916
2,1,0.4999999375000079,0.49999991059303284,0.37500003124999215,0.7857142090797424,0.6428570747375488,0.4285714030265808
2,1,0.6249999218750099,0.0,0.30000003999999203,0.5714285373687744,0.5714285373687744,0.5714285373687744
1,2,0.6249999218750099,0.3749999701976776,0.30000003999999203,0.8333332538604736,0.4166666269302368,0.5833333134651184
1,2,0.4999999375000079,0.4999999403953552,0.3750000624999844,0.8666666150093079,0.3999999761581421,0.3999999761581421
2,1,0.7499999062500118,0.2499999701976776,0.3333333849341005,0.7499999403953552,0.5833333134651184,0.4999999701976776
2,1,0.9999998750000157,0.0,0.500000015624998,0.8749998807907104,0.4999999403953552,0.3749999701976776
2,1,0.7499999062500118,0.2499999701976776,0.3333333849341005,0.666666567325592,0.49999991059303284,0.49999991059303284
2,1,0.8749998906250137,0.1249999850988388,0.6279762059172971,0.8999999165534973,0.4999999403953552,0.8999999165534973
1,2,0.4999999375000079,0.4999999403953552,0.3750000624999844,0.7272726893424988,0.7272726893424988,0.7272726893424988
1,2,0.4999999375000079,0.4999999403953552,0.2500000624999844,0.5714284777641296,0.5714284777641296,0.2857142388820648
2,1,0.6249999218750099,0.3749999701976776,0.30000003999999203,0.9999998807907104,0.666666567325592,0.666666567325592
1,2,0.7499999062500118,0.2499999701976776,0.3333333849341005,0.8181817531585693,0.5454545021057129,0.5454545021057129
2,1,0.7499999062500118,0.333333283662796,0.7500000089218328,0.0,0.0,0.0
1,2,0.4999999375000079,0.8571427464485168,0.5000000624999844,0.9999998211860657,0.9999998211860657,0.7999998331069946
2,1,0.24999996875000394,0.7999998331069946,0.2500001249999375,0.7272726893424988,0.3636363446712494,0.45454540848731995
1,2,0.3749999531250059,0.8333331942558289,0.5000000456214295,0.8999999165534973,0.7999999523162842,0.5999999642372131
2,1,0.8749998906250137,0.6249999403953552,0.5079365253032718,0.8333332538604736,0.8333332538604736,0.6666666269302368
1,1,0.8749998906250137,0.2499999701976776,0.4523809730590854,0.8666666150093079,0.6666666269302368,0.5999999642372131
1,2,0.7499999062500118,0.3749999701976776,0.4166666983992189,0.8571428060531616,0.6428570747375488,0.5714285373687744
1,2,0.9999998750000157,0.1249999850988388,0.43750003124999604,0.9999998807907104,0.4999999403953552,0.6249999403953552
1,2,0.4999999375000079,0.6249999403953552,0.2500000624999844,0.9999997615814209,0.49999988079071045,0.49999988079071045
2,1,0.4999999375000079,0.6249999403953552,0.2500000624999844,0.6999999284744263,0.4999999403953552,0.3999999761581421
2,1,0.7499999062500118,0.6249999403953552,0.39583336111110645,0.4999997615814209,0.4999997615814209,0.4999997615814209
1,2,0.7499999062500118,0.4285713732242584,0.666666689477386,0.6666664481163025,0.9999997019767761,0.6666664481163025
2,1,0.7499999062500118,0.166666641831398,0.39583336111110645,0.6666664481163025,0.33333322405815125,0.33333322405815125
1,2,0.4999999375000079,0.7142856121063232,0.5000000624999844,0.9999999403953552,0.7272726893424988,0.6363635659217834
1,2,0.7499999062500118,0.4285713732242584,0.41666667457622486,0.7777776718139648,0.555555522441864,0.666666567325592
1,2,0.8749998906250137,0.2499999701976776,0.5079365253032718,0.9999998211860657,0.7999998331069946,0.5999999046325684
1,2,0.3749999531250059,0.5714284777641296,0.3333333888888703,0.8181817531585693,0.7272726893424988,0.7272726893424988
1,2,0.6249999218750099,0.4999999403953552,0.46666669673255123,0.8333331942558289,0.8333331942558289,0.49999991059303284
1,2,0.6249999218750099,0.4999999403953552,0.5916666967325512,0.6249999403953552,0.6249999403953552,0.4999999403953552
1,2,0.4999999375000079,0.6249999403953552,0.3750000624999844,0.8571427464485168,0.5714284777641296,0.5714284777641296
1,2,0.4999999375000079,0.7142856121063232,0.3750000624999844,0.6874999403953552,0.6249999403953552,0.5624999403953552
1,2,0.0,0.9999998211860657,1.0,0.8181817531585693,0.6363635659217834,0.7272726893424988
1,2,0.6249999218750099,0.5714284777641296,0.5916666967325512,0.615384578704834,0.8461537957191467,0.4615384340286255
1,2,0.8749998906250137,0.2857142388820648,0.369047659593967,0.7777776718139648,0.7777776718139648,0.555555522441864
1,2,0.7499999062500118,0.4285713732242584,0.5000000416666597,0.8124998807907104,0.6249999403953552,0.5624999403953552
1,1,0.8749998906250137,0.2857142388820648,0.6821428805312497,0.8181817531585693,0.5454545021057129,0.8181817531585693
2,1,0.4999999375000079,0.49999991059303284,0.3750000624999844,0.9999998211860657,0.666666567325592,0.333333283662796
1,2,0.9999998750000157,0.3749999701976776,0.45138888914680186,0.666666567325592,0.333333283662796,0.666666567325592
1,2,0.7499999062500118,0.4285713732242584,0.2500000416666597,0.9999998807907104,0.6249999403953552,0.8749998807907104
2,1,0.8749998906250137,0.2857142388820648,0.5571428656300885,0.9999995231628418,0.9999995231628418,0.9999995231628418
1,2,0.8749998906250137,0.1249999850988388,0.4801587640823398,0.9999998211860657,0.7999998331069946,0.7999998331069946
1,2,0.8749998906250137,0.1249999850988388,0.42460318203583103,0.9999997615814209,0.49999988079071045,0.49999988079071045
1,2,0.24999996875000394,0.7499999403953552,0.2500001249999375,0.9999998807907104,0.7142856121063232,0.2857142388820648
1,2,0.8749998906250137,0.1249999850988388,0.5571428656300885,0.7999998331069946,0.7999998331069946,0.19999995827674866
1,2,0.6249999218750099,0.3749999701976776,0.5083333534651104,0.7272726893424988,0.5454545021057129,0.6363635659217834
2,1,0.7499999062500118,0.1428571194410324,0.6458333611111065,0.9999998807907104,0.4285713732242584,0.8571427464485168
1,2,0.8749998906250137,0.2499999701976776,0.582142871590553,0.7499999403953552,0.7499999403953552,0.6249999403953552
2,1,0.24999996875000394,0.7142856121063232,0.2500001249999375,0.7999998331069946,0.5999999046325684,0.7999998331069946
1,2,0.4999999375000079,0.6249999403953552,0.3750000624999844,0.7272726893424988,0.7272726893424988,0.3636363446712494
1,2,0.24999996875000394,0.7142856121063232,0.2500001249999375,0.9999998211860657,0.3999999165534973,0.7999998331069946
1,2,0.24999996875000394,0.7142856121063232,0.2500001249999375,0.6666664481163025,0.9999997019767761,0.6666664481163025
1,1,0.24999996875000394,0.7142856121063232,0.2500001249999375,0.5454545021057129,0.5454545021057129,0.5454545021057129
1,2,0.3749999531250059,0.5714284777641296,0.5000000456214295,0.666666567325592,0.666666567325592,0.49999991059303284
2,1,0.7499999062500118,0.3749999701976776,0.5000000416666597,0.2499999701976776,0.6249999403953552,0.3749999701976776
1,2,0.0,0.9999998807907104,1.0,0.49999991059303284,0.666666567325592,0.333333283662796
2,1,0.7499999062500118,0.4999999403953552,0.45833336111110645,0.8666666150093079,0.5999999642372131,0.7999999523162842
1,2,0.8749998906250137,0.1428571194410324,0.369047659593967,0.6999999284744263,0.5999999642372131,0.19999998807907104
1,2,0.3749999531250059,0.49999991059303284,0.5000000456214295,0.9333332777023315,0.7333332896232605,0.6666666269302368
1,1,0.3749999531250059,0.49999991059303284,0.5000000456214295,0.7499999403953552,0.5624999403953552,0.3749999701976776
2,1,0.24999996875000394,0.666666567325592,0.2500001249999375,0.5999999046325684,0.7999998331069946,0.5999999046325684
3,1,0.4999999375000079,0.7142856121063232,0.3750000624999844,0.0,0.0,0.0
2,1,0.4999999375000079,0.7142856121063232,0.2500000624999844,0.6428570747375488,0.6428570747375488,0.4999999701976776
2,1,0.6249999218750099,0.5714284777641296,0.42500003999999203,0.9999995231628418,0.9999995231628418,0.9999995231628418
3,1,0.8749998906250137,0.4999999403953552,0.632142883511482,0.0,0.0,0.0
2,1,0.4999999375000079,0.49999991059303284,0.5000000312499921,0.6428570747375488,0.714285671710968,0.2857142686843872
2,1,0.7499999062500118,0.333333283662796,0.3333333849341005,0.7857142090797424,0.357142835855484,0.4285714030265808
2,1,0.7499999062500118,0.7499999403953552,0.4166666983992189,0.730769157409668,0.6538460850715637,0.4615384340286255
2,1,0.4999999375000079,0.666666567325592,0.2500000624999844,0.7999999523162842,0.6333332657814026,0.3999999761581421
2,1,0.4999999375000079,0.3999999165534973,0.3750000624999844,0.6666664481163025,0.6666664481163025,0.6666664481163025
2,1,0.4999999375000079,0.3999999165534973,0.2500000624999844,0.8333331942558289,0.666666567325592,0.666666567325592
2,1,0.0,0.9999997615814209,1.0,0.8181817531585693,0.7272726893424988,0.7272726893424988
2,1,0.9999998750000157,0.4999999403953552,0.6180555607805223,0.7999998331069946,0.5999999046325684,0.5999999046325684
1,2,0.6249999218750099,0.7142856121063232,0.5083333534651104,0.5999999642372131,0.5333333015441895,0.3999999761581421
2,1,0.9999998750000157,0.4999999403953552,0.7083333439912776,0.6666664481163025,0.9999997019767761,0.33333322405815125
2,1,0.8749998906250137,0.4285713732242584,0.7113095342835767,0.7999998331069946,0.7999998331069946,0.3999999165534973
2,1,0.4999999375000079,0.4999999403953552,0.2500000624999844,0.7037036418914795,0.8148147463798523,0.4444444179534912
3,1,0.7499999062500118,0.2499999701976776,0.4166666983992189,0.0,0.0,0.0
2,1,0.4999999375000079,0.4999999403953552,0.2500000624999844,0.6666664481163025,0.6666664481163025,0.6666664481163025
2,1,0.7499999062500118,0.2499999701976776,0.3333333849341005,0.9090908169746399,0.6363635659217834,0.6363635659217834
2,1,0.8749998906250137,0.1249999850988388,0.4801587640823398,0.6296296119689941,0.9259258508682251,0.5925925374031067
2,1,0.4999999375000079,0.333333283662796,0.2500000624999844,0.8333332538604736,0.5999999642372131,0.3999999761581421
2,1,0.6249999218750099,0.4285713732242584,0.5083333534651104,0.6923076510429382,0.615384578704834,0.307692289352417
2,1,0.7499999062500118,0.4999999403953552,0.6458333611111065,0.7999998331069946,0.19999995827674866,0.3999999165534973
2,1,0.6249999218750099,0.6249999403953552,0.30000003999999203,0.71875,0.6875,0.40625
3,1,0.6249999218750099,0.4285713732242584,0.5083333534651104,0.0,0.0,0.0
2,1,0.6249999218750099,0.5714284777641296,0.38333335346511044,0.8148147463798523,0.6666666269302368,0.5925925374031067
3,1,0.4999999375000079,0.7142856121063232,0.2500000624999844,0.0,0.0,0.0
2,1,0.24999996875000394,0.8333331942558289,0.5000001249999375,0.6999999284744263,0.4999999403953552,0.3999999761581421
2,1,0.6249999218750099,0.5714284777641296,0.46666669673255123,0.5999999046325684,0.19999995827674866,0.5999999046325684
2,1,0.4999999375000079,0.19999995827674866,0.6250000312499921,0.6666666269302368,0.6666666269302368,0.5333333015441895
2,1,0.8749998906250137,0.2857142388820648,0.5571428656300885,0.8518518209457397,0.555555522441864,0.37037035822868347
3,1,0.24999996875000394,0.9999998807907104,0.2500001249999375,0.0,0.0,0.0
2,1,0.4999999375000079,0.49999991059303284,0.3750000624999844,0.7037036418914795,0.5185185074806213,0.29629626870155334
3,1,0.9999998750000157,0.3749999701976776,0.6180555607805223,0.0,0.0,0.0
2,1,0.4999999375000079,0.19999995827674866,0.3750000624999844,0.7857142090797424,0.5714285373687744,0.4999999701976776
1,2,0.7499999062500118,0.2857142388820648,0.4166666983992189,0.666666567325592,0.666666567325592,0.277777761220932
2,1,0.3749999531250059,0.7142856121063232,0.6666667172551499,0.666666567325592,0.555555522441864,0.555555522441864
2,1,0.24999996875000394,0.666666567325592,0.5000001249999375,0.8333332538604736,0.7222221493721008,0.666666567325592
2,1,0.7499999062500118,0.4999999403953552,0.45833336111110645,0.8461537957191467,0.615384578704834,0.615384578704834
2,1,0.6249999218750099,0.6249999403953552,0.42500003999999203,0.7272726893424988,0.7272726893424988,0.5454545021057129
1,2,0.6249999218750099,0.4285713732242584,0.38333335346511044,0.8571428060531616,0.5714285373687744,0.476190447807312
2,1,0.6249999218750099,0.4285713732242584,0.5083333534651104,0.8181817531585693,0.6363635659217834,0.5454545021057129
1,2,0.7499999062500118,0.2857142388820648,0.2500000416666597,0.928571343421936,0.714285671710968,0.2857142686843872
2,1,0.24999996875000394,0.8571427464485168,0.2500001249999375,0.7857142090797424,0.5714285373687744,0.4999999701976776
1,2,0.4999999375000079,0.5714284777641296,0.2500000624999844,0.6999999284744263,0.5499999523162842,0.34999996423721313
1,2,0.4999999375000079,0.4999999403953552,0.2500000624999844,0.5999999642372131,0.7333332896232605,0.46666663885116577
2,1,0.7499999062500118,0.2499999701976776,0.5208333611111065,0.923076868057251,0.615384578704834,0.38461536169052124
1,2,0.9999998750000157,0.0,0.6041666950712175,0.5833333134651184,0.7499999403953552,0.4999999701976776
1,2,0.4999999375000079,0.4999999403953552,0.3750000624999844,0.9090908169746399,0.3636363446712494,0.6363635659217834
1,2,0.6249999218750099,0.3749999701976776,0.46666669673255123,0.7999999523162842,0.7333332896232605,0.3999999761581421
2,1,0.3749999531250059,0.5714284777641296,0.6666667172551499,0.9999999403953552,0.38461536169052124,0.4615384340286255
1,2,0.3749999531250059,0.7499999403953552,0.3333333888888703,0.7272726893424988,0.45454540848731995,0.5454545021057129
2,1,0.6249999218750099,0.2857142388820648,0.30000003999999203,0.8181817531585693,0.5454545021057129,0.6363635659217834
1,2,0.4999999375000079,0.4285713732242584,0.3750000624999844,0.7272726893424988,0.6363635659217834,0.5454545021057129
1,1,0.7499999062500118,0.3749999701976776,0.3333333849341005,0.6923076510429382,0.615384578704834,0.38461536169052124
2,1,0.4999999375000079,0.3999999165534973,0.2500000624999844,0.8749998807907104,0.6249999403953552,0.6874999403953552
2,1,0.7499999062500118,0.5714284777641296,0.41666667457622486,0.9999998211860657,0.8333331942558289,0.49999991059303284
2,1,0.24999996875000394,0.7999998331069946,0.2500001249999375,0.0,0.0,0.0
2,1,0.24999996875000394,0.7999998331069946,0.2500001249999375,0.9999997615814209,0.7499998211860657,0.7499998211860657
1,1,0.8749998906250137,0.4285713732242584,0.4801587640823398,0.7368420362472534,0.8947367668151855,0.684210479259491
2,1,0.7499999062500118,0.3749999701976776,0.6458333611111065,0.5454545021057129,0.6363635659217834,0.27272725105285645
2,1,0.7499999062500118,0.3749999701976776,0.45833336111110645,0.7142856121063232,0.4285713732242584,0.5714284777641296
2,1,0.24999996875000394,0.7142856121063232,0.2500001249999375,0.5714285373687744,0.5714285373687744,0.4999999701976776
2,1,0.4999999375000079,0.4285713732242584,0.3750000624999844,0.4999999403953552,0.6249999403953552,0.3749999701976776
2,1,0.3749999531250059,0.7499999403953552,0.5000000456214295,0.7647057771682739,0.41176465153694153,0.3529411256313324
2,1,0.9999998750000157,0.4999999403953552,0.7083333439912776,0.9999998807907104,0.8571427464485168,0.8571427464485168
2,1,0.7499999062500118,0.7499999403953552,0.666666689477386,0.9999990463256836,0.9999990463256836,0.9999990463256836
2,1,0.6249999218750099,0.49999991059303284,0.42500003999999203,0.5714284777641296,0.5714284777641296,0.4285713732242584
2,1,0.7499999062500118,0.5714284777641296,0.5833333372881124,0.7777776718139648,0.555555522441864,0.4444443881511688
2,1,0.6249999218750099,0.7142856121063232,0.5083333534651104,0.666666567325592,0.7777776718139648,0.555555522441864
2,1,0.4999999375000079,0.9999998211860657,0.3750000624999844,0.8749998807907104,0.8749998807907104,0.7499999403953552
1,2,0.6249999218750099,0.5999999046325684,0.8000000185098799,0.7931033968925476,0.58620685338974,0.4827585816383362
1,2,0.7499999062500118,0.666666567325592,0.5000000416666597,0.8484848737716675,0.3636363744735718,0.3636363744735718
2,1,0.4999999375000079,0.7999998331069946,0.5000000312499921,0.7586206197738647,0.7586206197738647,0.517241358757019
2,1,0.7499999062500118,0.8571427464485168,0.45833336111110645,0.8620688915252686,0.3793103098869324,0.6206896305084229
1,2,0.3749999531250059,0.666666567325592,0.6666667172551499,0.7777777314186096,0.4814814329147339,0.555555522441864
2,1,0.6249999218750099,0.7499999403953552,0.30000003999999203,0.8571428060531616,0.5714285373687744,0.5714285373687744
3,1,0.24999996875000394,0.5999999046325684,0.2500001249999375,0.0,0.0,0.0
1,2,0.4999999375000079,0.19999995827674866,0.5000000624999844,0.7999999523162842,0.46666663885116577,0.5666666030883789
2,1,0.6249999218750099,0.7499999403953552,0.30000003999999203,0.9090908169746399,0.8181817531585693,0.5454545021057129
2,1,0.4999999375000079,0.5714284777641296,0.3750000624999844,0.555555522441864,0.7777776718139648,0.4444443881511688
2,1,0.24999996875000394,0.666666567325592,0.2500001249999375,0.8571428060531616,0.6428570747375488,0.2857142686843872
3,1,0.6249999218750099,0.6249999403953552,0.7000000170197638,0.0,0.0,0.0
3,1,0.3749999531250059,0.7142856121063232,0.5000000456214295,0.0,0.0,0.0
2,1,0.4999999375000079,0.5714284777641296,0.6250000312499921,0.8181817531585693,0.8181817531585693,0.7272726893424988
2,1,0.24999996875000394,0.5999999046325684,0.2500001249999375,0.6428570747375488,0.714285671710968,0.4999999701976776
1,2,0.6249999218750099,0.333333283662796,0.30000003999999203,0.7083332538604736,0.4999999701976776,0.4166666269302368
2,1,0.3749999531250059,0.666666567325592,0.5000000456214295,0.7499999403953552,0.6785714030265808,0.4999999701976776
2,1,0.7499999062500118,0.4285713732242584,0.4166666983992189,0.6785714030265808,0.6428570747375488,0.357142835855484
3,1,0.7499999062500118,0.166666641831398,0.7500000089218328,0.0,0.0,0.0
2,1,0.3749999531250059,0.8749998807907104,0.5000000456214295,0.8333331942558289,0.333333283662796,0.666666567325592
3,1,0.6249999218750099,0.166666641831398,0.5916666967325512,0.0,0.0,0.0
3,1,0.7499999062500118,0.2857142388820648,0.39583336111110645,0.0,0.0,0.0
2,1,0.0,0.9999998211860657,1.0,0.7499999403953552,0.6666666269302368,0.2499999850988388
2,1,0.6249999218750099,0.166666641831398,0.5083333534651104,0.7499999403953552,0.3749999701976776,0.3749999701976776
2,1,0.9999998750000157,0.2499999701976776,0.750000015624998,0.0,0.0,0.0
2,1,0.8749998906250137,0.3749999701976776,0.5634920924486194,0.9090908169746399,0.45454540848731995,0.45454540848731995
1,2,0.4999999375000079,0.5714284777641296,0.3750000624999844,0.6521738767623901,0.5652173161506653,0.5217390656471252
2,1,0.24999996875000394,0.8571427464485168,0.2500001249999375,0.9090908169746399,0.5454545021057129,0.6363635659217834
2,1,0.7499999062500118,0.2857142388820648,0.45833336111110645,0.863636314868927,0.5454545021057129,0.45454540848731995
2,1,0.9999998750000157,0.1249999850988388,0.7083333439912776,0.7142856121063232,0.9999998807907104,0.8571427464485168
2,1,0.6249999218750099,0.4999999403953552,0.42500003999999203,0.7894735932350159,0.5263157486915588,0.42105257511138916
2,1,0.7499999062500118,0.3749999701976776,0.3333333849341005,0.7999998331069946,0.5999999046325684,0.5999999046325684
2,1,0.7499999062500118,0.1428571194410324,0.5000000178436657,0.9999998807907104,0.29999998211860657,0.6999999284744263
4,1,0.7499999062500118,0.3749999701976776,0.7500000089218328,0.0,0.0,0.0
2,1,0.7499999062500118,0.2499999701976776,0.41666667457622486,0.9999998807907104,0.2499999701976776,0.3749999701976776
1,2,0.8749998906250137,0.1249999850988388,0.5571428656300885,0.7499999403953552,0.7499999403953552,0.3124999701976776
1,2,0.7499999062500118,0.2499999701976776,0.666666689477386,0.4166666269302368,0.8333332538604736,0.4999999701976776
2,1,0.7499999062500118,0.2499999701976776,0.3333333849341005,0.9999997615814209,0.7499998211860657,0.7499998211860657
2,1,0.3749999531250059,0.6249999403953552,0.6666667172551499,0.6666666269302368,0.46666663885116577,0.5333333015441895
2,1,0.24999996875000394,0.7499999403953552,0.2500001249999375,0.7142856121063232,0.2857142388820648,0.4285713732242584
2,1,0.24999996875000394,0.7499999403953552,0.2500001249999375,0.7999998331069946,0.7999998331069946,0.7999998331069946
2,1,0.8749998906250137,0.1249999850988388,0.42460318203583103,0.7916666269302368,0.4166666269302368,0.458333283662796
2,1,0.24999996875000394,0.7499999403953552,0.2500001249999375,0.8571427464485168,0.7142856121063232,0.2857142388820648
2,1,0.4999999375000079,0.4999999403953552,0.2500000624999844,0.7857142090797424,0.357142835855484,0.4999999701976776
2,1,0.8749998906250137,0.1428571194410324,0.6821428805312497,0.9999995231628418,0.4999997615814209,0.0
2,1,0.0,0.9999998211860657,1.0,0.7499999403953552,0.4999999403953552,0.3749999701976776
2,1,0.3749999531250059,0.49999991059303284,0.5000000456214295,0.5454545021057129,0.5454545021057129,0.3636363446712494
2,1,0.7499999062500118,0.2857142388820648,0.5000000416666597,0.6666664481163025,0.6666664481163025,0.6666664481163025
2,1,0.3749999531250059,0.7142856121063232,0.5000000456214295,0.5454545021057129,0.5454545021057129,0.5454545021057129
1,2,0.24999996875000394,0.8571427464485168,0.2500001249999375,0.8461537957191467,0.6923076510429382,0.6923076510429382
2,1,0.7499999062500118,0.2857142388820648,0.5000000416666597,0.6666664481163025,0.33333322405815125,0.9999997019767761
2,1,0.24999996875000394,0.666666567325592,0.2500001249999375,0.7499999403953552,0.2499999701976776,0.2499999701976776
2,1,0.7499999062500118,0.2857142388820648,0.3333333849341005,0.6666666269302368,0.4999999701976776,0.3333333134651184
2,1,0.24999996875000394,0.666666567325592,0.5000001249999375,0.9090908169746399,0.5454545021057129,0.8181817531585693
2,1,0.4999999375000079,0.4285713732242584,0.3750000624999844,0.9999999403953552,0.7692307233810425,0.615384578704834
2,1,0.6249999218750099,0.4999999403953552,0.30000003999999203,0.6999999284744263,0.5999999642372131,0.3999999761581421
2,1,0.3749999531250059,0.5714284777641296,0.5000000456214295,0.7499999403953552,0.4999999403953552,0.3749999701976776
2,1,0.8749998906250137,0.2499999701976776,0.5079365253032718,0.7692307233810425,0.615384578704834,0.615384578704834
2,1,0.9999998750000157,0.1249999850988388,0.500000031249996,0.4999999403953552,0.6999999284744263,0.3999999761581421
2,1,0.24999996875000394,0.7499999403953552,0.2500001249999375,0.9999999403953552,0.5714285373687744,0.4999999701976776
2,1,0.24999996875000394,0.7499999403953552,0.2500001249999375,0.5714284777641296,0.5714284777641296,0.4285713732242584
3,1,0.7499999062500118,0.2499999701976776,0.666666689477386,0.0,0.0,0.0
2,1,0.8749998906250137,0.1249999850988388,0.5029761910161359,0.7272726893424988,0.45454540848731995,0.6363635659217834
2,1,0.7499999062500118,0.2499999701976776,0.2500000416666597,0.4999997615814209,0.4999997615814209,0.0
2,1,0.8749998906250137,0.1249999850988388,0.632142883511482,0.7999998331069946,0.7999998331069946,0.7999998331069946
2,1,0.24999996875000394,0.7499999403953552,0.2500001249999375,0.6666666269302368,0.4999999701976776,0.4999999701976776
2,1,0.8749998906250137,0.1249999850988388,0.5321428894719464,0.8571428060531616,0.6428570747375488,0.357142835855484
2,1,0.6249999218750099,0.3749999701976776,0.5916666967325512,0.6428570747375488,0.714285671710968,0.4999999701976776
2,1,0.4999999375000079,0.4999999403953552,0.3750000624999844,0.7999998331069946,0.9999998211860657,0.5999999046325684
2,1,0.9999998750000157,0.3749999701976776,0.7083333439912776,0.555555522441864,0.7777776718139648,0.4444443881511688
1,2,0.6249999218750099,0.7499999403953552,0.6000000080790671,0.4285713732242584,0.5714284777641296,0.4285713732242584
2,1,0.4999999375000079,0.49999991059303284,0.3750000624999844,0.9999998211860657,0.19999995827674866,0.5999999046325684
1,2,0.7499999062500118,0.4285713732242584,0.5000000178436657,0.9999998211860657,0.5999999046325684,0.9999998211860657
2,1,0.8749998906250137,0.4999999403953552,0.5634920924486194,0.7777776718139648,0.333333283662796,0.4444443881511688
2,1,0.9999998750000157,0.3749999701976776,0.6180555607805223,0.8888887763023376,0.7777776718139648,0.666666567325592
1,2,0.4999999375000079,0.7142856121063232,0.3750000624999844,0.7499999403953552,0.6249999403953552,0.2499999701976776
1,2,0.3749999531250059,0.8571427464485168,0.3333333888888703,0.6363635659217834,0.5454545021057129,0.27272725105285645
1,2,0.4999999375000079,0.7142856121063232,0.3750000624999844,0.8181817531585693,0.6363635659217834,0.6363635659217834
2,1,0.24999996875000394,0.5999999046325684,0.2500001249999375,0.8181817531585693,0.6363635659217834,0.3636363446712494
1,2,0.6249999218750099,0.4285713732242584,0.46666669673255123,0.4999999403953552,0.6999999284744263,0.29999998211860657
1,2,0.24999996875000394,0.666666567325592,0.5000001249999375,0.6923076510429382,0.6923076510429382,0.307692289352417
2,1,0.8749998906250137,0.3749999701976776,0.5079365253032718,0.7857142090797424,0.4999999701976776,0.714285671710968
1,2,0.9999998750000157,0.2499999701976776,0.43750003124999604,0.8571428060531616,0.357142835855484,0.714285671710968
2,1,0.7499999062500118,0.2857142388820648,0.4166666983992189,0.666666567325592,0.555555522441864,0.555555522441864
1,1,0.6249999218750099,0.666666567325592,0.38333335346511044,0.6666666269302368,0.6666666269302368,0.2499999850988388
1,2,0.3749999531250059,0.49999988079071045,0.3333333888888703,0.7142856121063232,0.5714284777641296,0.1428571194410324
1,2,0.4999999375000079,0.24999994039535522,0.2500000624999844,0.916666567325592,0.4999999701976776,0.3333333134651184
1,2,0.7499999062500118,0.49999991059303284,0.5000000416666597,0.7499998211860657,0.49999988079071045,0.24999994039535522
1,1,0.24999996875000394,0.9999998211860657,0.2500001249999375,0.6666666269302368,0.7499999403953552,0.4999999701976776
1,2,0.7499999062500118,0.2857142388820648,0.2500000416666597,0.6923076510429382,0.6923076510429382,0.615384578704834
2,1,0.7499999062500118,0.0,0.41666667457622486,0.9999998807907104,0.1249999850988388,0.4999999403953552
1,2,0.7499999062500118,0.2857142388820648,0.3333333849341005,0.7999998331069946,0.3999999165534973,0.3999999165534973
1,2,0.7499999062500118,0.4999999403953552,0.5000000416666597,0.7857142090797424,0.714285671710968,0.4999999701976776
2,1,0.6249999218750099,0.166666641831398,0.30000003999999203,0.2857142388820648,0.7142856121063232,0.2857142388820648
2,1,0.9999998750000157,0.2499999701976776,0.45138888914680186,0.7999998331069946,0.19999995827674866,0.5999999046325684
2,1,0.6249999218750099,0.4285713732242584,0.38333335346511044,0.8571428060531616,0.6428570747375488,0.4999999701976776
1,2,0.4999999375000079,0.7499999403953552,0.2500000624999844,0.6666666269302368,0.5833333134651184,0.1666666567325592
1,2,0.7499999062500118,0.2857142388820648,0.4166666983992189,0.6363635659217834,0.7272726893424988,0.45454540848731995
3,1,0.6249999218750099,0.6249999403953552,0.7000000170197638,0.0,0.0,0.0
3,1,0.7499999062500118,0.4285713732242584,0.3333333849341005,0.0,0.0,0.0
1,2,0.4999999375000079,0.49999991059303284,0.3750000624999844,0.8235293030738831,0.5882351994514465,0.7058822512626648
1,2,0.24999996875000394,0.8333331942558289,0.5000001249999375,0.6470587253570557,0.8235293030738831,0.47058817744255066
2,1,0.9999998750000157,0.3749999701976776,0.500000031249996,0.7692307233810425,0.8461537957191467,0.615384578704834
2,1,0.7499999062500118,0.166666641831398,0.4166666983992189,0.5263157486915588,0.5263157486915588,0.3684210181236267
2,1,0.4999999375000079,0.4999999403953552,0.7500000312499921,0.7692307233810425,0.615384578704834,0.307692289352417
3,1,0.6249999218750099,0.3749999701976776,0.5916666967325512,0.0,0.0,0.0
2,1,0.6249999218750099,0.3749999701976776,0.5083333534651104,0.4999999403953552,0.5999999642372131,0.29999998211860657
3,1,0.24999996875000394,0.7499999403953552,0.5000001249999375,0.0,0.0,0.0
2,1,0.4999999375000079,0.4999999403953552,0.3750000624999844,0.9999998807907104,0.555555522441864,0.555555522441864
2,1,0.4999999375000079,0.6249999403953552,0.3750000624999844,0.9999998807907104,0.3749999701976776,0.7499999403953552
3,1,0.6249999218750099,0.4999999403953552,0.7000000170197638,0.0,0.0,0.0
1,2,0.9999998750000157,0.1249999850988388,0.7083333439912776,0.5999999642372131,0.6999999284744263,0.09999999403953552
1,2,0.6249999218750099,0.4999999403953552,0.5083333534651104,0.8888887763023376,0.555555522441864,0.333333283662796
2,1,0.4999999375000079,0.6249999403953552,0.2500000624999844,0.8333331942558289,0.49999991059303284,0.49999991059303284
1,2,0.4999999375000079,0.333333283662796,0.5000000624999844,0.7692307233810425,0.4615384340286255,0.615384578704834
1,2,0.4999999375000079,0.5714284777641296,0.2500000624999844,0.8749998807907104,0.6874999403953552,0.6249999403953552
2,1,0.4999999375000079,0.7499999403953552,0.3750000624999844,0.6666666269302368,0.7333332896232605,0.46666663885116577
1,2,0.9999998750000157,0.2499999701976776,0.43750003124999604,0.8749998807907104,0.3124999701976776,0.5624999403953552
2,1,0.8749998906250137,0.1428571194410324,0.4523809730590854,0.8333332538604736,0.8333332538604736,0.3333333134651184
2,1,0.8749998906250137,0.3749999701976776,0.582142871590553,0.9999998807907104,0.6249999403953552,0.3749999701976776
1,1,0.7499999062500118,0.4999999403953552,0.4166666983992189,0.6666666269302368,0.7333332896232605,0.5999999642372131
2,1,0.4999999375000079,0.5714284777641296,0.3750000624999844,0.7272726893424988,0.45454540848731995,0.3636363446712494
2,1,0.7499999062500118,0.4999999403953552,0.2500000416666597,0.6428570747375488,0.5714285373687744,0.4285714030265808
2,1,0.8749998906250137,0.3749999701976776,0.369047659593967,0.6666666269302368,0.7499999403953552,0.4999999701976776
2,1,0.4999999375000079,0.4285713732242584,0.6250000312499921,0.923076868057251,0.5384615063667297,0.615384578704834
1,1,0.6249999218750099,0.2857142388820648,0.5083333534651104,0.7241379022598267,0.5517240762710571,0.4827585816383362
3,1,0.4999999375000079,0.4285713732242584,0.2500000624999844,0.0,0.0,0.0
2,1,0.6249999218750099,0.2857142388820648,0.7000000170197638,0.7999999523162842,0.6666666269302368,0.5999999642372131
2,1,0.6249999218750099,0.4999999403953552,0.38333335346511044,0.5714284777641296,0.7142856121063232,0.7142856121063232
2,1,0.6249999218750099,0.166666641831398,0.46666669673255123,0.7222221493721008,0.611111044883728,0.4999999403953552
1,2,0.3749999531250059,0.7142856121063232,0.5000000456214295,0.7999999523162842,0.29999998211860657,0.5999999642372131
1,2,0.3749999531250059,0.8749998807907104,0.5000000456214295,0.8235293030738831,0.7058822512626648,0.5294117331504822
3,1,0.6249999218750099,0.166666641831398,0.7000000170197638,0.0,0.0,0.0
2,1,0.4999999375000079,0.5714284777641296,0.3750000624999844,0.6428570747375488,0.4999999701976776,0.6428570747375488
2,1,0.4999999375000079,0.6249999403953552,0.3750000624999844,0.916666567325592,0.4999999701976776,0.5833333134651184
1,2,0.6249999218750099,0.4999999403953552,0.5916666967325512,0.6818181276321411,0.7727271914482117,0.4999999701976776
2,1,0.24999996875000394,0.8749998807907104,0.2500001249999375,0.9999995231628418,0.4999997615814209,0.9999995231628418
2,1,0.3749999531250059,0.7499999403953552,0.5000000456214295,0.5909090638160706,0.6363635659217834,0.4999999701976776
2,1,0.9999998750000157,0.1249999850988388,0.562500023437497,0.6666666269302368,0.6666666269302368,0.5833333134651184
2,1,0.7499999062500118,0.333333283662796,0.5833333372881124,0.5999999642372131,0.44999995827674866,0.34999996423721313
2,1,0.7499999062500118,0.333333283662796,0.3333333849341005,0.8571428060531616,0.7857142090797424,0.357142835855484
3,1,0.7499999062500118,0.5714284777641296,0.39583336111110645,0.0,0.0,0.0
1,2,0.8749998906250137,0.4285713732242584,0.3412698685707126,0.8499999046325684,0.6499999165534973,0.6499999165534973
2,1,0.9999998750000157,0.4999999403953552,0.8750000078124991,0.9999998807907104,0.8749998807907104,0.9999998807907104
1,2,0.4999999375000079,0.666666567325592,0.6250000312499921,0.8947367668151855,0.473684161901474,0.5263157486915588
1,2,0.9999998750000157,0.4999999403953552,0.45138888914680186,0.5882351994514465,0.47058817744255066,0.3529411256313324
2,1,0.7499999062500118,0.5714284777641296,0.6458333611111065,0.8888887763023376,0.611111044883728,0.666666567325592
3,1,0.7499999062500118,0.5714284777641296,0.7500000089218328,0.0,0.0,0.0
1,2,0.24999996875000394,0.7999998331069946,0.5000001249999375,0.666666567325592,0.7222221493721008,0.4444443881511688
1,2,0.6249999218750099,0.4999999403953552,0.400000019999996,0.9999997615814209,0.49999988079071045,0.49999988079071045
2,1,0.6249999218750099,0.2857142388820648,0.30000003999999203,0.4285713732242584,0.8571427464485168,0.1428571194410324
1,2,0.7499999062500118,0.1428571194410324,0.41666667457622486,0.9999997615814209,0.49999988079071045,0.7499998211860657
1,2,0.8749998906250137,0.2499999701976776,0.5571428656300885,0.7499998211860657,0.49999988079071045,0.7499998211860657
1,2,0.24999996875000394,0.8749998807907104,0.5000001249999375,0.7999999523162842,0.4999999403953552,0.4999999403953552
2,1,0.6249999218750099,0.7142856121063232,0.30000003999999203,0.6999999284744263,0.5999999642372131,0.4999999403953552
1,2,0.4999999375000079,0.3999999165534973,0.2500000624999844,0.6363635659217834,0.45454540848731995,0.3636363446712494
1,2,0.9999998750000157,0.4999999403953552,0.6583333469715098,0.8333332538604736,0.7499999403953552,0.5833333134651184
1,2,0.4999999375000079,0.666666567325592,0.3750000624999844,0.8333331942558289,0.49999991059303284,0.666666567325592
2,1,0.24999996875000394,0.9999998211860657,0.5000001249999375,0.684210479259491,0.5263157486915588,0.5263157486915588
1,2,0.4999999375000079,0.7499999403953552,0.2500000624999844,0.6363635659217834,0.5454545021057129,0.5454545021057129
2,1,0.7499999062500118,0.4999999403953552,0.5000000178436657,0.7499999403953552,0.7499999403953552,0.4166666269302368
1,2,0.4999999375000079,0.5714284777641296,0.3750000624999844,0.8888887763023376,0.611111044883728,0.7777776718139648
1,2,0.6249999218750099,0.4285713732242584,0.5083333534651104,0.8749998807907104,0.4999999403953552,0.4374999403953552
1,2,0.8749998906250137,0.3749999701976776,0.4801587640823398,0.947368323802948,0.5263157486915588,0.42105257511138916
2,1,0.8749998906250137,0.1249999850988388,0.582142871590553,0.916666567325592,0.4166666269302368,0.4166666269302368
1,2,0.6249999218750099,0.3749999701976776,0.5916666967325512,0.7499998211860657,0.7499998211860657,0.24999994039535522
1,2,0.3749999531250059,0.6249999403953552,0.5000000456214295,0.916666567325592,0.5833333134651184,0.6666666269302368
1,2,0.6249999218750099,0.3749999701976776,0.30000003999999203,0.9999998807907104,0.666666567325592,0.555555522441864
2,1,0.6249999218750099,0.3749999701976776,0.42500003999999203,0.7999999523162842,0.4999999403953552,0.5999999642372131
1,2,0.9999998750000157,0.2499999701976776,0.45833332909011637,0.9999990463256836,0.9999990463256836,0.9999990463256836
2,1,0.9999998750000157,0.2499999701976776,0.750000015624998,0.8571427464485168,0.4285713732242584,0.2857142388820648
1,2,0.0,0.9999998211860657,1.0,0.8571427464485168,0.4285713732242584,0.5714284777641296
2,1,0.3749999531250059,0.49999991059303284,0.5000000456214295,0.6249999403953552,0.7499999403953552,0.3749999701976776
2,1,0.7499999062500118,0.4999999403953552,0.5000000416666597,0.6666666269302368,0.916666567325592,0.4999999701976776
1,2,0.8749998906250137,0.6249999403953552,0.5654761910161359,0.8124998807907104,0.4999999403953552,0.6874999403953552
2,1,0.6249999218750099,0.49999991059303284,0.38333335346511044,0.8124998807907104,0.4999999403953552,0.4999999403953552
1,2,0.7499999062500118,0.5714284777641296,0.5000000416666597,0.555555522441864,0.7222221493721008,0.3888888359069824
1,2,0.6249999218750099,0.49999991059303284,0.5083333534651104,0.8333332538604736,0.4166666269302368,0.6666666269302368
2,1,0.4999999375000079,0.8571427464485168,0.2500000624999844,0.9999998211860657,0.8333331942558289,0.666666567325592
1,1,0.4999999375000079,0.666666567325592,0.3750000624999844,0.8571428060531616,0.6428570747375488,0.6428570747375488
2,1,0.8749998906250137,0.4285713732242584,0.42460318203583103,0.7499999403953552,0.5833333134651184,0.5833333134651184
2,1,0.4999999375000079,0.8571427464485168,0.2500000624999844,0.6666664481163025,0.9999997019767761,0.6666664481163025
2,1,0.6249999218750099,0.49999991059303284,0.46666669673255123,0.7692307233810425,0.4615384340286255,0.5384615063667297
2,1,0.24999996875000394,0.9999998211860657,0.2500001249999375,0.7499999403953552,0.5833333134651184,0.4999999701976776
1,1,0.4999999375000079,0.49999991059303284,0.5000000312499921,0.7692307233810425,0.6923076510429382,0.4615384340286255
1,2,0.6249999218750099,0.0,0.5083333534651104,0.7142856121063232,0.7142856121063232,0.4285713732242584
1,2,0.4999999375000079,0.49999991059303284,0.5000000624999844,0.7499999403953552,0.4166666269302368,0.5833333134651184
2,1,0.6249999218750099,0.333333283662796,0.30000003999999203,0.8999999165534973,0.3999999761581421,0.6999999284744263
1,2,0.8749998906250137,0.4999999403953552,0.42460318203583103,0.8181817531585693,0.5454545021057129,0.1818181723356247
1,2,0.7499999062500118,0.4285713732242584,0.4166666983992189,0.8461537957191467,0.38461536169052124,0.307692289352417
1,2,0.3749999531250059,0.8571427464485168,0.3333333888888703,0.8571428060531616,0.357142835855484,0.357142835855484
2,1,0.4999999375000079,0.8749998807907104,0.2500000624999844,0.8749998807907104,0.4999999403953552,0.7499999403953552
1,2,0.4999999375000079,0.7142856121063232,0.5000000624999844,0.5999999642372131,0.4999999403953552,0.5999999642372131
1,2,0.8749998906250137,0.4999999403953552,0.632142883511482,0.7499999403953552,0.4999999701976776,0.4999999701976776
1,2,0.8749998906250137,0.3749999701976776,0.5634920924486194,0.9999997615814209,0.49999988079071045,0.49999988079071045
1,2,0.4999999375000079,0.5714284777641296,0.3750000624999844,0.6249999403953552,0.8749998807907104,0.2499999701976776
1,2,0.24999996875000394,0.8571427464485168,0.5000001249999375,0.7999998331069946,0.3999999165534973,0.19999995827674866
1,1,0.4999999375000079,0.7499999403953552,0.3750000624999844,0.6999999284744263,0.4999999403953552,0.6999999284744263
1,2,0.24999996875000394,0.8571427464485168,0.2500001249999375,0.7499999403953552,0.7499999403953552,0.3749999701976776
1,2,0.4999999375000079,0.8571427464485168,0.5000000624999844,0.9999998211860657,0.5999999046325684,0.5999999046325684
1,2,0.24999996875000394,0.7999998331069946,0.2500001249999375,0.8888887763023376,0.666666567325592,0.7777776718139648
2,1,0.4999999375000079,0.666666567325592,0.5000000312499921,0.0,0.0,0.0
1,2,0.6249999218750099,0.7142856121063232,0.30000003999999203,0.9999998211860657,0.5999999046325684,0.19999995827674866
1,2,0.4999999375000079,0.666666567325592,0.3750000624999844,0.555555522441864,0.8888887763023376,0.4444443881511688
1,2,0.8749998906250137,0.3749999701976776,0.5634920924486194,0.9999997615814209,0.24999994039535522,0.7499998211860657
1,2,0.3749999531250059,0.7142856121063232,0.3333333888888703,0.9999997615814209,0.49999988079071045,0.0
1,2,0.4999999375000079,0.7499999403953552,0.5000000624999844,0.8749998807907104,0.6249999403953552,0.7499999403953552
1,2,0.0,0.9999998211860657,1.0,0.6666664481163025,0.6666664481163025,0.6666664481163025
1,2,0.24999996875000394,0.666666567325592,0.2500001249999375,0.7499998211860657,0.49999988079071045,0.7499998211860657
2,1,0.24999996875000394,0.9999998211860657,0.2500001249999375,0.7499999403953552,0.4999999701976776,0.4166666269302368
1,2,0.4999999375000079,0.666666567325592,0.3750000624999844,0.555555522441864,0.611111044883728,0.611111044883728
2,1,0.24999996875000394,0.9999998211860657,0.2500001249999375,0.8749998807907104,0.3749999701976776,0.5624999403953552
1,2,0.4999999375000079,0.3999999165534973,0.2500000624999844,0.7333332896232605,0.7999999523162842,0.5333333015441895
1,2,0.6249999218750099,0.7142856121063232,0.46666669673255123,0.8823528289794922,0.41176465153694153,0.41176465153694153
7,1,0.9999998750000157,0.0,0.562500023437497,0.0,0.0,0.0
2,1,0.7499999062500118,0.2499999701976776,0.2500000416666597,0.8124998807907104,0.6874999403953552,0.3749999701976776
2,1,0.4999999375000079,0.4999999403953552,0.5000000624999844,0.8124998807907104,0.5624999403953552,0.6249999403953552
2,1,0.7499999062500118,0.2499999701976776,0.4166666983992189,0.7999999523162842,0.6999999284744263,0.4999999403953552
2,1,0.4999999375000079,0.4999999403953552,0.5000000624999844,0.7999999523162842,0.5333333015441895,0.6666666269302368
2,1,0.4999999375000079,0.4999999403953552,0.5000000624999844,0.684210479259491,0.473684161901474,0.2631578743457794
2,1,0.4999999375000079,0.4999999403953552,0.5000000624999844,0.7647057771682739,0.5882351994514465,0.5882351994514465
2,1,0.3749999531250059,0.6249999403953552,0.3333333888888703,0.666666567325592,0.666666567325592,0.4444443881511688
2,1,0.7499999062500118,0.2499999701976776,0.2500000416666597,0.7894735932350159,0.7368420362472534,0.5263157486915588
2,1,0.6249999218750099,0.3749999701976776,0.5083333534651104,0.8749999403953552,0.5833333134651184,0.4166666269302368
2,1,0.4999999375000079,0.5714284777641296,0.5000000624999844,0.7692307233810425,0.4999999701976776,0.4999999701976776
2,1,0.7499999062500118,0.2857142388820648,0.6458333611111065,0.8749998807907104,0.6249999403953552,0.4999999403953552
2,1,0.7499999062500118,0.2857142388820648,0.5833333372881124,0.9999998211860657,0.3999999165534973,0.5999999046325684
2,1,0.7499999062500118,0.4999999403953552,0.2500000416666597,0.9999997615814209,0.0,0.7499998211860657
2,1,0.8749998906250137,0.1428571194410324,0.42460318203583103,0.4999997615814209,0.9999995231628418,0.4999997615814209
2,1,0.6249999218750099,0.4285713732242584,0.5916666967325512,0.5384615063667297,0.7692307233810425,0.23076921701431274
2,1,0.9999998750000157,0.2499999701976776,0.750000015624998,0.9999995231628418,0.9999995231628418,0.4999997615814209
2,1,0.7499999062500118,0.4999999403953552,0.5208333611111065,0.9999998211860657,0.3999999165534973,0.5999999046325684
1,2,0.8749998906250137,0.1428571194410324,0.7113095342835767,0.6999999284744263,0.7999999523162842,0.6499999165534973
3,1,0.7499999062500118,0.4999999403953552,0.39583336111110645,0.0,0.0,0.0
3,1,0.4999999375000079,0.5714284777641296,0.3750000624999844,0.0,0.0,0.0
2,1,0.4999999375000079,0.5714284777641296,0.3750000624999844,0.7999999523162842,0.4999999403953552,0.5999999642372131
2,1,0.8749998906250137,0.3749999701976776,0.5634920924486194,0.6999999284744263,0.4999999403953552,0.5999999642372131
2,1,0.4999999375000079,0.333333283662796,0.3750000624999844,0.6666664481163025,0.9999997019767761,0.6666664481163025
1,2,0.4999999375000079,0.333333283662796,0.3750000624999844,0.8823528289794922,0.3529411256313324,0.6470587253570557
2,1,0.8749998906250137,0.4999999403953552,0.5029761910161359,0.7499998211860657,0.49999988079071045,0.49999988079071045
2,1,0.4999999375000079,0.8749998807907104,0.5000000312499921,0.714285671710968,0.6428570747375488,0.4999999701976776
4,1,0.6249999218750099,0.5714284777641296,0.5083333534651104,0.0,0.0,0.0
3,1,0.7499999062500118,0.4285713732242584,0.7500000089218328,0.0,0.0,0.0
2,1,0.4999999375000079,0.49999991059303284,0.5000000312499921,0.7857142090797424,0.6428570747375488,0.2857142686843872
2,1,0.4999999375000079,0.4999999403953552,0.7500000312499921,0.3636363446712494,0.8181817531585693,0.3636363446712494
2,1,0.7499999062500118,0.2499999701976776,0.5000000178436657,0.714285671710968,0.7857142090797424,0.4285714030265808
2,1,0.3749999531250059,0.6249999403953552,0.5000000456214295,0.7272726893424988,0.7272726893424988,0.6363635659217834
2,1,0.6249999218750099,0.3749999701976776,0.5083333534651104,0.6923076510429382,0.5384615063667297,0.307692289352417
2,1,0.0,0.9999998807907104,1.0,0.5714284777641296,0.7142856121063232,0.2857142388820648
2,1,0.8749998906250137,0.6249999403953552,0.632142883511482,0.9999997615814209,0.7499998211860657,0.49999988079071045
2,1,0.4999999375000079,0.8571427464485168,0.2500000624999844,0.5999999642372131,0.7999999523162842,0.46666663885116577
1,2,0.8749998906250137,0.6249999403953552,0.4523809730590854,0.5714285373687744,0.6428570747375488,0.2857142686843872
2,1,0.4999999375000079,0.8571427464485168,0.37500003124999215,0.4444443881511688,0.4444443881511688,0.2222221940755844
2,1,0.9999998750000157,0.4999999403953552,0.6041666950712175,0.7272726893424988,0.8181817531585693,0.45454540848731995
2,1,0.4999999375000079,0.7142856121063232,0.3750000624999844,0.9999999403953552,0.5833333134651184,0.7499999403953552
2,1,0.7499999062500118,0.4285713732242584,0.666666689477386,0.0,0.0,0.0
2,1,0.7499999062500118,0.6249999403953552,0.5208333611111065,0.7272726893424988,0.5454545021057129,0.3636363446712494
1,2,0.24999996875000394,0.8333331942558289,0.5000001249999375,0.7999998331069946,0.9999998211860657,0.3999999165534973
1,2,0.4999999375000079,0.7142856121063232,0.6250000312499921,0.8181817531585693,0.3636363446712494,0.27272725105285645
2,1,0.0,0.9999998807907104,1.0,0.8571428060531616,0.6428570747375488,0.4999999701976776
2,1,0.24999996875000394,0.7499999403953552,0.2500001249999375,0.8181817531585693,0.6363635659217834,0.5454545021057129
2,1,0.8749998906250137,0.1249999850988388,0.42460318203583103,0.8888887763023376,0.666666567325592,0.666666567325592
2,1,0.4999999375000079,0.4999999403953552,0.3750000624999844,0.7999999523162842,0.6999999284744263,0.3999999761581421
3,1,0.7499999062500118,0.2499999701976776,0.7500000089218328,0.0,0.0,0.0
3,1,0.24999996875000394,0.666666567325592,0.2500001249999375,0.0,0.0,0.0
2,1,0.3749999531250059,0.7142856121063232,0.6666667172551499,0.5333333015441895,0.7333332896232605,0.46666663885116577
2,1,0.24999996875000394,0.8571427464485168,0.2500001249999375,0.5714284777641296,0.5714284777641296,0.4285713732242584
3,1,0.4999999375000079,0.5714284777641296,0.5000000312499921,0.0,0.0,0.0
2,1,0.3749999531250059,0.7142856121063232,0.5000000456214295,0.49999988079071045,0.7499998211860657,0.49999988079071045
2,1,0.4999999375000079,0.5714284777641296,0.5000000624999844,0.8181817531585693,0.45454540848731995,0.45454540848731995
2,1,0.6249999218750099,0.6249999403953552,0.5916666967325512,0.9090908169746399,0.6363635659217834,0.7272726893424988
2,1,0.3749999531250059,0.49999991059303284,0.5000000456214295,0.9999997019767761,0.9999997019767761,0.9999997019767761
2,1,0.4999999375000079,0.333333283662796,0.37500003124999215,0.9999990463256836,0.0,0.9999990463256836
2,1,0.9999998750000157,0.2499999701976776,0.43750003124999604,0.7692307233810425,0.8461537957191467,0.4615384340286255
2,1,0.6249999218750099,0.3749999701976776,0.42500003999999203,0.5454545021057129,0.9090908169746399,0.45454540848731995
2,1,0.6249999218750099,0.3749999701976776,0.30000003999999203,0.9999990463256836,0.0,0.9999990463256836
2,1,0.7499999062500118,0.2499999701976776,0.45833336111110645,0.3999999761581421,0.6999999284744263,0.4999999403953552
2,1,0.4999999375000079,0.4999999403953552,0.3750000624999844,0.7499998211860657,0.49999988079071045,0.0
2,1,0.8749998906250137,0.1249999850988388,0.4523809730590854,0.8666666150093079,0.5999999642372131,0.3999999761581421
2,1,0.6249999218750099,0.6249999403953552,0.38333335346511044,0.9999990463256836,0.9999990463256836,0.0
1,2,0.4999999375000079,0.333333283662796,0.3750000624999844,0.8571428060531616,0.8571428060531616,0.714285671710968
3,1,0.24999996875000394,0.8571427464485168,0.5000001249999375,0.0,0.0,0.0
2,1,0.4999999375000079,0.5714284777641296,0.6250000312499921,0.7499999403953552,0.6249999403953552,0.6249999403953552
2,1,0.9999998750000157,0.2499999701976776,0.5208333667049379,0.8571427464485168,0.5714284777641296,0.4285713732242584
2,1,0.7499999062500118,0.3749999701976776,0.3333333849341005,0.7692307233810425,0.6923076510429382,0.4615384340286255
2,1,0.4999999375000079,0.4285713732242584,0.3750000624999844,0.9999998807907104,0.6249999403953552,0.7499999403953552
3,1,0.7499999062500118,0.3749999701976776,0.4166666983992189,0.0,0.0,0.0
2,1,0.8749998906250137,0.2499999701976776,0.369047659593967,0.7999999523162842,0.8666666150093079,0.5333333015441895
1,2,0.7499999062500118,0.3749999701976776,0.2500000416666597,0.7333332896232605,0.5999999642372131,0.46666663885116577
2,1,0.24999996875000394,0.8333331942558289,0.5000001249999375,0.714285671710968,0.4999999701976776,0.6428570747375488
2,1,0.4999999375000079,0.49999991059303284,0.2500000624999844,0.7777776718139648,0.4444443881511688,0.666666567325592
2,1,0.0,0.9999998211860657,1.0,0.8571428060531616,0.6428570747375488,0.5714285373687744
2,1,0.4999999375000079,0.7142856121063232,0.3750000624999844,0.7857142090797424,0.7857142090797424,0.5714285373687744
2,1,0.8749998906250137,0.2857142388820648,0.4821428775510175,0.5624999403953552,0.4374999403953552,0.3749999701976776
1,1,0.4999999375000079,0.4999999403953552,0.2500000624999844,0.8518518209457397,0.6296296119689941,0.4814814329147339
2,1,0.8749998906250137,0.1249999850988388,0.5029761910161359,0.8999999165534973,0.5999999642372131,0.6999999284744263
2,1,0.6249999218750099,0.3749999701976776,0.38333335346511044,0.928571343421936,0.2857142686843872,0.7857142090797424
2,1,0.3749999531250059,0.6249999403953552,0.5000000456214295,0.8181817531585693,0.3636363446712494,0.5454545021057129
2,1,0.8749998906250137,0.1249999850988388,0.4821428775510175,0.7272726893424988,0.45454540848731995,0.45454540848731995
1,2,0.4999999375000079,0.6249999403953552,0.2500000624999844,0.7777776718139648,0.611111044883728,0.611111044883728
2,1,0.9999998750000157,0.1249999850988388,0.8750000078124991,0.9999998211860657,0.5999999046325684,0.9999998211860657
2,1,0.7499999062500118,0.3749999701976776,0.5208333611111065,0.9999998211860657,0.666666567325592,0.666666567325592
2,1,0.3749999531250059,0.5714284777641296,0.5000000456214295,0.9374998807907104,0.5624999403953552,0.7499999403953552
2,1,0.8749998906250137,0.0,0.4801587640823398,0.9090908169746399,0.9090908169746399,0.7272726893424988
2,1,0.6249999218750099,0.5714284777641296,0.30000003999999203,0.6666666269302368,0.7499999403953552,0.5833333134651184
2,1,0.3749999531250059,0.3999999165534973,0.5000000456214295,0.8064515590667725,0.6129031777381897,0.4516128897666931
2,1,0.8749998906250137,0.4999999403953552,0.4801587640823398,0.8333332538604736,0.2499999850988388,0.5833333134651184
1,2,0.6249999218750099,0.5714284777641296,0.5083333534651104,0.7083332538604736,0.4999999701976776,0.5416666269302368
2,1,0.24999996875000394,0.8333331942558289,0.2500001249999375,0.8888887763023376,0.611111044883728,0.4444443881511688
2,1,0.8749998906250137,0.6249999403953552,0.3412698685707126,0.8999999165534973,0.5999999642372131,0.5999999642372131
3,1,0.6249999218750099,0.49999991059303284,0.5916666967325512,0.0,0.0,0.0
2,1,0.4999999375000079,0.666666567325592,0.2500000624999844,0.9999995231628418,0.4999997615814209,0.4999997615814209
2,1,0.4999999375000079,0.8571427464485168,0.3750000624999844,0.5333333015441895,0.6666666269302368,0.46666663885116577
2,1,0.4999999375000079,0.3999999165534973,0.2500000624999844,0.8749998807907104,0.4999999403953552,0.2499999701976776
1,2,0.9999998750000157,0.1249999850988388,0.43750003124999604,0.8285714387893677,0.34285715222358704,0.5714285969734192
2,1,0.8749998906250137,0.0,0.5079365253032718,0.75,0.5833333134651184,0.5277777910232544
1,2,0.7499999062500118,0.3749999701976776,0.666666689477386,0.7857142090797424,0.4285714030265808,0.5357142686843872
2,1,0.8749998906250137,0.2499999701976776,0.6279762059172971,0.8571427464485168,0.5714284777641296,0.5714284777641296
2,1,0.8749998906250137,0.2499999701976776,0.369047659593967,0.7894737124443054,0.7105262875556946,0.5526315569877625
2,1,0.9999998750000157,0.1249999850988388,0.6041666950712175,0.9999998807907104,0.4999999403953552,0.611111044883728
2,1,0.3749999531250059,0.5714284777641296,0.5000000456214295,0.7692307233810425,0.6538460850715637,0.5384615063667297
2,1,0.8749998906250137,0.2499999701976776,0.4523809730590854,0.7999998331069946,0.5999999046325684,0.7999998331069946
2,1,0.4999999375000079,0.4285713732242584,0.2500000624999844,0.7857142090797424,0.2857142686843872,0.2142857015132904
2,1,0.24999996875000394,0.7142856121063232,0.5000001249999375,0.8333332538604736,0.5833333134651184,0.7499999403953552
2,1,0.3749999531250059,0.7142856121063232,0.5000000456214295,0.923076868057251,0.5384615063667297,0.615384578704834
1,2,0.8749998906250137,0.3749999701976776,0.2857143163265262,0.5999999642372131,0.4999999403953552,0.29999998211860657
1,2,0.24999996875000394,0.666666567325592,0.5000001249999375,0.6363635659217834,0.6363635659217834,0.27272725105285645
2,1,0.7499999062500118,0.2857142388820648,0.3333333849341005,0.8999999165534973,0.4999999403953552,0.5999999642372131
1,2,0.9999998750000157,0.2499999701976776,0.5208333667049379,0.9999999403953552,0.3636363446712494,0.7272726893424988
2,1,0.7499999062500118,0.2857142388820648,0.4166666983992189,0.6666664481163025,0.6666664481163025,0.33333322405815125
2,1,0.9999998750000157,0.2499999701976776,0.7083333439912776,0.7499998211860657,0.49999988079071045,0.7499998211860657
2,1,0.9999998750000157,0.2499999701976776,0.7416666753377894,0.9999995231628418,0.9999995231628418,0.9999995231628418
3,1,0.9999998750000157,0.2499999701976776,0.750000015624998,0.0,0.0,0.0
2,1,0.6249999218750099,0.166666641831398,0.5916666967325512,0.8333331942558289,0.666666567325592,0.49999991059303284
2,1,0.4999999375000079,0.4999999403953552,0.3750000624999844,0.7499999403953552,0.8333332538604736,0.3333333134651184
2,1,0.8749998906250137,0.1249999850988388,0.5634920924486194,0.4999999403953552,0.7499999403953552,0.3749999701976776
1,2,0.4999999375000079,0.4999999403953552,0.6250000312499921,0.8571428060531616,0.5714285373687744,0.714285671710968
1,2,0.7499999062500118,0.2499999701976776,0.2500000416666597,0.6428570747375488,0.6428570747375488,0.4999999701976776
2,1,0.9999998750000157,0.0,0.6041666950712175,0.9999998807907104,0.6249999403953552,0.6249999403953552
3,1,0.4999999375000079,0.8333331942558289,0.2500000624999844,0.0,0.0,0.0
2,1,0.7499999062500118,0.7142856121063232,0.666666689477386,0.6428570747375488,0.5714285373687744,0.4285714030265808
3,1,0.4999999375000079,0.8333331942558289,0.3750000624999844,0.0,0.0,0.0
3,1,0.7499999062500118,0.49999991059303284,0.4166666983992189,0.0,0.0,0.0
1,2,0.7499999062500118,0.7142856121063232,0.4166666983992189,0.714285671710968,0.714285671710968,0.5714285373687744
1,2,0.8749998906250137,0.1428571194410324,0.5654761910161359,0.615384578704834,0.38461536169052124,0.5384615063667297
2,1,0.8749998906250137,0.1428571194410324,0.39682539101257663,0.6923076510429382,0.7692307233810425,0.5384615063667297
1,2,0.7499999062500118,0.4999999403953552,0.3333333849341005,0.615384578704834,0.5384615063667297,0.307692289352417
2,1,0.3749999531250059,0.7142856121063232,0.6666667172551499,0.666666567325592,0.4444443881511688,0.555555522441864
1,2,0.8749998906250137,0.1428571194410324,0.5634920924486194,0.7692307233810425,0.6923076510429382,0.5384615063667297
2,1,0.4999999375000079,0.4285713732242584,0.2500000624999844,0.916666567325592,0.4999999701976776,0.4166666269302368
1,2,0.8749998906250137,0.2499999701976776,0.4801587640823398,0.6363635659217834,0.8181817531585693,0.6363635659217834
2,1,0.4999999375000079,0.6249999403953552,0.2500000624999844,0.9999990463256836,0.9999990463256836,0.9999990463256836
1,2,0.7499999062500118,0.3749999701976776,0.4166666983992189,0.8461537957191467,0.5384615063667297,0.615384578704834
2,1,0.9999998750000157,0.1249999850988388,0.5347222324142427,0.7272726893424988,0.9090908169746399,0.7272726893424988
2,1,0.9999998750000157,0.2499999701976776,0.7083333439912776,0.7333332896232605,0.7999999523162842,0.5333333015441895
2,1,0.4999999375000079,0.333333283662796,0.3750000624999844,0.8999999165534973,0.5999999642372131,0.5999999642372131
2,1,0.24999996875000394,0.666666567325592,0.2500001249999375,0.0,0.0,0.0
2,1,0.6249999218750099,0.4285713732242584,0.5916666967325512,0.5999999642372131,0.5999999642372131,0.46666663885116577
2,1,0.7499999062500118,0.2857142388820648,0.2500000416666597,0.5714284777641296,0.5714284777641296,0.4285713732242584
1,2,0.24999996875000394,0.666666567325592,0.2500001249999375,0.8333331942558289,0.666666567325592,0.8333331942558289
1,1,0.24999996875000394,0.666666567325592,0.2500001249999375,0.7857142090797424,0.5714285373687744,0.6428570747375488
1,2,0.8749998906250137,0.1428571194410324,0.6279762059172971,0.9999997019767761,0.33333322405815125,0.6666664481163025
1,2,0.7499999062500118,0.4999999403953552,0.39583336111110645,0.9999999403953552,0.4166666269302368,0.6666666269302368
1,2,0.8749998906250137,0.3749999701976776,0.5634920924486194,0.7499999403953552,0.4999999403953552,0.4999999403953552
3,1,0.24999996875000394,0.7142856121063232,0.2500001249999375,0.0,0.0,0.0
1,2,0.9999998750000157,0.1249999850988388,0.6041666950712175,0.8823528289794922,0.7647057771682739,0.5294117331504822
1,2,0.4999999375000079,0.4285713732242584,0.2500000624999844,0.8235293030738831,0.7058822512626648,0.8235293030738831
1,2,0.9999998750000157,0.1249999850988388,0.43750003124999604,0.6470587253570557,0.7647057771682739,0.11764704436063766
1,2,0.4999999375000079,0.4285713732242584,0.2500000624999844,0.8999999165534973,0.4999999403953552,0.19999998807907104
2,1,0.4999999375000079,0.7499999403953552,0.5000000624999844,0.5999999642372131,0.3999999761581421,0.46666663885116577
2,1,0.4999999375000079,0.5714284777641296,0.5000000312499921,0.5999999642372131,0.7999999523162842,0.3333333134651184
2,1,0.7499999062500118,0.4999999403953552,0.4166666983992189,0.7999998331069946,0.3999999165534973,0.3999999165534973
2,1,0.0,0.9999998211860657,1.0,0.8333331942558289,0.666666567325592,0.666666567325592
2,1,0.4999999375000079,0.5714284777641296,0.3750000624999844,0.8666666150093079,0.46666663885116577,0.46666663885116577
2,1,0.6249999218750099,0.4285713732242584,0.30000003999999203,0.9999990463256836,0.0,0.0
1,2,0.6249999218750099,0.4285713732242584,0.5916666967325512,0.8999999165534973,0.5999999642372131,0.6999999284744263
1,2,0.4999999375000079,0.5714284777641296,0.2500000624999844,0.7999998331069946,0.5999999046325684,0.19999995827674866
1,2,0.9999998750000157,0.2499999701976776,0.7083333439912776,0.7999998331069946,0.9999998211860657,0.7999998331069946
1,3,0.7499999062500118,0.4999999403953552,0.3333333849341005,0.0,0.0,0.0
2,1,0.8749998906250137,0.2499999701976776,0.39682539101257663,0.7692307233810425,0.8461537957191467,0.615384578704834
1,2,0.6249999218750099,0.2857142388820648,0.30000003999999203,0.6923076510429382,0.7692307233810425,0.4615384340286255
2,1,0.24999996875000394,0.7142856121063232,0.2500001249999375,0.9999990463256836,0.9999990463256836,0.0
1,1,0.8749998906250137,0.2499999701976776,0.42460318203583103,0.8124998807907104,0.6249999403953552,0.4374999403953552
2,1,0.3749999531250059,0.5714284777641296,0.6666667172551499,0.923076868057251,0.23076921701431274,0.5384615063667297
1,2,0.3749999531250059,0.6249999403953552,0.5000000456214295,0.8333331942558289,0.666666567325592,0.666666567325592
1,2,0.24999996875000394,0.7499999403953552,0.2500001249999375,0.8749998807907104,0.7499999403953552,0.7499999403953552
1,2,0.24999996875000394,0.7499999403953552,0.2500001249999375,0.9999995231628418,0.4999997615814209,0.4999997615814209
1,2,0.24999996875000394,0.7499999403953552,0.2500001249999375,0.8333332538604736,0.8333332538604736,0.5833333134651184
1,2,0.7499999062500118,0.2499999701976776,0.4166666983992189,0.4999997615814209,0.4999997615814209,0.0
1,2,0.8749998906250137,0.3749999701976776,0.42460318203583103,0.8333332538604736,0.8333332538604736,0.4166666269302368
1,2,0.8749998906250137,0.3749999701976776,0.4821428775510175,0.4166666269302368,0.5833333134651184,0.4166666269302368
1,2,0.24999996875000394,0.666666567325592,0.2500001249999375,0.7272726893424988,0.7272726893424988,0.5454545021057129
1,2,0.4999999375000079,0.333333283662796,0.6250000312499921,0.8571428060531616,0.4285714030265808,0.6428570747375488
1,2,0.3749999531250059,0.8749998807907104,0.3333333888888703,0.9999999403953552,0.5833333134651184,0.5833333134651184
1,2,0.4999999375000079,0.4999999403953552,0.5000000624999844,0.0,0.0,0.0
1,2,0.24999996875000394,0.7499999403953552,0.2500001249999375,0.49999988079071045,0.7499998211860657,0.24999994039535522
1,3,0.9999998750000157,0.0,0.750000015624998,0.0,0.0,0.0
1,2,0.0,0.9999998807907104,1.0,0.555555522441864,0.7777776718139648,0.4444443881511688
1,2,0.6249999218750099,0.3749999701976776,0.30000003999999203,0.8333331942558289,0.8333331942558289,0.333333283662796
2,1,0.4999999375000079,0.5999999046325684,0.2500000624999844,0.0,0.9999990463256836,0.0
2,1,0.3749999531250059,0.7999998331069946,0.3333333888888703,0.6363635659217834,0.3636363446712494,0.3636363446712494
2,1,0.7499999062500118,0.8749998807907104,0.41666667457622486,0.0,0.0,0.0
2,1,0.4999999375000079,0.5999999046325684,0.2500000624999844,0.7692307233810425,0.4615384340286255,0.5384615063667297
2,1,0.4999999375000079,0.5999999046325684,0.3750000624999844,0.8571427464485168,0.4285713732242584,0.2857142388820648
2,1,0.8749998906250137,0.4999999403953552,0.4523809730590854,0.7499999403953552,0.4999999701976776,0.3333333134651184
2,1,0.8749998906250137,0.4999999403953552,0.5634920924486194,0.923076868057251,0.615384578704834,0.6923076510429382
3,1,0.3749999531250059,0.3999999165534973,0.3333333888888703,0.0,0.0,0.0
2,1,0.8749998906250137,0.2857142388820648,0.42460318203583103,0.8461537957191467,0.5384615063667297,0.5384615063667297
2,1,0.9999998750000157,0.3749999701976776,0.7416666753377894,0.4285713732242584,0.5714284777641296,0.2857142388820648
2,1,0.4999999375000079,0.4285713732242584,0.3750000624999844,0.8333331942558289,0.333333283662796,0.333333283662796
2,1,0.24999996875000394,0.8749998807907104,0.5000001249999375,0.6249999403953552,0.6249999403953552,0.6249999403953552
2,1,0.8749998906250137,0.2499999701976776,0.2857143163265262,0.8124998807907104,0.4999999403953552,0.4999999403953552
2,1,0.3749999531250059,0.5714284777641296,0.5000000456214295,0.6249999403953552,0.6249999403953552,0.6249999403953552
2,1,0.4999999375000079,0.4285713732242584,0.2500000624999844,0.928571343421936,0.357142835855484,0.4999999701976776
1,2,0.7499999062500118,0.4285713732242584,0.6666666805555532,0.7058822512626648,0.5882351994514465,0.29411759972572327
2,1,0.6249999218750099,0.5714284777641296,0.30000003999999203,0.9999998807907104,0.3999999761581421,0.4999999403953552
2,1,0.8749998906250137,0.4999999403953552,0.4801587640823398,0.8124998807907104,0.5624999403953552,0.6249999403953552
2,1,0.7499999062500118,0.4285713732242584,0.5833333372881124,0.9999999403953552,0.46666663885116577,0.46666663885116577
1,2,0.8749998906250137,0.4999999403953552,0.42460318203583103,0.8666666150093079,0.5333333015441895,0.7999999523162842
2,1,0.24999996875000394,0.8333331942558289,0.2500001249999375,0.666666567325592,0.555555522441864,0.4444443881511688
2,1,0.4999999375000079,0.49999991059303284,0.3750000624999844,0.7692307233810425,0.7692307233810425,0.5384615063667297
2,1,0.6249999218750099,0.333333283662796,0.30000003999999203,0.714285671710968,0.4285714030265808,0.357142835855484
3,1,0.24999996875000394,0.5999999046325684,0.2500001249999375,0.0,0.0,0.0
2,1,0.9999998750000157,0.3749999701976776,0.6041666950712175,0.923076868057251,0.4615384340286255,0.8461537957191467
2,1,0.4999999375000079,0.666666567325592,0.3750000624999844,0.7499998211860657,0.24999994039535522,0.0
2,1,0.7499999062500118,0.333333283662796,0.5208333611111065,0.5624999403953552,0.7499999403953552,0.3749999701976776
3,1,0.8749998906250137,0.4285713732242584,0.6279762059172971,0.0,0.0,0.0
2,1,0.4999999375000079,0.666666567325592,0.3750000624999844,0.8333331942558289,0.333333283662796,0.333333283662796
2,1,0.6249999218750099,0.8749998807907104,0.5916666967325512,0.9999990463256836,0.9999990463256836,0.0
1,2,0.6249999218750099,0.4285713732242584,0.30000003999999203,0.7499999403953552,0.4999999403953552,0.3749999701976776
3,1,0.8749998906250137,0.3749999701976776,0.5571428656300885,0.0,0.0,0.0
1,2,0.8749998906250137,0.1428571194410324,0.6821428805312497,0.7999998331069946,0.5999999046325684,0.7999998331069946
1,2,0.7499999062500118,0.4999999403953552,0.5208333611111065,0.8749998807907104,0.1249999850988388,0.4999999403953552
1,2,0.4999999375000079,0.5714284777641296,0.2500000624999844,0.7499998211860657,0.7499998211860657,0.49999988079071045
1,2,0.3749999531250059,0.5714284777641296,0.5000000456214295,0.8333331942558289,0.666666567325592,0.8333331942558289
1,2,0.9999998750000157,0.1249999850988388,0.6583333469715098,0.7999999523162842,0.4999999403953552,0.4999999403953552
1,2,0.7499999062500118,0.3749999701976776,0.4166666983992189,0.7272726893424988,0.6363635659217834,0.3636363446712494
1,2,0.8749998906250137,0.2499999701976776,0.6821428805312497,0.4444443881511688,0.7777776718139648,0.555555522441864
1,2,0.3749999531250059,0.5714284777641296,0.5000000456214295,0.555555522441864,0.666666567325592,0.555555522441864
1,2,0.8749998906250137,0.4999999403953552,0.42460318203583103,0.7857142090797424,0.4285714030265808,0.4999999701976776
1,2,0.4999999375000079,0.49999991059303284,0.3750000624999844,0.7058822512626648,0.5294117331504822,0.3529411256313324
2,1,0.6249999218750099,0.333333283662796,0.5083333534651104,0.7499999403953552,0.44999995827674866,0.34999996423721313
2,1,0.24999996875000394,0.9999998807907104,0.2500001249999375,0.6499999165534973,0.5499999523162842,0.44999995827674866
2,1,0.4999999375000079,0.49999991059303284,0.37500003124999215,0.8571428060531616,0.4285714030265808,0.2142857015132904
2,1,0.24999996875000394,0.7142856121063232,0.5000001249999375,0.5999999642372131,0.7999999523162842,0.29999998211860657
1,2,0.4999999375000079,0.4285713732242584,0.3750000624999844,0.6428570747375488,0.7857142090797424,0.357142835855484
2,1,0.9999998750000157,0.1249999850988388,0.500000015624998,0.4999999701976776,0.2499999850988388,0.1666666567325592
1,2,0.8749998906250137,0.2499999701976776,0.5079365253032718,0.7499999403953552,0.7499999403953552,0.3749999701976776
2,1,0.24999996875000394,0.7142856121063232,0.5000001249999375,0.6999999284744263,0.4999999403953552,0.29999998211860657
1,2,0.8749998906250137,0.3749999701976776,0.457142871590553,0.8999999165534973,0.5999999642372131,0.6999999284744263
1,1,0.4999999375000079,0.5714284777641296,0.5000000624999844,0.8461537957191467,0.5384615063667297,0.615384578704834
1,2,0.6249999218750099,0.6249999403953552,0.30000003999999203,0.7499999403953552,0.7499999403953552,0.2499999850988388
1,2,0.7499999062500118,0.2857142388820648,0.4166666983992189,0.7692307233810425,0.7692307233810425,0.5384615063667297
1,2,0.4999999375000079,0.333333283662796,0.2500000624999844,0.666666567325592,0.4444443881511688,0.4444443881511688
2,1,0.24999996875000394,0.7142856121063232,0.2500001249999375,0.8235293030738831,0.5294117331504822,0.5294117331504822
2,1,0.4999999375000079,0.6249999403953552,0.2500000624999844,0.7058822512626648,0.6470587253570557,0.3529411256313324
2,1,0.8749998906250137,0.2499999701976776,0.632142883511482,0.8947367668151855,0.7368420362472534,0.6315788626670837
2,1,0.6249999218750099,0.2857142388820648,0.5083333534651104,0.7333332896232605,0.7999999523162842,0.6666666269302368
1,2,0.4999999375000079,0.6249999403953552,0.2500000624999844,0.8749998807907104,0.5624999403953552,0.5624999403953552
1,2,0.3749999531250059,0.7499999403953552,0.3333333888888703,0.8666666150093079,0.6666666269302368,0.5999999642372131
2,1,0.24999996875000394,0.8749998807907104,0.2500001249999375,0.7692307233810425,0.615384578704834,0.5384615063667297
2,1,0.8749998906250137,0.2499999701976776,0.39682539101257663,0.615384578704834,0.6923076510429382,0.38461536169052124
2,1,0.7499999062500118,0.3749999701976776,0.6666666805555532,0.9999997019767761,0.9999997019767761,0.6666664481163025
2,1,0.7499999062500118,0.3749999701976776,0.5000000416666597,0.4999999701976776,0.7499999403953552,0.2499999850988388
2,1,0.3749999531250059,0.7499999403953552,0.5000000456214295,0.6923076510429382,0.5384615063667297,0.38461536169052124
2,1,0.6249999218750099,0.2857142388820648,0.5083333534651104,0.714285671710968,0.4999999701976776,0.357142835855484
2,1,0.4999999375000079,0.6249999403953552,0.3750000624999844,0.8333331942558289,0.8333331942558289,0.49999991059303284
2,1,0.7499999062500118,0.3749999701976776,0.3333333849341005,0.8461537957191467,0.5384615063667297,0.5384615063667297
2,1,0.9999998750000157,0.1249999850988388,0.7083333439912776,0.6999999284744263,0.5999999642372131,0.6999999284744263
1,2,0.7499999062500118,0.3749999701976776,0.6458333611111065,0.7499998211860657,0.49999988079071045,0.7499998211860657
1,2,0.6249999218750099,0.4999999403953552,0.30000003999999203,0.5833333134651184,0.7499999403953552,0.3333333134651184
1,2,0.7499999062500118,0.3749999701976776,0.4166666983992189,0.6363635659217834,0.7272726893424988,0.27272725105285645
1,2,0.24999996875000394,0.7142856121063232,0.2500001249999375,0.666666567325592,0.49999991059303284,0.666666567325592
1,2,0.4999999375000079,0.4285713732242584,0.3750000624999844,0.8749998807907104,0.6249999403953552,0.7499999403953552
1,2,0.6249999218750099,0.6249999403953552,0.38333335346511044,0.928571343421936,0.5714285373687744,0.5714285373687744
2,1,0.24999996875000394,0.8571427464485168,0.5000001249999375,0.6249999403953552,0.4999999403953552,0.1249999850988388
2,1,0.24999996875000394,0.8571427464485168,0.5000001249999375,0.615384578704834,0.615384578704834,0.615384578704834
2,1,0.8749998906250137,0.3749999701976776,0.5654761910161359,0.9999997019767761,0.9999997019767761,0.6666664481163025
1,2,0.8749998906250137,0.3749999701976776,0.2857143163265262,0.5833333134651184,0.4999999701976776,0.3333333134651184
1,2,0.24999996875000394,0.7142856121063232,0.2500001249999375,0.8799999356269836,0.5999999642372131,0.5199999809265137
2,1,0.4999999375000079,0.6249999403953552,0.3750000624999844,0.8461537957191467,0.4615384340286255,0.5769230127334595
2,1,0.6249999218750099,0.4999999403953552,0.5916666967325512,0.7857142090797424,0.4285714030265808,0.4999999701976776
2,1,0.24999996875000394,0.7142856121063232,0.2500001249999375,0.7272726893424988,0.7727271914482117,0.5909090638160706
1,2,0.6249999218750099,0.4999999403953552,0.8000000185098799,0.8095237612724304,0.6666666269302368,0.5238094925880432
2,1,0.9999998750000157,0.2499999701976776,0.43750003124999604,0.8666666150093079,0.5999999642372131,0.5333333015441895
2,1,0.24999996875000394,0.666666567325592,0.2500001249999375,0.9999997019767761,0.33333322405815125,0.33333322405815125
1,2,0.7499999062500118,0.0,0.5000000416666597,0.928571343421936,0.357142835855484,0.4285714030265808
2,1,0.4999999375000079,0.5714284777641296,0.2500000624999844,0.5999999046325684,0.7999998331069946,0.5999999046325684
1,2,0.4999999375000079,0.5714284777641296,0.2500000624999844,0.7999999523162842,0.7333332896232605,0.46666663885116577
2,1,0.4999999375000079,0.4999999403953552,0.2500000624999844,0.8666666150093079,0.5333333015441895,0.5333333015441895
2,1,0.4999999375000079,0.4999999403953552,0.6250000312499921,0.8695651292800903,0.43478256464004517,0.6956521272659302
2,1,0.6249999218750099,0.3749999701976776,0.42500003999999203,0.7692307233810425,0.6923076510429382,0.5769230127334595
2,1,0.9999998750000157,0.0,0.7083333439912776,0.6923076510429382,0.4615384340286255,0.5384615063667297
1,2,0.4999999375000079,0.4999999403953552,0.3750000624999844,0.714285671710968,0.6785714030265808,0.4285714030265808
3,1,0.6249999218750099,0.2857142388820648,0.5083333534651104,0.0,0.0,0.0
1,2,0.4999999375000079,0.6249999403953552,0.3750000624999844,0.7727271914482117,0.40909087657928467,0.5454545021057129
1,2,0.3749999531250059,0.5714284777641296,0.3333333888888703,0.8235293030738831,0.3529411256313324,0.6470587253570557
1,2,0.7499999062500118,0.3749999701976776,0.4166666983992189,0.8076922297477722,0.38461536169052124,0.4999999701976776
1,2,0.8749998906250137,0.2499999701976776,0.5634920924486194,0.9629628658294678,0.6666666269302368,0.555555522441864
2,1,0.7499999062500118,0.1428571194410324,0.45833336111110645,0.7857142090797424,0.8571428060531616,0.357142835855484
2,1,0.4999999375000079,0.4285713732242584,0.3750000624999844,0.8571427464485168,0.8571427464485168,0.7142856121063232
2,1,0.4999999375000079,0.4285713732242584,0.2500000624999844,0.8571427464485168,0.5714284777641296,0.7142856121063232
2,1,0.4999999375000079,0.6249999403953552,0.3750000624999844,0.7777776718139648,0.555555522441864,0.1111110970377922
2,1,0.4999999375000079,0.6249999403953552,0.3750000624999844,0.7857142090797424,0.7857142090797424,0.5714285373687744
2,1,0.6249999218750099,0.49999991059303284,0.5083333534651104,0.4999997615814209,0.9999995231628418,0.4999997615814209
2,1,0.7499999062500118,0.7499999403953552,0.3333333849341005,0.9444443583488464,0.4999999403953552,0.611111044883728
1,2,0.7499999062500118,0.333333283662796,0.3333333849341005,0.8333332538604736,0.458333283662796,0.5416666269302368
2,1,0.7499999062500118,0.5714284777641296,0.4166666983992189,0.7499999403953552,0.5833333134651184,0.2916666567325592
1,2,0.4999999375000079,0.8571427464485168,0.5000000624999844,0.7619047164916992,0.6190475821495056,0.5238094925880432
2,1,0.4999999375000079,0.8333331942558289,0.3750000624999844,0.8333332538604736,0.7499999403953552,0.3333333134651184
3,1,0.4999999375000079,0.5999999046325684,0.3750000624999844,0.0,0.0,0.0
2,1,0.6249999218750099,0.666666567325592,0.7000000170197638,0.8823528289794922,0.5294117331504822,0.47058817744255066
2,1,0.4999999375000079,0.5999999046325684,0.7500000312499921,0.4999999701976776,0.916666567325592,0.3333333134651184
2,1,0.4999999375000079,0.8333331942558289,0.3750000624999844,0.9999997615814209,0.7499998211860657,0.7499998211860657
1,2,0.0,0.9999998807907104,1.0,0.916666567325592,0.6666666269302368,0.5833333134651184
2,1,0.24999996875000394,0.7142856121063232,0.2500001249999375,0.7647057771682739,0.6470587253570557,0.5294117331504822
2,1,0.6249999218750099,0.4999999403953552,0.5916666967325512,0.9999997019767761,0.9999997019767761,0.6666664481163025
1,2,0.24999996875000394,0.7142856121063232,0.2500001249999375,0.7058822512626648,0.7058822512626648,0.6470587253570557
2,1,0.7499999062500118,0.1428571194410324,0.2500000416666597,0.49999991059303284,0.9999998211860657,0.49999991059303284
2,1,0.7499999062500118,0.4999999403953552,0.41666667457622486,0.8888887763023376,0.333333283662796,0.2222221940755844
1,2,0.8749998906250137,0.1428571194410324,0.507142883511482,0.8181817531585693,0.8181817531585693,0.45454540848731995
1,2,0.4999999375000079,0.5714284777641296,0.2500000624999844,0.9999998807907104,0.6249999403953552,0.7499999403953552
1,2,0.4999999375000079,0.5714284777641296,0.6250000312499921,0.8571428060531616,0.5714285373687744,0.714285671710968
1,2,0.3749999531250059,0.49999991059303284,0.3333333888888703,0.4615384340286255,0.7692307233810425,0.1538461446762085
2,1,0.8749998906250137,0.4999999403953552,0.4801587640823398,0.9999998807907104,0.2499999701976776,0.6249999403953552
2,1,0.7499999062500118,0.6249999403953552,0.2500000416666597,0.7272726893424988,0.6363635659217834,0.5454545021057129
2,1,0.4999999375000079,0.7142856121063232,0.2500000624999844,0.9999997019767761,0.33333322405815125,0.6666664481163025
1,2,0.4999999375000079,0.7142856121063232,0.3750000624999844,0.928571343421936,0.7857142090797424,0.4285714030265808
2,1,0.4999999375000079,0.19999995827674866,0.2500000624999844,0.7857142090797424,0.5714285373687744,0.714285671710968
2,1,0.6249999218750099,0.3749999701976776,0.6000000080790671,0.8823528289794922,0.7058822512626648,0.6470587253570557
1,1,0.4999999375000079,0.4999999403953552,0.2500000624999844,0.6999999284744263,0.8999999165534973,0.44999995827674866
3,1,0.7499999062500118,0.2499999701976776,0.6458333611111065,0.0,0.0,0.0
2,1,0.4999999375000079,0.4999999403953552,0.2500000624999844,0.6363635659217834,0.3636363446712494,0.27272725105285645
1,2,0.8749998906250137,0.1249999850988388,0.7113095342835767,0.8749998807907104,0.4374999403953552,0.7499999403953552
2,1,0.7499999062500118,0.2857142388820648,0.666666689477386,0.8571427464485168,0.5714284777641296,0.2857142388820648
5,1,0.4999999375000079,0.333333283662796,0.7500000312499921,0.0,0.0,0.0
2,1,0.24999996875000394,0.666666567325592,0.2500001249999375,0.5333333015441895,0.5333333015441895,0.5333333015441895
2,1,0.24999996875000394,0.666666567325592,0.2500001249999375,0.5294117331504822,0.8823528289794922,0.3529411256313324
2,1,0.4999999375000079,0.333333283662796,0.5000000624999844,0.666666567325592,0.7777776718139648,0.333333283662796
2,1,0.4999999375000079,0.666666567325592,0.2500000624999844,0.6956521272659302,0.7826086282730103,0.5652173161506653
2,1,0.8749998906250137,0.6249999403953552,0.5634920924486194,0.714285671710968,0.6428570747375488,0.6428570747375488
2,1,0.24999996875000394,0.9999998211860657,0.2500001249999375,0.8461537957191467,0.7692307233810425,0.6923076510429382
2,1,0.4999999375000079,0.666666567325592,0.2500000624999844,0.6818181276321411,0.6818181276321411,0.3636363446712494
2,1,0.9999998750000157,0.4999999403953552,0.6666666723575572,0.4999997615814209,0.0,0.4999997615814209
2,1,0.3749999531250059,0.6249999403953552,0.3333333888888703,0.9999995231628418,0.4999997615814209,0.4999997615814209
2,1,0.8749998906250137,0.1249999850988388,0.7113095342835767,0.0,0.0,0.0
2,1,0.4999999375000079,0.4999999403953552,0.3750000624999844,0.7499998211860657,0.7499998211860657,0.7499998211860657
2,1,0.24999996875000394,0.7499999403953552,0.2500001249999375,0.5999999046325684,0.5999999046325684,0.5999999046325684
2,1,0.24999996875000394,0.7499999403953552,0.2500001249999375,0.9999990463256836,0.9999990463256836,0.0
2,1,0.4999999375000079,0.7499999403953552,0.2500000624999844,0.916666567325592,0.3333333134651184,0.6666666269302368
2,1,0.4999999375000079,0.5714284777641296,0.2500000624999844,0.8571428060531616,0.5238094925880432,0.6666666269302368
2,1,0.7499999062500118,0.4999999403953552,0.5000000416666597,0.8571428060531616,0.3809523582458496,0.476190447807312
2,1,0.4999999375000079,0.333333283662796,0.3750000624999844,0.6956521272659302,0.4782608151435852,0.43478256464004517
2,1,0.7499999062500118,0.2857142388820648,0.5833333611111065,0.0,0.0,0.0
2,1,0.7499999062500118,0.2499999701976776,0.5208333611111065,0.8095237612724304,0.5714285373687744,0.476190447807312
2,1,0.4999999375000079,0.4999999403953552,0.5000000624999844,0.8148147463798523,0.6296296119689941,0.6666666269302368
3,1,0.9999998750000157,0.0,0.750000015624998,0.0,0.0,0.0
2,1,0.24999996875000394,0.7499999403953552,0.2500001249999375,0.8571427464485168,0.8571427464485168,0.5714284777641296
2,1,0.4999999375000079,0.4999999403953552,0.6250000312499921,0.7999999523162842,0.9999998807907104,0.5999999642372131
2,1,0.8749998906250137,0.1428571194410324,0.4801587640823398,0.9444443583488464,0.611111044883728,0.555555522441864
3,1,0.24999996875000394,0.8571427464485168,0.2500001249999375,0.0,0.0,0.0
1,2,0.6249999218750099,0.4285713732242584,0.42500003999999203,0.9374998807907104,0.5624999403953552,0.4374999403953552
2,1,0.6249999218750099,0.4285713732242584,0.5916666967325512,0.7333332896232605,0.6666666269302368,0.5333333015441895
5,1,0.9999998750000157,0.2499999701976776,0.562500023437497,0.0,0.0,0.0
2,1,0.7499999062500118,0.4999999403953552,0.4166666983992189,0.9999998211860657,0.666666567325592,0.49999991059303284
2,1,0.4999999375000079,0.7499999403953552,0.2500000624999844,0.49999988079071045,0.9999997615814209,0.24999994039535522
3,1,0.6249999218750099,0.4285713732242584,0.38333335346511044,0.0,0.0,0.0
2,1,0.0,0.9999998211860657,1.0,0.7142856121063232,0.7142856121063232,0.4285713732242584
2,1,0.3749999531250059,0.49999991059303284,0.3333333888888703,0.6428570747375488,0.4285714030265808,0.0714285671710968
2,1,0.6249999218750099,0.3749999701976776,0.8000000185098799,0.7333332896232605,0.6666666269302368,0.5333333015441895
3,1,0.6249999218750099,0.3749999701976776,0.30000003999999203,0.0,0.0,0.0
2,1,0.0,0.9999998807907104,1.0,0.7999999523162842,0.4999999403953552,0.6999999284744263
2,1,0.7499999062500118,0.2499999701976776,0.5208333611111065,0.7499998211860657,0.49999988079071045,0.49999988079071045
2,1,0.3749999531250059,0.6249999403953552,0.3333333888888703,0.5714284777641296,0.7142856121063232,0.2857142388820648
2,1,0.24999996875000394,0.8571427464485168,0.2500001249999375,0.4615384340286255,0.5384615063667297,0.5384615063667297
2,1,0.7499999062500118,0.0,0.41666667457622486,0.6666664481163025,0.6666664481163025,0.0
2,1,0.8749998906250137,0.3749999701976776,0.5321428894719464,0.7999998331069946,0.7999998331069946,0.5999999046325684
2,1,0.24999996875000394,0.666666567325592,0.5000001249999375,0.9999997615814209,0.24999994039535522,0.24999994039535522
2,1,0.6249999218750099,0.4285713732242584,0.5083333534651104,0.8749998807907104,0.5624999403953552,0.6874999403953552
1,2,0.4999999375000079,0.4285713732242584,0.3750000624999844,0.8571428060531616,0.714285671710968,0.6428570747375488
1,2,0.7499999062500118,0.3749999701976776,0.3333333849341005,0.8571428060531616,0.714285671710968,0.5714285373687744
1,2,0.3749999531250059,0.7499999403953552,0.5000000456214295,0.7272726893424988,0.7272726893424988,0.3636363446712494
2,1,0.6249999218750099,0.4999999403953552,0.38333335346511044,0.9999990463256836,0.9999990463256836,0.0
1,2,0.4999999375000079,0.6249999403953552,0.2500000624999844,0.7857142090797424,0.7857142090797424,0.6428570747375488
1,2,0.4999999375000079,0.4999999403953552,0.5000000312499921,0.7692307829856873,0.6153846383094788,0.43589743971824646
2,1,0.7499999062500118,0.2499999701976776,0.5000000178436657,0.8571428060531616,0.4999999701976776,0.4285714030265808
1,2,0.7499999062500118,0.2499999701976776,0.41666667457622486,0.6727272868156433,0.581818163394928,0.5454545617103577
1,2,0.4999999375000079,0.4999999403953552,0.3750000624999844,0.824999988079071,0.5,0.625
2,1,0.3749999531250059,0.6249999403953552,0.5000000456214295,0.90625,0.5625,0.65625
1,2,0.6249999218750099,0.333333283662796,0.30000003999999203,0.800000011920929,0.4749999940395355,0.375
2,1,0.7499999062500118,0.6249999403953552,0.39583336111110645,0.9999998211860657,0.7999998331069946,0.19999995827674866
2,1,0.6249999218750099,0.5714284777641296,0.7000000170197638,0.8181817531585693,0.6818181276321411,0.7727271914482117
2,1,0.6249999218750099,0.333333283662796,0.5916666967325512,0.7560975551605225,0.46341463923454285,0.46341463923454285
1,2,0.4999999375000079,0.7142856121063232,0.3750000624999844,0.625,0.6499999761581421,0.5249999761581421
2,1,0.24999996875000394,0.33333322405815125,0.2500001249999375,0.4999997615814209,0.4999997615814209,0.9999995231628418
1,1,0.7499999062500118,0.49999991059303284,0.5000000416666597,0.7647057771682739,0.6470587253570557,0.47058817744255066
2,1,0.7499999062500118,0.7142856121063232,0.4166666983992189,0.8124998807907104,0.5624999403953552,0.4374999403953552
1,2,0.4999999375000079,0.5999999046325684,0.5000000312499921,0.8571428060531616,0.5714285373687744,0.4999999701976776
2,1,0.4999999375000079,0.5999999046325684,0.3750000624999844,0.4999997615814209,0.9999995231628418,0.4999997615814209
2,1,0.4999999375000079,0.3999999165534973,0.2500000624999844,0.5999999046325684,0.7999998331069946,0.3999999165534973
2,1,0.7499999062500118,0.333333283662796,0.5833333372881124,0.5384615063667297,0.38461536169052124,0.307692289352417
2,1,0.8749998906250137,0.4285713732242584,0.582142871590553,0.9999998211860657,0.5999999046325684,0.5999999046325684
1,2,0.7499999062500118,0.7499999403953552,0.3333333849341005,0.8461537957191467,0.38461536169052124,0.4615384340286255
1,2,0.7499999062500118,0.5714284777641296,0.2500000416666597,0.615384578704834,0.38461536169052124,0.4615384340286255
2,1,0.3749999531250059,0.49999991059303284,0.3333333888888703,0.4999997615814209,0.9999995231628418,0.4999997615814209
2,1,0.4999999375000079,0.5714284777641296,0.2500000624999844,0.5999999642372131,0.7333332896232605,0.6666666269302368
3,1,0.6249999218750099,0.166666641831398,0.30000003999999203,0.0,0.0,0.0
1,1,0.24999996875000394,0.666666567325592,0.2500001249999375,0.8749998807907104,0.5624999403953552,0.4999999403953552
2,1,0.4999999375000079,0.333333283662796,0.6250000312499921,0.714285671710968,0.5714285373687744,0.4285714030265808
2,1,0.4999999375000079,0.7142856121063232,0.6250000312499921,0.7857142090797424,0.7857142090797424,0.5714285373687744
2,1,0.6249999218750099,0.333333283662796,0.38333335346511044,0.611111044883728,0.611111044883728,0.2222221940755844
2,1,0.3749999531250059,0.8571427464485168,0.5000000456214295,0.947368323802948,0.5263157486915588,0.5789473056793213
2,1,0.7499999062500118,0.6249999403953552,0.3333333849341005,0.9999995231628418,0.4999997615814209,0.4999997615814209
1,2,0.4999999375000079,0.7142856121063232,0.2500000624999844,0.8999999165534973,0.5499999523162842,0.34999996423721313
2,1,0.4999999375000079,0.7142856121063232,0.6250000312499921,0.5999999642372131,0.5999999642372131,0.4999999403953552
2,1,0.24999996875000394,0.8333331942558289,0.2500001249999375,0.9999997019767761,0.6666664481163025,0.6666664481163025
2,1,0.7499999062500118,0.6249999403953552,0.5208333611111065,0.5882351994514465,0.5294117331504822,0.47058817744255066
2,1,0.6249999218750099,0.7499999403953552,0.46666669673255123,0.8333332538604736,0.8333332538604736,0.4999999701976776
2,1,0.6249999218750099,0.333333283662796,0.5083333534651104,0.6363635659217834,0.7272726893424988,0.5454545021057129
2,1,0.7499999062500118,0.2499999701976776,0.5000000178436657,0.9999997019767761,0.6666664481163025,0.33333322405815125
1,2,0.4999999375000079,0.4999999403953552,0.2500000624999844,0.8666666150093079,0.3999999761581421,0.6666666269302368
2,1,0.7499999062500118,0.2499999701976776,0.5833333372881124,0.7333332896232605,0.46666663885116577,0.5333333015441895
1,1,0.4999999375000079,0.4999999403953552,0.5000000624999844,0.7647057771682739,0.7058822512626648,0.41176465153694153
1,2,0.8749998906250137,0.1249999850988388,0.4523809730590854,0.6923076510429382,0.8461537957191467,0.38461536169052124
