multi-notes,multi-sylphones,rhyme density,rhyme distance,rhyme strength,longnote-stress,longnote-nonstop,longnote-longvowel
2,1,0.0,0.9999997615814209,1.0,0.9999995231628418,0.4999997615814209,0.9999995231628418
2,1,0.0,0.9999997615814209,1.0,0.9999995231628418,0.4999997615814209,0.4999997615814209
2,1,0.0,0.9999997615814209,1.0,0.9999998807907104,0.555555522441864,0.555555522441864
4,1,0.0,0.9999997615814209,1.0,0.0,0.0,0.0
2,1,0.49999987500003124,0.49999988079071045,0.5000001249999375,0.666666567325592,0.555555522441864,0.666666567325592
2,1,0.49999987500003124,0.49999988079071045,0.2500001249999375,0.9999998807907104,0.555555522441864,0.555555522441864
2,1,0.0,0.9999997615814209,1.0,0.9090908169746399,0.3636363446712494,0.5454545021057129
1,1,0.7499998125000469,0.24999994039535522,0.3333333888888703,0.3999999761581421,0.8666666150093079,0.06666666269302368
3,1,0.9999997500000625,0.0,0.3750000624999844,0.0,0.0,0.0
2,1,0.49999987500003124,0.49999988079071045,0.2500001249999375,0.9999990463256836,0.0,0.0
2,1,0.49999987500003124,0.6666664481163025,0.5000001249999375,0.9999995231628418,0.9999995231628418,0.9999995231628418
2,1,0.49999987500003124,0.6666664481163025,0.2500001249999375,0.666666567325592,0.49999991059303284,0.666666567325592
1,2,0.49999987500003124,0.9999997615814209,0.5000001249999375,0.666666567325592,0.9999998211860657,0.49999991059303284
2,1,0.49999987500003124,0.0,0.5000001249999375,0.666666567325592,0.49999991059303284,0.49999991059303284
2,1,0.0,0.9999995231628418,1.0,0.9999990463256836,0.9999990463256836,0.9999990463256836
2,1,0.9999997500000625,0.9999997615814209,0.3750000624999844,0.7142856121063232,0.5714284777641296,0.7142856121063232
2,1,0.49999987500003124,0.9999995231628418,0.5000001249999375,0.8571427464485168,0.5714284777641296,0.5714284777641296
2,1,0.49999987500003124,0.9999995231628418,0.2500001249999375,0.9999997615814209,0.7499998211860657,0.49999988079071045
1,2,0.9999997500000625,0.9999997615814209,0.5000000624999844,0.8571427464485168,0.7142856121063232,0.4285713732242584
2,1,0.0,0.0,1.0,0.49999988079071045,0.9999997615814209,0.24999994039535522
2,1,0.0,0.9999997019767761,1.0,0.4999997615814209,0.4999997615814209,0.4999997615814209
1,2,0.49999987500003124,0.7499998211860657,0.2500001249999375,0.7999998331069946,0.7999998331069946,0.19999995827674866
1,2,0.0,0.9999997019767761,1.0,0.9999997019767761,0.6666664481163025,0.6666664481163025
2,1,0.49999987500003124,0.7499998211860657,0.5000001249999375,0.9999997615814209,0.24999994039535522,0.24999994039535522
1,2,0.7499998125000469,0.49999988079071045,0.6666667172551499,0.6666664481163025,0.6666664481163025,0.6666664481163025
2,1,0.0,0.9999997615814209,1.0,0.9999995231628418,0.0,0.4999997615814209
3,1,0.0,0.9999997615814209,1.0,0.0,0.0,0.0
1,2,0.0,0.9999997615814209,1.0,0.7777776718139648,0.4444443881511688,0.333333283662796
2,1,0.49999987500003124,0.49999988079071045,0.5000001249999375,0.49999991059303284,0.8333331942558289,0.49999991059303284
2,1,0.49999987500003124,0.49999988079071045,0.5000001249999375,0.0,0.7499998211860657,0.24999994039535522
1,2,0.49999987500003124,0.49999988079071045,0.5000001249999375,0.9999995231628418,0.4999997615814209,0.9999995231628418
1,2,0.9999997500000625,0.0,0.5000000624999844,0.9999997019767761,0.33333322405815125,0.33333322405815125
1,2,0.49999987500003124,0.49999988079071045,0.2500001249999375,0.7499998211860657,0.7499998211860657,0.7499998211860657
2,1,0.49999987500003124,0.49999988079071045,0.5000001249999375,0.9999997615814209,0.7499998211860657,0.49999988079071045
1,3,0.49999987500003124,0.49999988079071045,0.2500001249999375,0.0,0.0,0.0
1,2,0.0,0.9999995231628418,1.0,0.5999999046325684,0.3999999165534973,0.3999999165534973
2,1,0.49999987500003124,0.9999997615814209,0.2500001249999375,0.7999998331069946,0.19999995827674866,0.7999998331069946
1,2,0.7499998125000469,0.33333322405815125,0.6666667172551499,0.9999998211860657,0.333333283662796,0.49999991059303284
2,1,0.0,0.9999995231628418,1.0,0.9999995231628418,0.0,0.9999995231628418
1,2,0.7499998125000469,0.7499998211860657,0.5000000456214295,0.7999998331069946,0.5999999046325684,0.7999998331069946
1,2,0.49999987500003124,0.9999995231628418,0.5000001249999375,0.7857142090797424,0.4285714030265808,0.4999999701976776
1,2,0.0,0.0,1.0,0.8235293030738831,0.6470587253570557,0.5294117331504822
2,1,0.49999987500003124,0.9999995231628418,0.2500001249999375,0.7647057771682739,0.5882351994514465,0.6470587253570557
2,1,0.0,0.0,1.0,0.9999998807907104,0.4285713732242584,0.7142856121063232
2,1,0.49999987500003124,0.9999995231628418,0.2500001249999375,0.9999990463256836,0.0,0.0
2,1,0.49999987500003124,0.6666664481163025,0.5000001249999375,0.8181817531585693,0.6363635659217834,0.27272725105285645
1,2,0.49999987500003124,0.9999997615814209,0.5000001249999375,0.5454545021057129,0.6363635659217834,0.27272725105285645
2,1,0.0,0.9999995231628418,1.0,0.7272726893424988,0.5454545021057129,0.27272725105285645
1,2,0.7499998125000469,0.7499998211860657,0.3333333888888703,0.7499999403953552,0.6666666269302368,0.6666666269302368
2,1,0.49999987500003124,0.6666664481163025,0.2500001249999375,0.8571427464485168,0.5714284777641296,0.7142856121063232
1,2,0.49999987500003124,0.6666664481163025,0.5000001249999375,0.5999999046325684,0.7999998331069946,0.19999995827674866
1,2,0.0,0.9999995231628418,1.0,0.7499998211860657,0.9999997615814209,0.24999994039535522
1,2,0.49999987500003124,0.6666664481163025,0.5000001249999375,0.5714284777641296,0.4285713732242584,0.2857142388820648
1,2,0.49999987500003124,0.6666664481163025,0.2500001249999375,0.9999997615814209,0.24999994039535522,0.0
2,1,0.7499998125000469,0.33333322405815125,0.6666667172551499,0.1111110970377922,0.9999998807907104,0.1111110970377922
2,1,0.49999987500003124,0.6666664481163025,0.2500001249999375,0.49999988079071045,0.7499998211860657,0.24999994039535522
2,1,0.49999987500003124,0.6666664481163025,0.5000001249999375,0.33333322405815125,0.9999997019767761,0.33333322405815125
2,1,0.0,0.9999995231628418,1.0,0.0,0.0,0.0
2,1,0.0,0.9999995231628418,1.0,0.0,0.0,0.0
1,2,0.0,0.9999995231628418,1.0,0.9999998211860657,0.666666567325592,0.666666567325592
1,2,0.49999987500003124,0.9999997615814209,0.2500001249999375,0.7999998331069946,0.3999999165534973,0.5999999046325684
1,2,0.7499998125000469,0.7499998211860657,0.5000000456214295,0.666666567325592,0.666666567325592,0.49999991059303284
1,2,0.0,0.9999995231628418,1.0,0.8333331942558289,0.8333331942558289,0.49999991059303284
2,1,0.49999987500003124,0.6666664481163025,0.5000001249999375,0.9999998211860657,0.5999999046325684,0.5999999046325684
1,2,0.49999987500003124,0.6666664481163025,0.2500001249999375,0.33333322405815125,0.33333322405815125,0.33333322405815125
1,2,0.49999987500003124,0.6666664481163025,0.2500001249999375,0.9999998211860657,0.5999999046325684,0.3999999165534973
1,2,0.49999987500003124,0.6666664481163025,0.5000001249999375,0.8749998807907104,0.2499999701976776,0.3749999701976776
1,2,0.49999987500003124,0.6666664481163025,0.2500001249999375,0.9999997019767761,0.6666664481163025,0.33333322405815125
2,1,0.49999987500003124,0.0,0.2500001249999375,0.5714284777641296,0.8571427464485168,0.5714284777641296
1,2,0.0,0.9999995231628418,1.0,0.8333331942558289,0.333333283662796,0.49999991059303284
1,2,0.0,0.0,1.0,0.7499998211860657,0.49999988079071045,0.7499998211860657
6,1,0.49999987500003124,0.9999995231628418,0.2500001249999375,0.0,0.0,0.0
1,2,0.7499998125000469,0.9999997019767761,0.5000000456214295,0.9999990463256836,0.9999990463256836,0.0
1,2,0.0,0.0,1.0,0.9999997019767761,0.9999997019767761,0.6666664481163025
1,2,0.49999987500003124,0.9999995231628418,0.2500001249999375,0.7999998331069946,0.5999999046325684,0.3999999165534973
2,1,0.7499998125000469,0.33333322405815125,0.6666667172551499,0.9999990463256836,0.9999990463256836,0.9999990463256836
1,2,0.0,0.9999995231628418,1.0,0.49999988079071045,0.0,0.24999994039535522
1,1,0.0,0.9999995231628418,1.0,0.3999999165534973,0.5999999046325684,0.0
2,1,0.49999987500003124,0.6666664481163025,0.2500001249999375,0.9999990463256836,0.9999990463256836,0.9999990463256836
1,2,0.0,0.9999995231628418,1.0,0.0,0.7499998211860657,0.0
2,1,0.9999997500000625,0.24999994039535522,0.5000000624999844,0.0,0.0,0.0
1,2,0.0,0.9999997019767761,1.0,0.9999990463256836,0.0,0.9999990463256836
1,2,0.0,0.9999997019767761,1.0,0.9999998211860657,0.5999999046325684,0.7999998331069946
1,2,0.9999997500000625,0.24999994039535522,0.2500000624999844,0.33333322405815125,0.9999997019767761,0.33333322405815125
2,1,0.0,0.9999997019767761,1.0,0.24999994039535522,0.24999994039535522,0.0
1,2,0.7499998125000469,0.24999994039535522,0.6666667172551499,0.9999997019767761,0.6666664481163025,0.6666664481163025
2,1,0.0,0.9999997615814209,1.0,0.7999998331069946,0.5999999046325684,0.19999995827674866
1,2,0.49999987500003124,0.49999988079071045,0.2500001249999375,0.7499998211860657,0.24999994039535522,0.49999988079071045
1,2,0.49999987500003124,0.49999988079071045,0.5000001249999375,0.9999995231628418,0.9999995231628418,0.4999997615814209
1,2,0.49999987500003124,0.49999988079071045,0.2500001249999375,0.3999999165534973,0.7999998331069946,0.0
2,1,0.49999987500003124,0.9999997615814209,0.5000001249999375,0.9999997019767761,0.33333322405815125,0.6666664481163025
1,2,0.49999987500003124,0.6666664481163025,0.5000001249999375,0.7777776718139648,0.666666567325592,0.4444443881511688
1,2,0.9999997500000625,0.49999988079071045,0.3750000624999844,0.9999998211860657,0.7999998331069946,0.5999999046325684
2,1,0.0,0.9999995231628418,1.0,0.5999999046325684,0.3999999165534973,0.19999995827674866
2,1,0.49999987500003124,0.6666664481163025,0.2500001249999375,0.7499998211860657,0.49999988079071045,0.24999994039535522
2,1,0.49999987500003124,0.9999995231628418,0.2500001249999375,0.5454545021057129,0.9999999403953552,0.45454540848731995
1,2,0.49999987500003124,0.9999995231628418,0.5000001249999375,0.4166666269302368,0.7499999403953552,0.4166666269302368
2,1,0.0,0.0,1.0,0.8999999165534973,0.5999999642372131,0.3999999761581421
2,1,0.49999987500003124,0.9999995231628418,0.5000001249999375,0.9999997019767761,0.33333322405815125,0.33333322405815125
1,2,0.0,0.0,1.0,0.7777776718139648,0.611111044883728,0.611111044883728
1,2,0.49999987500003124,0.9999995231628418,0.2500001249999375,0.7777776718139648,0.666666567325592,0.666666567325592
1,2,0.49999987500003124,0.9999995231628418,0.2500001249999375,0.33333322405815125,0.9999997019767761,0.33333322405815125
1,1,0.49999987500003124,0.9999995231628418,0.2500001249999375,0.7777776718139648,0.7777776718139648,0.4444443881511688
1,2,0.7499998125000469,0.9999997019767761,0.6666667172551499,0.555555522441864,0.666666567325592,0.4444443881511688
3,1,0.7499998125000469,0.9999997019767761,0.5000000456214295,0.0,0.0,0.0
2,1,0.9999997500000625,0.9999997615814209,0.3750000624999844,0.9999998211860657,0.166666641831398,0.49999991059303284
1,2,0.49999987500003124,0.9999995231628418,0.2500001249999375,0.7222221493721008,0.666666567325592,0.4999999403953552
1,2,0.9999997500000625,0.9999997615814209,0.5000000624999844,0.8823528289794922,0.29411759972572327,0.5294117331504822
1,2,0.49999987500003124,0.9999995231628418,0.2500001249999375,0.7058822512626648,0.5294117331504822,0.41176465153694153
2,1,0.49999987500003124,0.9999995231628418,0.5000001249999375,0.6923076510429382,0.6923076510429382,0.615384578704834
1,2,0.9999997500000625,0.49999988079071045,0.3750000624999844,0.9999997019767761,0.33333322405815125,0.6666664481163025
1,1,0.7499998125000469,0.33333322405815125,0.5000000456214295,0.7999998331069946,0.7999998331069946,0.7999998331069946
2,1,0.0,0.9999995231628418,1.0,0.9999990463256836,0.9999990463256836,0.9999990463256836
2,1,0.7499998125000469,0.7499998211860657,0.5000000456214295,0.0,0.0,0.0
1,2,0.49999987500003124,0.9999997615814209,0.2500001249999375,0.0,0.0,0.0
1,2,0.0,0.9999995231628418,1.0,0.0,0.0,0.0
2,1,0.49999987500003124,0.0,0.5000001249999375,0.9999995231628418,0.4999997615814209,0.9999995231628418
1,2,0.0,0.9999995231628418,1.0,0.9999997615814209,0.9999997615814209,0.49999988079071045
1,2,0.49999987500003124,0.6666664481163025,0.5000001249999375,0.7499998211860657,0.7499998211860657,0.9999997615814209
1,2,0.49999987500003124,0.6666664481163025,0.2500001249999375,0.9999997019767761,0.6666664481163025,0.6666664481163025
2,1,0.0,0.9999995231628418,1.0,0.8749998807907104,0.6249999403953552,0.4999999403953552
2,1,0.0,0.9999995231628418,1.0,0.0,0.0,0.0
2,1,0.49999987500003124,0.6666664481163025,0.2500001249999375,0.3999999165534973,0.19999995827674866,0.3999999165534973
2,1,0.0,0.9999995231628418,1.0,0.7499998211860657,0.7499998211860657,0.24999994039535522
1,2,0.0,0.9999995231628418,1.0,0.8333331942558289,0.666666567325592,0.666666567325592
2,1,0.0,0.9999995231628418,1.0,0.7499999403953552,0.5833333134651184,0.4999999701976776
2,1,0.0,0.9999995231628418,1.0,0.7777776718139648,0.666666567325592,0.8888887763023376
1,2,0.49999987500003124,0.6666664481163025,0.2500001249999375,0.7777776718139648,0.555555522441864,0.666666567325592
1,2,0.49999987500003124,0.0,0.5000001249999375,0.7272726893424988,0.6363635659217834,0.27272725105285645
1,2,0.0,0.9999995231628418,1.0,0.8571427464485168,0.8571427464485168,0.7142856121063232
2,1,0.49999987500003124,0.9999997615814209,0.2500001249999375,0.8333332538604736,0.5833333134651184,0.6666666269302368
1,2,0.49999987500003124,0.9999997615814209,0.5000001249999375,0.7272726893424988,0.6363635659217834,0.27272725105285645
2,1,0.49999987500003124,0.6666664481163025,0.5000001249999375,0.9999998807907104,0.4285713732242584,0.7142856121063232
1,2,0.49999987500003124,0.6666664481163025,0.2500001249999375,0.9999998807907104,0.555555522441864,0.4444443881511688
2,1,0.9999997500000625,0.49999988079071045,0.5000000624999844,0.7499999403953552,0.8333332538604736,0.5833333134651184
2,1,0.49999987500003124,0.9999995231628418,0.2500001249999375,0.0,0.0,0.0
1,2,0.0,0.0,1.0,0.3749999701976776,0.7499999403953552,0.3749999701976776
1,2,0.49999987500003124,0.9999995231628418,0.2500001249999375,0.7499998211860657,0.24999994039535522,0.49999988079071045
1,2,0.49999987500003124,0.9999995231628418,0.5000001249999375,0.8333331942558289,0.9999998211860657,0.333333283662796
1,2,0.49999987500003124,0.9999995231628418,0.5000001249999375,0.9999998807907104,0.7142856121063232,0.7142856121063232
2,1,0.7499998125000469,0.9999997019767761,0.5000000456214295,0.7499998211860657,0.9999997615814209,0.7499998211860657
1,1,0.7499998125000469,0.9999997019767761,0.5000000456214295,0.8333331942558289,0.666666567325592,0.333333283662796
1,2,0.49999987500003124,0.9999995231628418,0.5000001249999375,0.9999997615814209,0.24999994039535522,0.9999997615814209
1,1,0.49999987500003124,0.9999995231628418,0.2500001249999375,0.666666567325592,0.8333331942558289,0.666666567325592
1,2,0.0,0.0,1.0,0.7999998331069946,0.3999999165534973,0.7999998331069946
1,1,0.0,0.9999997019767761,1.0,0.9999998807907104,0.6249999403953552,0.4999999403953552
1,1,0.0,0.9999997019767761,1.0,0.8749998807907104,0.1249999850988388,0.8749998807907104
2,1,0.9999997500000625,0.24999994039535522,0.5000000624999844,0.9999998211860657,0.49999991059303284,0.8333331942558289
1,2,0.7499998125000469,0.0,0.5000000456214295,0.666666567325592,0.333333283662796,0.666666567325592
1,2,0.49999987500003124,0.33333322405815125,0.2500001249999375,0.8571427464485168,0.2857142388820648,0.5714284777641296
3,1,0.49999987500003124,0.6666664481163025,0.5000001249999375,0.0,0.0,0.0
2,1,0.7499998125000469,0.7499998211860657,0.6666667172551499,0.0,0.9999995231628418,0.0
3,1,0.7499998125000469,0.33333322405815125,0.5000000456214295,0.0,0.0,0.0
2,1,0.0,0.9999995231628418,1.0,0.7499999403953552,0.8749998807907104,0.3749999701976776
1,2,0.9999997500000625,0.49999988079071045,0.2500000624999844,0.8749998807907104,0.4999999403953552,0.7499999403953552
2,1,0.49999987500003124,0.9999997615814209,0.2500001249999375,0.8999999165534973,0.6999999284744263,0.5999999642372131
2,1,0.49999987500003124,0.0,0.5000001249999375,0.7499998211860657,0.9999997615814209,0.49999988079071045
2,1,0.49999987500003124,0.0,0.5000001249999375,0.7499999403953552,0.5833333134651184,0.6666666269302368
2,1,0.49999987500003124,0.9999997615814209,0.2500001249999375,0.5999999642372131,0.7999999523162842,0.29999998211860657
2,1,0.49999987500003124,0.0,0.5000001249999375,0.49999988079071045,0.9999997615814209,0.24999994039535522
1,2,0.49999987500003124,0.6666664481163025,0.2500001249999375,0.8749998807907104,0.6249999403953552,0.3749999701976776
1,2,0.49999987500003124,0.6666664481163025,0.5000001249999375,0.7999998331069946,0.7999998331069946,0.5999999046325684
1,1,0.49999987500003124,0.6666664481163025,0.5000001249999375,0.916666567325592,0.4166666269302368,0.5833333134651184
1,2,0.49999987500003124,0.9999997615814209,0.2500001249999375,0.8571427464485168,0.4285713732242584,0.4285713732242584
1,2,0.49999987500003124,0.9999997615814209,0.2500001249999375,0.9999998211860657,0.7999998331069946,0.7999998331069946
2,1,0.49999987500003124,0.9999995231628418,0.2500001249999375,0.7142856121063232,0.7142856121063232,0.2857142388820648
2,1,0.0,0.0,1.0,0.666666567325592,0.8333331942558289,0.49999991059303284
2,1,0.49999987500003124,0.9999995231628418,0.2500001249999375,0.8571427464485168,0.4285713732242584,0.5714284777641296
2,1,0.7499998125000469,0.9999997019767761,0.6666667172551499,0.9999998807907104,0.4999999403953552,0.6249999403953552
1,2,0.49999987500003124,0.9999995231628418,0.5000001249999375,0.666666567325592,0.49999991059303284,0.666666567325592
1,2,0.49999987500003124,0.9999995231628418,0.5000001249999375,0.4999997615814209,0.4999997615814209,0.0
1,3,0.9999997500000625,0.9999997615814209,0.2500000624999844,0.0,0.0,0.0
1,3,0.9999997500000625,0.9999997615814209,0.7500000312499921,0.0,0.0,0.0
1,2,0.49999987500003124,0.9999995231628418,0.5000001249999375,0.9999995231628418,0.4999997615814209,0.4999997615814209
1,2,0.49999987500003124,0.9999995231628418,0.5000001249999375,0.7999998331069946,0.5999999046325684,0.3999999165534973
1,2,0.49999987500003124,0.6666664481163025,0.2500001249999375,0.6666664481163025,0.33333322405815125,0.6666664481163025
1,2,0.7499998125000469,0.7499998211860657,0.5000000456214295,0.9999997019767761,0.33333322405815125,0.6666664481163025
2,1,0.0,0.9999995231628418,1.0,0.9999998211860657,0.3999999165534973,0.7999998331069946
2,1,0.49999987500003124,0.6666664481163025,0.5000001249999375,0.8333331942558289,0.49999991059303284,0.8333331942558289
1,2,0.9999997500000625,0.49999988079071045,0.5000000624999844,0.3999999165534973,0.7999998331069946,0.5999999046325684
2,1,0.49999987500003124,0.9999995231628418,0.2500001249999375,0.9999998807907104,0.8749998807907104,0.7499999403953552
1,2,0.0,0.0,1.0,0.7499999403953552,0.4999999403953552,0.6249999403953552
1,2,0.49999987500003124,0.9999995231628418,0.2500001249999375,0.8888887763023376,0.2222221940755844,0.333333283662796
2,1,0.49999987500003124,0.9999995231628418,0.2500001249999375,0.8571427464485168,0.7142856121063232,0.4285713732242584
2,1,0.49999987500003124,0.9999995231628418,0.5000001249999375,0.7499999403953552,0.4999999403953552,0.2499999701976776
2,1,0.0,0.9999995231628418,1.0,0.4999997615814209,0.9999995231628418,0.4999997615814209
2,1,0.49999987500003124,0.9999997615814209,0.2500001249999375,0.4999997615814209,0.4999997615814209,0.4999997615814209
1,2,0.0,0.9999995231628418,1.0,0.8571427464485168,0.4285713732242584,0.7142856121063232
1,2,0.49999987500003124,0.6666664481163025,0.2500001249999375,0.49999991059303284,0.49999991059303284,0.666666567325592
1,2,0.49999987500003124,0.6666664481163025,0.5000001249999375,0.8333331942558289,0.49999991059303284,0.333333283662796
2,1,0.7499998125000469,0.9999997019767761,0.5000000456214295,0.4285713732242584,0.9999998807907104,0.4285713732242584
2,1,0.49999987500003124,0.9999995231628418,0.2500001249999375,0.9999990463256836,0.9999990463256836,0.9999990463256836
1,2,0.49999987500003124,0.9999995231628418,0.2500001249999375,0.6249999403953552,0.4999999403953552,0.4999999403953552
2,1,0.49999987500003124,0.9999995231628418,0.2500001249999375,0.8749998807907104,0.7499999403953552,0.6249999403953552
1,2,0.49999987500003124,0.9999995231628418,0.5000001249999375,0.5833333134651184,0.6666666269302368,0.4166666269302368
1,2,0.9999997500000625,0.9999997615814209,0.3750000624999844,0.7999998331069946,0.5999999046325684,0.7999998331069946
1,2,0.49999987500003124,0.9999995231628418,0.2500001249999375,0.33333322405815125,0.33333322405815125,0.0
1,2,0.0,0.0,1.0,0.7499999403953552,0.6249999403953552,0.3749999701976776
1,2,0.7499998125000469,0.9999997019767761,0.5000000456214295,0.9999995231628418,0.4999997615814209,0.4999997615814209
1,2,0.0,0.0,1.0,0.9999998211860657,0.7999998331069946,0.0
2,1,0.0,0.9999995231628418,1.0,0.0,0.0,0.0
1,2,0.49999987500003124,0.6666664481163025,0.5000001249999375,0.8571427464485168,0.8571427464485168,0.7142856121063232
2,1,0.9999997500000625,0.49999988079071045,0.3750000624999844,0.9999998211860657,0.3999999165534973,0.5999999046325684
2,1,0.49999987500003124,0.6666664481163025,0.5000001249999375,0.9999997615814209,0.9999997615814209,0.49999988079071045
2,1,0.7499998125000469,0.33333322405815125,0.6666667172551499,0.0,0.9999995231628418,0.0
2,1,0.0,0.9999997019767761,1.0,0.49999988079071045,0.24999994039535522,0.24999994039535522
2,1,0.0,0.9999997019767761,1.0,0.7999999523162842,0.3999999761581421,0.3999999761581421
2,1,0.49999987500003124,0.7499998211860657,0.5000001249999375,0.7272726893424988,0.6363635659217834,0.45454540848731995
2,1,0.0,0.9999997019767761,1.0,0.49999988079071045,0.9999997615814209,0.49999988079071045
2,1,0.49999987500003124,0.7499998211860657,0.2500001249999375,0.8333332538604736,0.4999999701976776,0.6666666269302368
2,1,0.49999987500003124,0.9999995231628418,0.2500001249999375,0.49999988079071045,0.49999988079071045,0.24999994039535522
2,1,0.0,0.0,1.0,0.8333331942558289,0.333333283662796,0.166666641831398
2,1,0.9999997500000625,0.9999997615814209,0.5000000624999844,0.9999998211860657,0.333333283662796,0.666666567325592
2,1,0.49999987500003124,0.9999995231628418,0.5000001249999375,0.9999995231628418,0.4999997615814209,0.9999995231628418
1,2,0.49999987500003124,0.9999995231628418,0.5000001249999375,0.4999999403953552,0.1249999850988388,0.2499999701976776
2,1,0.49999987500003124,0.6666664481163025,0.5000001249999375,0.7499998211860657,0.9999997615814209,0.7499998211860657
1,2,0.0,0.9999995231628418,1.0,0.333333283662796,0.333333283662796,0.333333283662796
1,2,0.49999987500003124,0.6666664481163025,0.5000001249999375,0.8571427464485168,0.7142856121063232,0.5714284777641296
2,1,0.0,0.9999995231628418,1.0,0.9999997615814209,0.7499998211860657,0.7499998211860657
1,2,0.49999987500003124,0.6666664481163025,0.5000001249999375,0.666666567325592,0.8333331942558289,0.166666641831398
1,2,0.49999987500003124,0.6666664481163025,0.5000001249999375,0.7999998331069946,0.5999999046325684,0.3999999165534973
2,1,0.7499998125000469,0.33333322405815125,0.6666667172551499,0.9999997615814209,0.24999994039535522,0.7499998211860657
2,1,0.49999987500003124,0.6666664481163025,0.2500001249999375,0.7499998211860657,0.7499998211860657,0.49999988079071045
1,2,0.9999997500000625,0.49999988079071045,0.2500000624999844,0.9999997615814209,0.49999988079071045,0.49999988079071045
1,2,0.49999987500003124,0.0,0.5000001249999375,0.9999997615814209,0.49999988079071045,0.7499998211860657
1,2,0.49999987500003124,0.6666664481163025,0.2500001249999375,0.0,0.0,0.0
1,2,0.9999997500000625,0.49999988079071045,0.3750000624999844,0.0,0.0,0.0
1,2,0.0,0.9999995231628418,1.0,0.9999990463256836,0.9999990463256836,0.0
1,3,0.0,0.9999995231628418,1.0,0.0,0.0,0.0
1,2,0.0,0.9999995231628418,1.0,0.9999997019767761,0.33333322405815125,0.6666664481163025
2,1,0.9999997500000625,0.24999994039535522,0.7500000312499921,0.3999999165534973,0.9999998211860657,0.3999999165534973
1,2,0.0,0.9999997019767761,1.0,0.0,0.9999990463256836,0.0
1,2,0.9999997500000625,0.24999994039535522,0.3750000624999844,0.49999988079071045,0.9999997615814209,0.24999994039535522
1,2,0.0,0.9999997019767761,1.0,0.33333322405815125,0.9999997019767761,0.33333322405815125
1,2,0.49999987500003124,0.33333322405815125,0.5000001249999375,0.6666664481163025,0.9999997019767761,0.6666664481163025
1,3,0.9999997500000625,0.49999988079071045,0.5000000624999844,0.0,0.0,0.0
1,2,0.7499998125000469,0.33333322405815125,0.5000000456214295,0.6666664481163025,0.6666664481163025,0.6666664481163025
1,2,0.49999987500003124,0.6666664481163025,0.5000001249999375,0.9999990463256836,0.9999990463256836,0.0
1,2,0.9999997500000625,0.49999988079071045,0.6250000312499921,0.9999997615814209,0.49999988079071045,0.0
2,1,0.0,0.9999995231628418,1.0,0.5999999046325684,0.3999999165534973,0.0
2,1,0.0,0.9999995231628418,1.0,0.7999998331069946,0.5999999046325684,0.19999995827674866
2,1,0.0,0.9999995231628418,1.0,0.7999998331069946,0.3999999165534973,0.7999998331069946
2,1,0.49999987500003124,0.0,0.2500001249999375,0.7999998331069946,0.5999999046325684,0.5999999046325684
2,1,0.0,0.9999995231628418,1.0,0.9999997615814209,0.7499998211860657,0.7499998211860657
1,2,0.9999997500000625,0.49999988079071045,0.5000000624999844,0.9999998211860657,0.0,0.666666567325592
1,2,0.49999987500003124,0.6666664481163025,0.2500001249999375,0.6666664481163025,0.33333322405815125,0.6666664481163025
1,2,0.49999987500003124,0.6666664481163025,0.2500001249999375,0.49999988079071045,0.7499998211860657,0.24999994039535522
1,2,0.0,0.9999995231628418,1.0,0.666666567325592,0.666666567325592,0.166666641831398
1,2,0.49999987500003124,0.6666664481163025,0.5000001249999375,0.7499998211860657,0.49999988079071045,0.24999994039535522
1,2,0.0,0.9999995231628418,1.0,0.19999995827674866,0.5999999046325684,0.3999999165534973
1,2,0.0,0.9999995231628418,1.0,0.7999998331069946,0.7999998331069946,0.3999999165534973
2,1,0.0,0.9999995231628418,1.0,0.9999997615814209,0.24999994039535522,0.0
1,2,0.49999987500003124,0.6666664481163025,0.2500001249999375,0.0,0.9999990463256836,0.0
1,2,0.49999987500003124,0.6666664481163025,0.5000001249999375,0.5999999046325684,0.5999999046325684,0.3999999165534973
2,1,0.0,0.9999995231628418,1.0,0.8749998807907104,0.7499999403953552,0.4999999403953552
1,2,0.49999987500003124,0.0,0.5000001249999375,0.4999997615814209,0.4999997615814209,0.0
1,3,0.0,0.9999995231628418,1.0,0.0,0.0,0.0
1,2,0.9999997500000625,0.49999988079071045,0.5000000624999844,0.9999995231628418,0.4999997615814209,0.0
1,3,0.9999997500000625,0.49999988079071045,0.5000000624999844,0.0,0.0,0.0
1,2,0.49999987500003124,0.6666664481163025,0.5000001249999375,0.9999990463256836,0.9999990463256836,0.9999990463256836
1,2,0.7499998125000469,0.33333322405815125,0.6666667172551499,0.6666664481163025,0.33333322405815125,0.9999997019767761
2,1,0.7499998125000469,0.7499998211860657,0.6666667172551499,0.9999997615814209,0.49999988079071045,0.7499998211860657
1,2,0.7499998125000469,0.33333322405815125,0.5000000456214295,0.9999995231628418,0.9999995231628418,0.4999997615814209
1,3,0.49999987500003124,0.9999997615814209,0.5000001249999375,0.0,0.0,0.0
1,3,0.0,0.9999995231628418,1.0,0.0,0.0,0.0
1,3,0.49999987500003124,0.9999995231628418,0.2500001249999375,0.0,0.0,0.0
1,2,0.0,0.0,1.0,0.6666664481163025,0.33333322405815125,0.6666664481163025
1,2,0.0,0.0,1.0,0.0,0.0,0.0
1,3,0.0,0.0,1.0,0.0,0.0,0.0
1,2,0.0,0.0,1.0,0.0,0.0,0.0
1,2,0.0,0.9999995231628418,1.0,0.9999990463256836,0.9999990463256836,0.0
1,2,0.0,0.9999995231628418,1.0,0.19999995827674866,0.9999998211860657,0.5999999046325684
1,2,0.49999987500003124,0.9999997615814209,0.2500001249999375,0.9999990463256836,0.9999990463256836,0.9999990463256836
1,3,0.49999987500003124,0.0,0.2500001249999375,0.0,0.0,0.0
1,2,0.0,0.9999995231628418,1.0,0.9999995231628418,0.4999997615814209,0.4999997615814209
1,2,0.0,0.9999995231628418,1.0,0.9999997019767761,0.33333322405815125,0.6666664481163025
1,3,0.9999997500000625,0.49999988079071045,0.5000000624999844,0.0,0.0,0.0
1,2,0.49999987500003124,0.0,0.5000001249999375,0.9999995231628418,0.4999997615814209,0.9999995231628418
1,2,0.49999987500003124,0.6666664481163025,0.5000001249999375,0.9999995231628418,0.9999995231628418,0.4999997615814209
1,2,0.49999987500003124,0.6666664481163025,0.5000001249999375,0.6666664481163025,0.0,0.0
1,2,0.49999987500003124,0.7499998211860657,0.5000001249999375,0.4285713732242584,0.4285713732242584,0.2857142388820648
1,2,0.0,0.9999997019767761,1.0,0.4999999403953552,0.6249999403953552,0.2499999701976776
2,1,0.0,0.9999997019767761,1.0,0.8571427464485168,0.4285713732242584,0.5714284777641296
1,2,0.49999987500003124,0.33333322405815125,0.2500001249999375,0.8749998807907104,0.7499999403953552,0.3749999701976776
1,2,0.49999987500003124,0.33333322405815125,0.2500001249999375,0.7142856121063232,0.4285713732242584,0.2857142388820648
2,1,0.0,0.9999995231628418,1.0,0.6666664481163025,0.33333322405815125,0.33333322405815125
2,1,0.49999987500003124,0.9999997615814209,0.5000001249999375,0.5714284777641296,0.7142856121063232,0.7142856121063232
2,1,0.49999987500003124,0.6666664481163025,0.5000001249999375,0.9999998211860657,0.3999999165534973,0.5999999046325684
2,1,0.49999987500003124,0.6666664481163025,0.2500001249999375,0.7142856121063232,0.5714284777641296,0.4285713732242584
2,1,0.49999987500003124,0.0,0.5000001249999375,0.9999990463256836,0.9999990463256836,0.9999990463256836
1,2,0.49999987500003124,0.49999988079071045,0.5000001249999375,0.7499999403953552,0.4999999403953552,0.4999999403953552
1,2,0.49999987500003124,0.49999988079071045,0.2500001249999375,0.7499999403953552,0.4999999403953552,0.4999999403953552
2,1,0.49999987500003124,0.49999988079071045,0.5000001249999375,0.9999990463256836,0.9999990463256836,0.9999990463256836
2,1,0.9999997500000625,0.0,0.5000000624999844,0.9999998211860657,0.3999999165534973,0.7999998331069946
2,1,0.49999987500003124,0.49999988079071045,0.2500001249999375,0.4999997615814209,0.9999995231628418,0.4999997615814209
2,1,0.49999987500003124,0.33333322405815125,0.2500001249999375,0.4999997615814209,0.0,0.4999997615814209
1,2,0.9999997500000625,0.24999994039535522,0.6250000312499921,0.7999999523162842,0.5999999642372131,0.5999999642372131
2,1,0.49999987500003124,0.7499998211860657,0.5000001249999375,0.8749998807907104,0.4999999403953552,0.4999999403953552
2,1,0.49999987500003124,0.7499998211860657,0.2500001249999375,0.3999999165534973,0.3999999165534973,0.3999999165534973
2,1,0.49999987500003124,0.7499998211860657,0.2500001249999375,0.9999995231628418,0.4999997615814209,0.4999997615814209
2,1,0.49999987500003124,0.49999988079071045,0.5000001249999375,0.6249999403953552,0.4999999403953552,0.6249999403953552
1,2,0.0,0.9999997615814209,1.0,0.8333331942558289,0.666666567325592,0.333333283662796
1,2,0.9999997500000625,0.0,0.2500000624999844,0.666666567325592,0.8333331942558289,0.333333283662796
1,2,0.9999997500000625,0.0,0.3750000624999844,0.49999991059303284,0.166666641831398,0.333333283662796
1,2,0.49999987500003124,0.49999988079071045,0.2500001249999375,0.3999999165534973,0.9999998211860657,0.3999999165534973
1,2,0.0,0.9999997615814209,1.0,0.5999999046325684,0.5999999046325684,0.3999999165534973
1,2,0.49999987500003124,0.49999988079071045,0.2500001249999375,0.7499998211860657,0.7499998211860657,0.7499998211860657
2,1,0.7499998125000469,0.24999994039535522,0.3333333888888703,0.9999997615814209,0.24999994039535522,0.9999997615814209
2,1,0.0,0.9999997615814209,1.0,0.49999988079071045,0.7499998211860657,0.49999988079071045
1,2,0.49999987500003124,0.49999988079071045,0.2500001249999375,0.5999999046325684,0.5999999046325684,0.5999999046325684
2,1,0.0,0.9999995231628418,1.0,0.49999991059303284,0.166666641831398,0.0
1,1,0.49999987500003124,0.6666664481163025,0.2500001249999375,0.7499999403953552,0.3749999701976776,0.6249999403953552
2,1,0.0,0.9999995231628418,1.0,0.9999995231628418,0.0,0.9999995231628418
1,1,0.49999987500003124,0.0,0.5000001249999375,0.4999999403953552,0.3749999701976776,0.1249999850988388
1,2,0.0,0.9999995231628418,1.0,0.9999998211860657,0.9999998211860657,0.3999999165534973
2,1,0.49999987500003124,0.6666664481163025,0.5000001249999375,0.6249999403953552,0.4999999403953552,0.3749999701976776
2,1,0.0,0.9999995231628418,1.0,0.9999998807907104,0.666666567325592,0.333333283662796
4,1,0.49999987500003124,0.6666664481163025,0.5000001249999375,0.0,0.0,0.0
2,1,0.49999987500003124,0.6666664481163025,0.2500001249999375,0.9999997019767761,0.33333322405815125,0.6666664481163025
2,1,0.49999987500003124,0.6666664481163025,0.5000001249999375,0.666666567325592,0.49999991059303284,0.333333283662796
1,1,0.0,0.9999995231628418,1.0,0.9999998211860657,0.333333283662796,0.49999991059303284
1,2,0.9999997500000625,0.49999988079071045,0.2500000624999844,0.9999998211860657,0.8333331942558289,0.49999991059303284
1,2,0.9999997500000625,0.49999988079071045,0.5000000624999844,0.6666664481163025,0.6666664481163025,0.33333322405815125
2,1,0.0,0.9999995231628418,1.0,0.8333331942558289,0.666666567325592,0.49999991059303284
1,2,0.0,0.9999995231628418,1.0,0.49999991059303284,0.8333331942558289,0.49999991059303284
1,2,0.7499998125000469,0.33333322405815125,0.5000000456214295,0.9999995231628418,0.9999995231628418,0.4999997615814209
2,1,0.0,0.9999995231628418,1.0,0.7499998211860657,0.7499998211860657,0.49999988079071045
3,1,0.7499998125000469,0.33333322405815125,0.5000000456214295,0.0,0.0,0.0
2,1,0.9999997500000625,0.49999988079071045,0.6250000312499921,0.0,0.0,0.0
2,1,0.7499998125000469,0.33333322405815125,0.6666667172551499,0.8749998807907104,0.2499999701976776,0.2499999701976776
2,1,0.49999987500003124,0.33333322405815125,0.5000001249999375,0.49999988079071045,0.9999997615814209,0.49999988079071045
1,2,0.49999987500003124,0.33333322405815125,0.2500001249999375,0.49999991059303284,0.49999991059303284,0.49999991059303284
1,2,0.9999997500000625,0.24999994039535522,0.5000000624999844,0.6666664481163025,0.6666664481163025,0.0
1,2,0.0,0.9999997019767761,1.0,0.6249999403953552,0.8749998807907104,0.6249999403953552
1,2,0.9999997500000625,0.24999994039535522,0.5000000624999844,0.33333322405815125,0.6666664481163025,0.33333322405815125
2,1,0.0,0.0,1.0,0.0,0.0,0.0
2,1,0.0,0.0,1.0,0.0,0.0,0.0
2,1,0.7499998125000469,0.9999997019767761,0.5000000456214295,0.7499998211860657,0.7499998211860657,0.24999994039535522
2,1,0.0,0.0,1.0,0.7272726893424988,0.3636363446712494,0.6363635659217834
2,1,0.0,0.0,1.0,0.4999997615814209,0.9999995231628418,0.4999997615814209
2,1,0.7499998125000469,0.9999997019767761,0.6666667172551499,0.4999997615814209,0.9999995231628418,0.4999997615814209
1,2,0.9999997500000625,0.9999997615814209,0.5000000624999844,0.33333322405815125,0.9999997019767761,0.33333322405815125
3,1,0.49999987500003124,0.9999995231628418,0.2500001249999375,0.0,0.0,0.0
2,1,0.0,0.0,1.0,0.49999988079071045,0.24999994039535522,0.49999988079071045
2,1,0.0,0.0,1.0,0.6666664481163025,0.33333322405815125,0.0
1,2,0.49999987500003124,0.6666664481163025,0.2500001249999375,0.9999998807907104,0.7142856121063232,0.8571427464485168
2,1,0.7499998125000469,0.7499998211860657,0.6666667172551499,0.9999998807907104,0.5714284777641296,0.7142856121063232
2,1,0.0,0.9999995231628418,1.0,0.5999999046325684,0.7999998331069946,0.5999999046325684
2,1,0.49999987500003124,0.9999997615814209,0.2500001249999375,0.33333322405815125,0.33333322405815125,0.0
2,1,0.7499998125000469,0.7499998211860657,0.5000000456214295,0.9999997019767761,0.6666664481163025,0.6666664481163025
2,1,0.49999987500003124,0.6666664481163025,0.2500001249999375,0.5999999046325684,0.19999995827674866,0.5999999046325684
2,1,0.7499998125000469,0.7499998211860657,0.5000000456214295,0.9999998807907104,0.4999999403953552,0.7499999403953552
1,2,0.49999987500003124,0.6666664481163025,0.5000001249999375,0.7777776718139648,0.555555522441864,0.555555522441864
1,2,0.0,0.9999995231628418,1.0,0.5999999642372131,0.7999999523162842,0.3999999761581421
2,1,0.9999997500000625,0.49999988079071045,0.3750000624999844,0.9999998211860657,0.666666567325592,0.666666567325592
2,1,0.7499998125000469,0.7499998211860657,0.6666667172551499,0.7777776718139648,0.4444443881511688,0.333333283662796
2,1,0.49999987500003124,0.6666664481163025,0.5000001249999375,0.5999999642372131,0.29999998211860657,0.5999999642372131
2,1,0.0,0.9999995231628418,1.0,0.9999997019767761,0.6666664481163025,0.9999997019767761
2,1,0.49999987500003124,0.9999997615814209,0.5000001249999375,0.8749998807907104,0.1249999850988388,0.1249999850988388
2,1,0.49999987500003124,0.9999997615814209,0.2500001249999375,0.9999998211860657,0.333333283662796,0.9999998211860657
1,2,0.0,0.0,1.0,0.0,0.33333322405815125,0.0
1,3,0.0,0.0,1.0,0.0,0.0,0.0
1,2,0.49999987500003124,0.9999995231628418,0.2500001249999375,0.33333322405815125,0.0,0.0
1,2,0.7499998125000469,0.9999997019767761,0.3333333888888703,0.0,0.0,0.0
1,2,0.49999987500003124,0.9999995231628418,0.5000001249999375,0.4999997615814209,0.0,0.4999997615814209
1,2,0.0,0.9999995231628418,1.0,0.9999998807907104,0.7142856121063232,0.8571427464485168
2,1,0.49999987500003124,0.0,0.2500001249999375,0.3999999165534973,0.3999999165534973,0.3999999165534973
1,2,0.0,0.9999995231628418,1.0,0.9999997615814209,0.24999994039535522,0.49999988079071045
2,1,0.0,0.9999995231628418,1.0,0.5999999046325684,0.5999999046325684,0.19999995827674866
2,1,0.0,0.9999995231628418,1.0,0.9999997019767761,0.33333322405815125,0.6666664481163025
2,1,0.0,0.9999997019767761,1.0,0.5999999642372131,0.4999999403953552,0.3999999761581421
1,1,0.0,0.9999997019767761,1.0,0.6363635659217834,0.5454545021057129,0.3636363446712494
2,1,0.0,0.9999997019767761,1.0,0.7499998211860657,0.9999997615814209,0.7499998211860657
1,1,0.0,0.9999997019767761,1.0,0.27272725105285645,0.6363635659217834,0.1818181723356247
1,2,0.7499998125000469,0.0,0.6666667172551499,0.5999999642372131,0.6999999284744263,0.29999998211860657
2,1,0.49999987500003124,0.49999988079071045,0.2500001249999375,0.8333331942558289,0.666666567325592,0.666666567325592
1,2,0.0,0.9999997615814209,1.0,0.5999999046325684,0.19999995827674866,0.3999999165534973
1,2,0.0,0.9999997615814209,1.0,0.4999997615814209,0.4999997615814209,0.0
1,2,0.49999987500003124,0.49999988079071045,0.2500001249999375,0.8333331942558289,0.49999991059303284,0.49999991059303284
1,2,0.7499998125000469,0.24999994039535522,0.5000000456214295,0.49999991059303284,0.49999991059303284,0.49999991059303284
2,1,0.49999987500003124,0.7499998211860657,0.2500001249999375,0.8571427464485168,0.8571427464485168,0.4285713732242584
2,1,0.49999987500003124,0.7499998211860657,0.5000001249999375,0.8181817531585693,0.6363635659217834,0.3636363446712494
2,1,0.49999987500003124,0.7499998211860657,0.5000001249999375,0.9999999403953552,0.5454545021057129,0.6363635659217834
1,2,0.49999987500003124,0.33333322405815125,0.5000001249999375,0.6363635659217834,0.7272726893424988,0.5454545021057129
1,2,0.0,0.9999997019767761,1.0,0.4444443881511688,0.555555522441864,0.2222221940755844
1,2,0.0,0.0,1.0,0.49999988079071045,0.7499998211860657,0.24999994039535522
1,2,0.49999987500003124,0.9999995231628418,0.2500001249999375,0.9999998211860657,0.666666567325592,0.49999991059303284
1,2,0.49999987500003124,0.9999995231628418,0.5000001249999375,0.7499999403953552,0.6249999403953552,0.2499999701976776
1,2,0.0,0.0,1.0,0.5714284777641296,0.5714284777641296,0.2857142388820648
1,2,0.49999987500003124,0.9999995231628418,0.5000001249999375,0.4999997615814209,0.9999995231628418,0.0
2,1,0.0,0.0,1.0,0.9999990463256836,0.9999990463256836,0.9999990463256836
1,2,0.49999987500003124,0.9999995231628418,0.5000001249999375,0.9999995231628418,0.9999995231628418,0.4999997615814209
2,1,0.0,0.0,1.0,0.5999999046325684,0.5999999046325684,0.3999999165534973
2,1,0.0,0.0,1.0,0.9999990463256836,0.9999990463256836,0.9999990463256836
1,2,0.0,0.0,1.0,0.9999998211860657,0.7999998331069946,0.5999999046325684
1,2,0.49999987500003124,0.0,0.2500001249999375,0.49999991059303284,0.49999991059303284,0.49999991059303284
2,1,0.0,0.9999995231628418,1.0,0.7999998331069946,0.3999999165534973,0.3999999165534973
1,2,0.0,0.9999995231628418,1.0,0.9999997615814209,0.49999988079071045,0.9999997615814209
1,2,0.0,0.9999995231628418,1.0,0.9999997615814209,0.49999988079071045,0.7499998211860657
1,2,0.9999997500000625,0.49999988079071045,0.2500000624999844,0.9999995231628418,0.9999995231628418,0.4999997615814209
2,1,0.7499998125000469,0.7499998211860657,0.5000000456214295,0.7999998331069946,0.3999999165534973,0.7999998331069946
1,2,0.0,0.9999995231628418,1.0,0.7999998331069946,0.3999999165534973,0.0
3,1,0.49999987500003124,0.6666664481163025,0.5000001249999375,0.0,0.0,0.0
1,2,0.49999987500003124,0.6666664481163025,0.2500001249999375,0.5999999046325684,0.3999999165534973,0.3999999165534973
1,2,0.49999987500003124,0.0,0.5000001249999375,0.8333331942558289,0.333333283662796,0.666666567325592
1,2,0.9999997500000625,0.24999994039535522,0.3750000624999844,0.666666567325592,0.49999991059303284,0.49999991059303284
1,2,0.0,0.9999997019767761,1.0,0.6666664481163025,0.9999997019767761,0.6666664481163025
2,1,0.49999987500003124,0.7499998211860657,0.2500001249999375,0.5999999046325684,0.5999999046325684,0.19999995827674866
1,2,0.49999987500003124,0.33333322405815125,0.2500001249999375,0.4999997615814209,0.9999995231628418,0.0
1,2,0.9999997500000625,0.24999994039535522,0.3750000624999844,0.666666567325592,0.166666641831398,0.333333283662796
2,1,0.9999997500000625,0.49999988079071045,0.3750000624999844,0.9999995231628418,0.0,0.4999997615814209
1,2,0.49999987500003124,0.6666664481163025,0.5000001249999375,0.9999998211860657,0.8333331942558289,0.333333283662796
1,2,0.49999987500003124,0.6666664481163025,0.5000001249999375,0.7499998211860657,0.7499998211860657,0.24999994039535522
1,2,0.0,0.9999995231628418,1.0,0.8749998807907104,0.4999999403953552,0.4999999403953552
1,2,0.49999987500003124,0.6666664481163025,0.2500001249999375,0.9999998211860657,0.5999999046325684,0.5999999046325684
1,2,0.49999987500003124,0.6666664481163025,0.2500001249999375,0.7272726893424988,0.5454545021057129,0.3636363446712494
2,1,0.7499998125000469,0.7499998211860657,0.6666667172551499,0.357142835855484,0.928571343421936,0.2857142686843872
2,1,0.0,0.9999995231628418,1.0,0.8181817531585693,0.9090908169746399,0.5454545021057129
1,2,0.0,0.9999995231628418,1.0,0.7692307233810425,0.6923076510429382,0.615384578704834
2,1,0.49999987500003124,0.6666664481163025,0.5000001249999375,0.7499999403953552,0.6666666269302368,0.8333332538604736
1,2,0.49999987500003124,0.6666664481163025,0.5000001249999375,0.5714284777641296,0.8571427464485168,0.4285713732242584
1,2,0.49999987500003124,0.6666664481163025,0.5000001249999375,0.7692307233810425,0.5384615063667297,0.5384615063667297
1,2,0.0,0.9999995231628418,1.0,0.8999999165534973,0.5999999642372131,0.4999999403953552
2,1,0.7499998125000469,0.33333322405815125,0.5000000456214295,0.6923076510429382,0.615384578704834,0.6923076510429382
1,2,0.0,0.9999995231628418,1.0,0.8749998807907104,0.6249999403953552,0.4999999403953552
1,2,0.49999987500003124,0.49999988079071045,0.5000001249999375,0.8333331942558289,0.666666567325592,0.49999991059303284
1,1,0.49999987500003124,0.49999988079071045,0.5000001249999375,0.8749998807907104,0.7499999403953552,0.3749999701976776
1,2,0.9999997500000625,0.0,0.3750000624999844,0.7999998331069946,0.7999998331069946,0.0
1,2,0.49999987500003124,0.49999988079071045,0.5000001249999375,0.7499998211860657,0.49999988079071045,0.49999988079071045
2,1,0.0,0.9999997615814209,1.0,0.6666664481163025,0.33333322405815125,0.33333322405815125
1,2,0.49999987500003124,0.33333322405815125,0.2500001249999375,0.7999998331069946,0.7999998331069946,0.3999999165534973
1,1,0.0,0.9999997019767761,1.0,0.7999998331069946,0.3999999165534973,0.5999999046325684
1,2,0.0,0.9999997019767761,1.0,0.0,0.0,0.0
2,1,0.49999987500003124,0.7499998211860657,0.5000001249999375,0.7499998211860657,0.49999988079071045,0.49999988079071045
1,2,0.0,0.9999997019767761,1.0,0.5999999046325684,0.5999999046325684,0.3999999165534973
1,2,0.49999987500003124,0.0,0.5000001249999375,0.5999999046325684,0.5999999046325684,0.5999999046325684
1,3,0.49999987500003124,0.6666664481163025,0.2500001249999375,0.0,0.0,0.0
1,2,0.49999987500003124,0.6666664481163025,0.2500001249999375,0.7999998331069946,0.5999999046325684,0.3999999165534973
1,2,0.49999987500003124,0.6666664481163025,0.2500001249999375,0.7499999403953552,0.7499999403953552,0.4999999403953552
1,2,0.49999987500003124,0.6666664481163025,0.5000001249999375,0.7999998331069946,0.5999999046325684,0.19999995827674866
1,2,0.49999987500003124,0.9999997615814209,0.5000001249999375,0.4999997615814209,0.9999995231628418,0.4999997615814209
1,2,0.7499998125000469,0.7499998211860657,0.5000000456214295,0.6666664481163025,0.33333322405815125,0.33333322405815125
1,2,0.9999997500000625,0.49999988079071045,0.3750000624999844,0.4999997615814209,0.9999995231628418,0.4999997615814209
2,1,0.49999987500003124,0.6666664481163025,0.2500001249999375,0.49999988079071045,0.7499998211860657,0.24999994039535522
1,2,0.0,0.9999995231628418,1.0,0.9999998211860657,0.3999999165534973,0.9999998211860657
1,2,0.49999987500003124,0.0,0.5000001249999375,0.9999995231628418,0.4999997615814209,0.4999997615814209
1,2,0.9999997500000625,0.49999988079071045,0.3750000624999844,0.4999997615814209,0.4999997615814209,0.0
1,2,0.0,0.9999995231628418,1.0,0.5999999046325684,0.19999995827674866,0.3999999165534973
1,2,0.0,0.9999995231628418,1.0,0.0,0.4999997615814209,0.0
1,3,0.0,0.9999995231628418,1.0,0.0,0.0,0.0
2,1,0.49999987500003124,0.6666664481163025,0.2500001249999375,0.4999997615814209,0.0,0.4999997615814209
3,1,0.49999987500003124,0.6666664481163025,0.5000001249999375,0.0,0.0,0.0
2,1,0.9999997500000625,0.49999988079071045,0.2500000624999844,0.0,0.0,0.0
2,1,0.0,0.9999995231628418,1.0,0.6923076510429382,0.38461536169052124,0.4615384340286255
2,1,0.49999987500003124,0.6666664481163025,0.2500001249999375,0.6428570747375488,0.4999999701976776,0.5714285373687744
2,1,0.0,0.9999997615814209,1.0,0.7857142090797424,0.714285671710968,0.6428570747375488
2,1,0.49999987500003124,0.49999988079071045,0.2500001249999375,0.7368420362472534,0.6315788626670837,0.5789473056793213
2,1,0.49999987500003124,0.49999988079071045,0.5000001249999375,0.6666664481163025,0.33333322405815125,0.6666664481163025
2,1,0.0,0.9999997615814209,1.0,0.9999998211860657,0.49999991059303284,0.49999991059303284
3,1,0.7499998125000469,0.24999994039535522,0.6666667172551499,0.0,0.0,0.0
2,1,0.7499998125000469,0.24999994039535522,0.5000000456214295,0.5454545021057129,0.45454540848731995,0.3636363446712494
3,1,0.49999987500003124,0.49999988079071045,0.2500001249999375,0.0,0.0,0.0
4,1,0.49999987500003124,0.49999988079071045,0.2500001249999375,0.0,0.0,0.0
2,1,0.49999987500003124,0.49999988079071045,0.2500001249999375,0.8571427464485168,0.5714284777641296,0.7142856121063232
2,1,0.7499998125000469,0.24999994039535522,0.5000000456214295,0.24999994039535522,0.7499998211860657,0.24999994039535522
1,2,0.0,0.9999997019767761,1.0,0.9999998807907104,0.4285713732242584,0.7142856121063232
2,1,0.0,0.9999997019767761,1.0,0.9999997615814209,0.24999994039535522,0.24999994039535522
1,2,0.0,0.9999997019767761,1.0,0.8571427464485168,0.5714284777641296,0.5714284777641296
2,1,0.0,0.9999997019767761,1.0,0.7999998331069946,0.19999995827674866,0.5999999046325684
2,1,0.7499998125000469,0.49999988079071045,0.5000000456214295,0.9999998211860657,0.5999999046325684,0.7999998331069946
1,3,0.49999987500003124,0.9999997615814209,0.5000001249999375,0.0,0.0,0.0
1,2,0.49999987500003124,0.6666664481163025,0.5000001249999375,0.9999997615814209,0.9999997615814209,0.9999997615814209
1,2,0.49999987500003124,0.6666664481163025,0.2500001249999375,0.6666664481163025,0.6666664481163025,0.33333322405815125
1,2,0.49999987500003124,0.6666664481163025,0.5000001249999375,0.33333322405815125,0.9999997019767761,0.33333322405815125
1,2,0.9999997500000625,0.49999988079071045,0.5000000624999844,0.9999995231628418,0.9999995231628418,0.9999995231628418
2,1,0.49999987500003124,0.0,0.2500001249999375,0.7777776718139648,0.555555522441864,0.2222221940755844
1,2,0.0,0.9999995231628418,1.0,0.8571427464485168,0.2857142388820648,0.5714284777641296
1,2,0.49999987500003124,0.9999997615814209,0.5000001249999375,0.9999998807907104,0.3749999701976776,0.6249999403953552
2,1,0.49999987500003124,0.6666664481163025,0.5000001249999375,0.5714284777641296,0.4285713732242584,0.7142856121063232
2,1,0.49999987500003124,0.6666664481163025,0.5000001249999375,0.9999998807907104,0.2857142388820648,0.2857142388820648
2,1,0.7499998125000469,0.24999994039535522,0.6666667172551499,0.7999999523162842,0.6999999284744263,0.5999999642372131
2,1,0.49999987500003124,0.49999988079071045,0.2500001249999375,0.7999999523162842,0.6999999284744263,0.5999999642372131
2,1,0.49999987500003124,0.49999988079071045,0.2500001249999375,0.9999997019767761,0.6666664481163025,0.6666664481163025
2,1,0.9999997500000625,0.0,0.6250000312499921,0.7777776718139648,0.555555522441864,0.4444443881511688
4,1,0.49999987500003124,0.49999988079071045,0.5000001249999375,0.0,0.0,0.0
2,1,0.7499998125000469,0.49999988079071045,0.5000000456214295,0.9999997019767761,0.33333322405815125,0.33333322405815125
2,1,0.49999987500003124,0.7499998211860657,0.5000001249999375,0.5999999046325684,0.7999998331069946,0.9999998211860657
2,1,0.0,0.9999997019767761,1.0,0.8333331942558289,0.49999991059303284,0.49999991059303284
2,1,0.49999987500003124,0.33333322405815125,0.2500001249999375,0.9999995231628418,0.0,0.9999995231628418
2,1,0.49999987500003124,0.7499998211860657,0.2500001249999375,0.7999998331069946,0.9999998211860657,0.5999999046325684
13,1,0.7499998125000469,0.24999994039535522,0.6666667172551499,0.0,0.0,0.0
2,1,0.0,0.9999997615814209,1.0,0.9999995231628418,0.0,0.9999995231628418
2,1,0.7499998125000469,0.24999994039535522,0.6666667172551499,0.8888887763023376,0.4444443881511688,0.4444443881511688
2,1,0.0,0.9999997615814209,1.0,0.9999997615814209,0.49999988079071045,0.7499998211860657
2,1,0.49999987500003124,0.49999988079071045,0.2500001249999375,0.7777776718139648,0.7777776718139648,0.4444443881511688
1,2,0.49999987500003124,0.33333322405815125,0.5000001249999375,0.9999998211860657,0.49999991059303284,0.333333283662796
1,2,0.49999987500003124,0.33333322405815125,0.2500001249999375,0.9999997615814209,0.49999988079071045,0.24999994039535522
1,2,0.7499998125000469,0.0,0.6666667172551499,0.7142856121063232,0.5714284777641296,0.5714284777641296
3,1,0.49999987500003124,0.33333322405815125,0.5000001249999375,0.0,0.0,0.0
2,1,0.9999997500000625,0.24999994039535522,0.3750000624999844,0.3999999165534973,0.7999998331069946,0.9999998211860657
2,1,0.0,0.9999997615814209,1.0,0.6999999284744263,0.4999999403953552,0.29999998211860657
1,2,0.49999987500003124,0.49999988079071045,0.2500001249999375,0.8571427464485168,0.4285713732242584,0.4285713732242584
1,2,0.49999987500003124,0.49999988079071045,0.5000001249999375,0.7499998211860657,0.24999994039535522,0.49999988079071045
2,1,0.0,0.9999997615814209,1.0,0.33333322405815125,0.33333322405815125,0.33333322405815125
1,2,0.49999987500003124,0.49999988079071045,0.5000001249999375,0.6999999284744263,0.6999999284744263,0.3999999761581421
1,2,0.49999987500003124,0.33333322405815125,0.5000001249999375,0.7499998211860657,0.7499998211860657,0.9999997615814209
1,2,0.7499998125000469,0.49999988079071045,0.3333333888888703,0.7499998211860657,0.9999997615814209,0.49999988079071045
1,2,0.9999997500000625,0.24999994039535522,0.5000000624999844,0.9999997019767761,0.0,0.6666664481163025
1,2,0.49999987500003124,0.7499998211860657,0.2500001249999375,0.8571427464485168,0.8571427464485168,0.7142856121063232
3,1,0.0,0.9999997019767761,1.0,0.0,0.0,0.0
1,3,0.49999987500003124,0.6666664481163025,0.2500001249999375,0.0,0.0,0.0
1,2,0.49999987500003124,0.6666664481163025,0.5000001249999375,0.49999988079071045,0.9999997615814209,0.7499998211860657
1,2,0.9999997500000625,0.49999988079071045,0.7500000312499921,0.24999994039535522,0.9999997615814209,0.24999994039535522
1,2,0.49999987500003124,0.6666664481163025,0.2500001249999375,0.0,0.0,0.0
1,3,0.49999987500003124,0.6666664481163025,0.2500001249999375,0.0,0.0,0.0
2,1,0.49999987500003124,0.6666664481163025,0.5000001249999375,0.9999997615814209,0.9999997615814209,0.24999994039535522
2,1,0.7499998125000469,0.33333322405815125,0.5000000456214295,0.4285713732242584,0.5714284777641296,0.5714284777641296
2,1,0.7499998125000469,0.33333322405815125,0.6666667172551499,0.49999988079071045,0.49999988079071045,0.24999994039535522
2,1,0.49999987500003124,0.6666664481163025,0.2500001249999375,0.7499998211860657,0.7499998211860657,0.7499998211860657
2,1,0.49999987500003124,0.6666664481163025,0.2500001249999375,0.9999997615814209,0.49999988079071045,0.49999988079071045
2,1,0.49999987500003124,0.6666664481163025,0.2500001249999375,0.9999990463256836,0.0,0.0
2,1,0.49999987500003124,0.0,0.2500001249999375,0.9999997615814209,0.7499998211860657,0.49999988079071045
2,1,0.49999987500003124,0.6666664481163025,0.2500001249999375,0.9999997615814209,0.7499998211860657,0.24999994039535522
2,1,0.0,0.9999995231628418,1.0,0.9999998211860657,0.166666641831398,0.333333283662796
2,1,0.9999997500000625,0.49999988079071045,0.3750000624999844,0.9999998807907104,0.8571427464485168,0.5714284777641296
2,1,0.7499998125000469,0.33333322405815125,0.6666667172551499,0.9999995231628418,0.9999995231628418,0.9999995231628418
3,1,0.49999987500003124,0.9999997615814209,0.2500001249999375,0.0,0.0,0.0
2,1,0.0,0.9999995231628418,1.0,0.9999990463256836,0.0,0.0
2,1,0.0,0.9999995231628418,1.0,0.8333331942558289,0.666666567325592,0.49999991059303284
2,1,0.49999987500003124,0.6666664481163025,0.2500001249999375,0.0,0.0,0.0
1,2,0.49999987500003124,0.33333322405815125,0.5000001249999375,0.4999997615814209,0.4999997615814209,0.4999997615814209
1,3,0.0,0.9999997019767761,1.0,0.0,0.0,0.0
2,1,0.0,0.9999997019767761,1.0,0.9999997019767761,0.6666664481163025,0.9999997019767761
1,3,0.49999987500003124,0.33333322405815125,0.2500001249999375,0.0,0.0,0.0
1,2,0.49999987500003124,0.7499998211860657,0.5000001249999375,0.33333322405815125,0.6666664481163025,0.6666664481163025
2,1,0.0,0.9999995231628418,1.0,0.6666664481163025,0.33333322405815125,0.6666664481163025
1,1,0.9999997500000625,0.49999988079071045,0.5000000312499921,0.8999999165534973,0.4999999403953552,0.4999999403953552
2,1,0.9999997500000625,0.49999988079071045,0.3750000624999844,0.8749998807907104,0.7499999403953552,0.4999999403953552
2,1,0.49999987500003124,0.9999997615814209,0.5000001249999375,0.8999999165534973,0.3999999761581421,0.3999999761581421
3,1,0.49999987500003124,0.0,0.5000001249999375,0.0,0.0,0.0
1,1,0.49999987500003124,0.49999988079071045,0.5000001249999375,0.666666567325592,0.666666567325592,0.333333283662796
2,1,0.49999987500003124,0.49999988079071045,0.2500001249999375,0.9999997019767761,0.33333322405815125,0.33333322405815125
2,1,0.49999987500003124,0.49999988079071045,0.5000001249999375,0.49999991059303284,0.49999991059303284,0.333333283662796
2,1,0.49999987500003124,0.49999988079071045,0.2500001249999375,0.9999995231628418,0.9999995231628418,0.0
3,1,0.0,0.9999997615814209,1.0,0.0,0.0,0.0
1,2,0.0,0.9999997019767761,1.0,0.9999990463256836,0.9999990463256836,0.0
2,1,0.9999997500000625,0.24999994039535522,0.3750000624999844,0.9999997615814209,0.24999994039535522,0.24999994039535522
1,2,0.49999987500003124,0.7499998211860657,0.2500001249999375,0.49999988079071045,0.49999988079071045,0.24999994039535522
1,2,0.7499998125000469,0.0,0.5000000456214295,0.9999997615814209,0.24999994039535522,0.7499998211860657
1,2,0.49999987500003124,0.33333322405815125,0.5000001249999375,0.9999997615814209,0.7499998211860657,0.7499998211860657
2,1,0.9999997500000625,0.24999994039535522,0.3750000624999844,0.9999995231628418,0.9999995231628418,0.9999995231628418
1,2,0.49999987500003124,0.33333322405815125,0.5000001249999375,0.9999998807907104,0.5999999642372131,0.4999999403953552
1,2,0.7499998125000469,0.49999988079071045,0.5000000456214295,0.33333322405815125,0.6666664481163025,0.33333322405815125
1,2,0.49999987500003124,0.7499998211860657,0.2500001249999375,0.7777776718139648,0.666666567325592,0.4444443881511688
1,2,0.0,0.9999997019767761,1.0,0.666666567325592,0.8333331942558289,0.49999991059303284
1,2,0.49999987500003124,0.49999988079071045,0.2500001249999375,0.9999997615814209,0.7499998211860657,0.24999994039535522
1,2,0.7499998125000469,0.24999994039535522,0.6666667172551499,0.7499998211860657,0.49999988079071045,0.49999988079071045
1,2,0.0,0.9999997615814209,1.0,0.9999998211860657,0.666666567325592,0.49999991059303284
1,2,0.0,0.9999997615814209,1.0,0.7499998211860657,0.7499998211860657,0.49999988079071045
2,1,0.49999987500003124,0.49999988079071045,0.2500001249999375,0.8333331942558289,0.8333331942558289,0.666666567325592
1,2,0.49999987500003124,0.6666664481163025,0.2500001249999375,0.7499999403953552,0.4999999701976776,0.5833333134651184
1,2,0.7499998125000469,0.7499998211860657,0.5000000456214295,0.7999999523162842,0.5999999642372131,0.3999999761581421
2,1,0.0,0.9999995231628418,1.0,0.5999999046325684,0.3999999165534973,0.3999999165534973
1,2,0.0,0.9999995231628418,1.0,0.5454545021057129,0.7272726893424988,0.1818181723356247
2,1,0.49999987500003124,0.9999997615814209,0.5000001249999375,0.9999995231628418,0.0,0.4999997615814209
2,1,0.0,0.9999997019767761,1.0,0.7857142090797424,0.4999999701976776,0.5714285373687744
1,1,0.0,0.9999997019767761,1.0,0.7333332896232605,0.5333333015441895,0.3999999761581421
2,1,0.49999987500003124,0.7499998211860657,0.2500001249999375,0.8571428060531616,0.4999999701976776,0.4999999701976776
2,1,0.49999987500003124,0.7499998211860657,0.2500001249999375,0.8333331942558289,0.666666567325592,0.666666567325592
1,2,0.0,0.9999997019767761,1.0,0.6666666269302368,0.5833333134651184,0.4166666269302368
1,2,0.9999997500000625,0.9999997615814209,0.2500000624999844,0.6249999403953552,0.6874999403953552,0.3749999701976776
2,1,0.49999987500003124,0.9999995231628418,0.5000001249999375,0.611111044883728,0.7222221493721008,0.4999999403953552
2,1,0.49999987500003124,0.9999995231628418,0.5000001249999375,0.611111044883728,0.4999999403953552,0.0555555485188961
1,1,0.0,0.0,1.0,0.8499999046325684,0.5999999642372131,0.5499999523162842
3,1,0.7499998125000469,0.9999997019767761,0.5000000456214295,0.0,0.0,0.0
2,1,0.49999987500003124,0.6666664481163025,0.2500001249999375,0.9999990463256836,0.9999990463256836,0.9999990463256836
2,1,0.49999987500003124,0.6666664481163025,0.2500001249999375,0.7142856121063232,0.7142856121063232,0.5714284777641296
2,1,0.0,0.9999995231628418,1.0,0.4999999403953552,0.29999998211860657,0.4999999403953552
1,2,0.0,0.9999995231628418,1.0,0.8461537957191467,0.4615384340286255,0.4615384340286255
1,2,0.49999987500003124,0.6666664481163025,0.5000001249999375,0.7777776718139648,0.666666567325592,0.555555522441864
2,1,0.49999987500003124,0.6666664481163025,0.5000001249999375,0.49999991059303284,0.49999991059303284,0.0
3,1,0.49999987500003124,0.9999997615814209,0.2500001249999375,0.0,0.0,0.0
2,1,0.0,0.9999995231628418,1.0,0.7333332896232605,0.6666666269302368,0.5999999642372131
2,1,0.49999987500003124,0.6666664481163025,0.2500001249999375,0.947368323802948,0.6315788626670837,0.5263157486915588
2,1,0.0,0.9999995231628418,1.0,0.7999999523162842,0.7333332896232605,0.6666666269302368
2,1,0.7499998125000469,0.33333322405815125,0.3333333888888703,0.8571427464485168,0.8571427464485168,0.2857142388820648
2,1,0.49999987500003124,0.6666664481163025,0.5000001249999375,0.9999997615814209,0.7499998211860657,0.49999988079071045
1,2,0.7499998125000469,0.7499998211860657,0.5000000456214295,0.9999998807907104,0.6249999403953552,0.6249999403953552
2,1,0.0,0.9999995231628418,1.0,0.8571427464485168,0.8571427464485168,0.8571427464485168
2,1,0.0,0.9999995231628418,1.0,0.9999998211860657,0.5999999046325684,0.5999999046325684
4,1,0.49999987500003124,0.6666664481163025,0.2500001249999375,0.0,0.0,0.0
1,2,0.49999987500003124,0.6666664481163025,0.2500001249999375,0.8181817531585693,0.5454545021057129,0.45454540848731995
2,1,0.9999997500000625,0.49999988079071045,0.5000000624999844,0.9090908169746399,0.7272726893424988,0.5454545021057129
1,2,0.49999987500003124,0.6666664481163025,0.2500001249999375,0.9999990463256836,0.0,0.0
1,2,0.49999987500003124,0.6666664481163025,0.2500001249999375,0.9090908169746399,0.45454540848731995,0.5454545021057129
1,2,0.0,0.9999997019767761,1.0,0.9999998807907104,0.4285713732242584,0.7142856121063232
2,1,0.9999997500000625,0.24999994039535522,0.6250000312499921,0.9999990463256836,0.9999990463256836,0.0
2,1,0.0,0.9999997019767761,1.0,0.6363635659217834,0.9090908169746399,0.5454545021057129
1,2,0.0,0.9999997019767761,1.0,0.6249999403953552,0.7499999403953552,0.7499999403953552
2,1,0.0,0.9999997019767761,1.0,0.6249999403953552,0.7499999403953552,0.4999999403953552
4,1,0.9999997500000625,0.49999988079071045,0.3750000624999844,0.0,0.0,0.0
1,2,0.0,0.9999995231628418,1.0,0.666666567325592,0.666666567325592,0.49999991059303284
1,1,0.49999987500003124,0.6666664481163025,0.2500001249999375,0.6249999403953552,0.4999999403953552,0.3749999701976776
1,2,0.49999987500003124,0.0,0.2500001249999375,0.9999998211860657,0.666666567325592,0.8333331942558289
1,2,0.0,0.9999995231628418,1.0,0.7499998211860657,0.7499998211860657,0.24999994039535522
2,1,0.49999987500003124,0.33333322405815125,0.5000001249999375,0.666666567325592,0.7777776718139648,0.666666567325592
3,1,0.7499998125000469,0.0,0.5000000456214295,0.0,0.0,0.0
2,1,0.49999987500003124,0.33333322405815125,0.2500001249999375,0.8181817531585693,0.6363635659217834,0.5454545021057129
2,1,0.49999987500003124,0.33333322405815125,0.5000001249999375,0.9999999403953552,0.7333332896232605,0.6666666269302368
2,1,0.0,0.9999997019767761,1.0,0.6363635659217834,0.45454540848731995,0.1818181723356247
1,2,0.49999987500003124,0.6666664481163025,0.2500001249999375,0.714285671710968,0.6428570747375488,0.4999999701976776
2,1,0.49999987500003124,0.0,0.2500001249999375,0.7999998331069946,0.3999999165534973,0.3999999165534973
2,1,0.0,0.9999995231628418,1.0,0.8124998807907104,0.3749999701976776,0.6249999403953552
1,2,0.0,0.9999995231628418,1.0,0.4999999403953552,0.4999999403953552,0.3999999761581421
1,2,0.7499998125000469,0.33333322405815125,0.5000000456214295,0.4999999403953552,0.6249999403953552,0.3749999701976776
1,2,0.0,0.9999995231628418,1.0,0.8181817531585693,0.5454545021057129,0.27272725105285645
1,2,0.0,0.9999995231628418,1.0,0.714285671710968,0.4285714030265808,0.4999999701976776
1,2,0.7499998125000469,0.33333322405815125,0.5000000456214295,0.8181817531585693,0.7272726893424988,0.5454545021057129
1,2,0.49999987500003124,0.9999997615814209,0.5000001249999375,0.6470587253570557,0.7058822512626648,0.5882351994514465
2,1,0.49999987500003124,0.6666664481163025,0.5000001249999375,0.9999998807907104,0.4999999403953552,0.4999999403953552
2,1,0.0,0.9999995231628418,1.0,0.4999999701976776,0.7857142090797424,0.4285714030265808
1,2,0.49999987500003124,0.6666664481163025,0.2500001249999375,0.6923076510429382,0.5384615063667297,0.38461536169052124
1,2,0.9999997500000625,0.49999988079071045,0.2500000624999844,0.9374998807907104,0.4999999403953552,0.6874999403953552
2,1,0.49999987500003124,0.6666664481163025,0.2500001249999375,0.27272725105285645,0.45454540848731995,0.09090908616781235
1,2,0.9999997500000625,0.49999988079071045,0.6250000312499921,0.8421051502227783,0.473684161901474,0.5263157486915588
2,1,0.0,0.9999997615814209,1.0,0.4999997615814209,0.9999995231628418,0.4999997615814209
1,2,0.49999987500003124,0.49999988079071045,0.5000001249999375,0.0,0.9999990463256836,0.0
2,1,0.0,0.9999997615814209,1.0,0.3999999165534973,0.9999998211860657,0.5999999046325684
1,2,0.0,0.9999997615814209,1.0,0.9999997615814209,0.7499998211860657,0.7499998211860657
1,2,0.7499998125000469,0.24999994039535522,0.5000000456214295,0.0,0.9999990463256836,0.0
2,1,0.7499998125000469,0.7499998211860657,0.6666667172551499,0.333333283662796,0.8888887763023376,0.4444443881511688
1,2,0.49999987500003124,0.6666664481163025,0.2500001249999375,0.7999998331069946,0.7999998331069946,0.3999999165534973
2,1,0.49999987500003124,0.6666664481163025,0.2500001249999375,0.9999998211860657,0.8333331942558289,0.8333331942558289
1,2,0.9999997500000625,0.49999988079071045,0.5000000624999844,0.8571427464485168,0.7142856121063232,0.8571427464485168
1,2,0.49999987500003124,0.6666664481163025,0.2500001249999375,0.9999998807907104,0.2499999701976776,0.7499999403953552
1,2,0.7499998125000469,0.33333322405815125,0.6666667172551499,0.8888887763023376,0.555555522441864,0.666666567325592
2,1,0.49999987500003124,0.6666664481163025,0.2500001249999375,0.8749998807907104,0.7499999403953552,0.7499999403953552
2,1,0.49999987500003124,0.0,0.5000001249999375,0.9999990463256836,0.9999990463256836,0.9999990463256836
1,2,0.7499998125000469,0.33333322405815125,0.6666667172551499,0.9999997615814209,0.7499998211860657,0.49999988079071045
2,1,0.7499998125000469,0.33333322405815125,0.5000000456214295,0.9999998807907104,0.555555522441864,0.555555522441864
2,1,0.0,0.0,1.0,0.6666664481163025,0.6666664481163025,0.33333322405815125
1,2,0.49999987500003124,0.9999995231628418,0.5000001249999375,0.7999998331069946,0.5999999046325684,0.5999999046325684
1,2,0.49999987500003124,0.9999995231628418,0.5000001249999375,0.9374998807907104,0.4374999403953552,0.7499999403953552
3,1,0.49999987500003124,0.9999995231628418,0.2500001249999375,0.0,0.0,0.0
1,2,0.49999987500003124,0.9999995231628418,0.2500001249999375,0.6249999403953552,0.7499999403953552,0.4999999403953552
2,1,0.49999987500003124,0.7499998211860657,0.2500001249999375,0.9999998807907104,0.3749999701976776,0.3749999701976776
1,2,0.0,0.9999997019767761,1.0,0.7499999403953552,0.5499999523162842,0.5499999523162842
2,1,0.49999987500003124,0.7499998211860657,0.2500001249999375,0.714285671710968,0.714285671710968,0.5714285373687744
1,1,0.49999987500003124,0.7499998211860657,0.5000001249999375,0.8181817531585693,0.5454545021057129,0.5454545021057129
1,2,0.49999987500003124,0.33333322405815125,0.2500001249999375,0.9090908169746399,0.6818181276321411,0.6363635659217834
4,1,0.0,0.9999997019767761,1.0,0.0,0.0,0.0
1,2,0.0,0.9999997019767761,1.0,0.6999999284744263,0.5999999642372131,0.5999999642372131
2,1,0.49999987500003124,0.7499998211860657,0.5000001249999375,0.555555522441864,0.555555522441864,0.2222221940755844
1,2,0.49999987500003124,0.7499998211860657,0.5000001249999375,0.8571428060531616,0.5714285373687744,0.5714285373687744
1,2,0.49999987500003124,0.7499998211860657,0.5000001249999375,0.9999999403953552,0.5714285373687744,0.714285671710968
1,2,0.49999987500003124,0.6666664481163025,0.5000001249999375,0.5714284777641296,0.8571427464485168,0.2857142388820648
1,2,0.0,0.9999995231628418,1.0,0.9999995231628418,0.9999995231628418,0.4999997615814209
1,2,0.49999987500003124,0.6666664481163025,0.5000001249999375,0.7499998211860657,0.9999997615814209,0.49999988079071045
1,2,0.49999987500003124,0.6666664481163025,0.5000001249999375,0.9999998211860657,0.5999999046325684,0.7999998331069946
1,2,0.49999987500003124,0.6666664481163025,0.5000001249999375,0.8333331942558289,0.666666567325592,0.666666567325592
1,2,0.0,0.9999995231628418,1.0,0.9999997615814209,0.0,0.49999988079071045
2,1,0.49999987500003124,0.6666664481163025,0.2500001249999375,0.5999999046325684,0.3999999165534973,0.19999995827674866
1,2,0.49999987500003124,0.6666664481163025,0.2500001249999375,0.7499998211860657,0.7499998211860657,0.49999988079071045
2,1,0.9999997500000625,0.49999988079071045,0.7500000312499921,0.9999997019767761,0.0,0.9999997019767761
1,2,0.49999987500003124,0.6666664481163025,0.2500001249999375,0.8333331942558289,0.333333283662796,0.49999991059303284
2,1,0.49999987500003124,0.49999988079071045,0.5000001249999375,0.9999998211860657,0.5999999046325684,0.5999999046325684
1,2,0.9999997500000625,0.0,0.2500000624999844,0.8333331942558289,0.666666567325592,0.666666567325592
2,1,0.9999997500000625,0.0,0.3750000624999844,0.7999998331069946,0.3999999165534973,0.3999999165534973
1,1,0.49999987500003124,0.49999988079071045,0.5000001249999375,0.9999998807907104,0.4444443881511688,0.555555522441864
2,1,0.0,0.9999997615814209,1.0,0.666666567325592,0.166666641831398,0.666666567325592
2,1,0.49999987500003124,0.6666664481163025,0.2500001249999375,0.8333331942558289,0.49999991059303284,0.166666641831398
1,2,0.49999987500003124,0.6666664481163025,0.5000001249999375,0.8333331942558289,0.666666567325592,0.666666567325592
4,1,0.49999987500003124,0.6666664481163025,0.2500001249999375,0.0,0.0,0.0
1,2,0.9999997500000625,0.49999988079071045,0.2500000624999844,0.8749998807907104,0.6249999403953552,0.4999999403953552
1,2,0.49999987500003124,0.6666664481163025,0.5000001249999375,0.8749998807907104,0.8749998807907104,0.4999999403953552
2,1,0.49999987500003124,0.6666664481163025,0.2500001249999375,0.9999998211860657,0.5999999046325684,0.3999999165534973
2,1,0.49999987500003124,0.0,0.5000001249999375,0.4999997615814209,0.4999997615814209,0.4999997615814209
2,1,0.49999987500003124,0.0,0.5000001249999375,0.9999998211860657,0.333333283662796,0.666666567325592
2,1,0.49999987500003124,0.6666664481163025,0.2500001249999375,0.9999990463256836,0.0,0.9999990463256836
2,1,0.49999987500003124,0.6666664481163025,0.5000001249999375,0.7499998211860657,0.24999994039535522,0.49999988079071045
2,1,0.49999987500003124,0.6666664481163025,0.5000001249999375,0.8333331942558289,0.49999991059303284,0.49999991059303284
1,1,0.49999987500003124,0.6666664481163025,0.2500001249999375,0.7499999403953552,0.7499999403953552,0.6249999403953552
2,1,0.49999987500003124,0.0,0.2500001249999375,0.9999990463256836,0.9999990463256836,0.9999990463256836
2,1,0.7499998125000469,0.33333322405815125,0.5000000456214295,0.8749998807907104,0.4999999403953552,0.4999999403953552
2,1,0.49999987500003124,0.6666664481163025,0.2500001249999375,0.7999998331069946,0.5999999046325684,0.3999999165534973
2,1,0.0,0.9999995231628418,1.0,0.7999998331069946,0.5999999046325684,0.5999999046325684
1,2,0.49999987500003124,0.6666664481163025,0.2500001249999375,0.8333331942558289,0.666666567325592,0.49999991059303284
2,1,0.49999987500003124,0.0,0.2500001249999375,0.7999998331069946,0.3999999165534973,0.3999999165534973
1,2,0.49999987500003124,0.6666664481163025,0.2500001249999375,0.8333331942558289,0.8333331942558289,0.49999991059303284
1,1,0.0,0.9999995231628418,1.0,0.9999998807907104,0.5714284777641296,0.7142856121063232
1,2,0.0,0.9999995231628418,1.0,0.8333331942558289,0.666666567325592,0.8333331942558289
1,2,0.49999987500003124,0.9999997615814209,0.5000001249999375,0.7999998331069946,0.5999999046325684,0.5999999046325684
2,1,0.7499998125000469,0.33333322405815125,0.6666667172551499,0.8333331942558289,0.333333283662796,0.666666567325592
1,2,0.49999987500003124,0.0,0.2500001249999375,0.3999999165534973,0.3999999165534973,0.0
2,1,0.49999987500003124,0.0,0.2500001249999375,0.7499998211860657,0.24999994039535522,0.49999988079071045
1,2,0.9999997500000625,0.49999988079071045,0.5000000624999844,0.6363635659217834,0.9090908169746399,0.5454545021057129
2,1,0.0,0.9999995231628418,1.0,0.7499999403953552,0.6249999403953552,0.3749999701976776
2,1,0.7499998125000469,0.33333322405815125,0.6666667172551499,0.7499998211860657,0.24999994039535522,0.49999988079071045
2,1,0.49999987500003124,0.6666664481163025,0.5000001249999375,0.9999995231628418,0.9999995231628418,0.4999997615814209
2,1,0.49999987500003124,0.6666664481163025,0.5000001249999375,0.666666567325592,0.9999998211860657,0.8333331942558289
4,1,0.0,0.9999997019767761,1.0,0.0,0.0,0.0
2,1,0.0,0.9999997019767761,1.0,0.9999995231628418,0.9999995231628418,0.9999995231628418
2,1,0.49999987500003124,0.7499998211860657,0.5000001249999375,0.8749998807907104,0.4999999403953552,0.8749998807907104
2,1,0.7499998125000469,0.49999988079071045,0.3333333888888703,0.8333331942558289,0.666666567325592,0.666666567325592
2,1,0.0,0.9999997019767761,1.0,0.9999997019767761,0.6666664481163025,0.9999997019767761
4,1,0.49999987500003124,0.6666664481163025,0.2500001249999375,0.0,0.0,0.0
1,2,0.9999997500000625,0.49999988079071045,0.2500000624999844,0.9999997019767761,0.33333322405815125,0.6666664481163025
1,2,0.9999997500000625,0.49999988079071045,0.5000000624999844,0.7999998331069946,0.7999998331069946,0.5999999046325684
2,1,0.49999987500003124,0.6666664481163025,0.2500001249999375,0.0,0.0,0.0
2,1,0.0,0.9999995231628418,1.0,0.9999997019767761,0.6666664481163025,0.9999997019767761
1,2,0.49999987500003124,0.9999995231628418,0.5000001249999375,0.19999995827674866,0.7999998331069946,0.3999999165534973
1,1,0.0,0.0,1.0,0.8333331942558289,0.333333283662796,0.49999991059303284
1,2,0.0,0.0,1.0,0.5999999046325684,0.9999998211860657,0.7999998331069946
1,2,0.0,0.0,1.0,0.9999998211860657,0.19999995827674866,0.9999998211860657
1,2,0.0,0.0,1.0,0.9999998211860657,0.5999999046325684,0.7999998331069946
1,2,0.0,0.9999997019767761,1.0,0.7142856121063232,0.7142856121063232,0.5714284777641296
1,2,0.49999987500003124,0.33333322405815125,0.5000001249999375,0.7499999403953552,0.6249999403953552,0.7499999403953552
1,2,0.49999987500003124,0.33333322405815125,0.2500001249999375,0.7499999403953552,0.6249999403953552,0.6249999403953552
1,2,0.49999987500003124,0.33333322405815125,0.2500001249999375,0.9999998807907104,0.7499999403953552,0.4999999403953552
1,2,0.0,0.9999997019767761,1.0,0.8571427464485168,0.7142856121063232,0.5714284777641296
2,1,0.9999997500000625,0.0,0.5000000624999844,0.7777776718139648,0.333333283662796,0.333333283662796
3,1,0.49999987500003124,0.49999988079071045,0.5000001249999375,0.0,0.0,0.0
2,1,0.9999997500000625,0.0,0.5000000624999844,0.4999999701976776,0.7499999403953552,0.6666666269302368
2,1,0.49999987500003124,0.49999988079071045,0.5000001249999375,0.666666567325592,0.555555522441864,0.666666567325592
2,1,0.0,0.9999997615814209,1.0,0.0,0.0,0.0
3,1,0.49999987500003124,0.49999988079071045,0.5000001249999375,0.0,0.0,0.0
3,1,0.0,0.9999997615814209,1.0,0.0,0.0,0.0
3,1,0.0,0.9999997615814209,1.0,0.0,0.0,0.0
2,1,0.0,0.9999997615814209,1.0,0.7999998331069946,0.7999998331069946,0.5999999046325684
3,1,0.0,0.9999997615814209,1.0,0.0,0.0,0.0
1,2,0.9999997500000625,0.49999988079071045,0.3750000624999844,0.3999999165534973,0.3999999165534973,0.19999995827674866
4,1,0.49999987500003124,0.0,0.2500001249999375,0.0,0.0,0.0
2,1,0.0,0.9999995231628418,1.0,0.4999997615814209,0.4999997615814209,0.4999997615814209
2,1,0.0,0.9999995231628418,1.0,0.8333331942558289,0.49999991059303284,0.666666567325592
2,1,0.49999987500003124,0.6666664481163025,0.2500001249999375,0.3999999165534973,0.3999999165534973,0.3999999165534973
1,5,0.49999987500003124,0.33333322405815125,0.2500001249999375,0.0,0.0,0.0
1,5,0.49999987500003124,0.33333322405815125,0.2500001249999375,0.0,0.0,0.0
1,4,0.0,0.9999997019767761,1.0,0.0,0.0,0.0
1,3,0.0,0.9999997019767761,1.0,0.0,0.0,0.0
1,2,0.49999987500003124,0.7499998211860657,0.5000001249999375,0.9999990463256836,0.0,0.0
1,2,0.49999987500003124,0.9999995231628418,0.2500001249999375,0.9999997615814209,0.7499998211860657,0.49999988079071045
1,2,0.49999987500003124,0.9999995231628418,0.5000001249999375,0.5999999046325684,0.19999995827674866,0.3999999165534973
1,2,0.9999997500000625,0.9999997615814209,0.3750000624999844,0.9999997615814209,0.49999988079071045,0.49999988079071045
1,2,0.49999987500003124,0.9999995231628418,0.2500001249999375,0.49999988079071045,0.24999994039535522,0.49999988079071045
1,2,0.0,0.0,1.0,0.7499998211860657,0.24999994039535522,0.24999994039535522
2,1,0.49999987500003124,0.0,0.5000001249999375,0.9999998211860657,0.49999991059303284,0.333333283662796
1,2,0.0,0.9999995231628418,1.0,0.9999995231628418,0.9999995231628418,0.4999997615814209
1,3,0.0,0.9999995231628418,1.0,0.0,0.0,0.0
1,2,0.0,0.9999995231628418,1.0,0.666666567325592,0.9999998211860657,0.666666567325592
1,2,0.7499998125000469,0.33333322405815125,0.5000000456214295,0.9999998807907104,0.5714284777641296,0.7142856121063232
1,2,0.0,0.9999997615814209,1.0,0.24999994039535522,0.7499998211860657,0.0
2,1,0.0,0.9999997615814209,1.0,0.49999988079071045,0.24999994039535522,0.24999994039535522
1,2,0.9999997500000625,0.0,0.5000000624999844,0.9999998211860657,0.49999991059303284,0.9999998211860657
1,2,0.0,0.9999997615814209,1.0,0.6666664481163025,0.33333322405815125,0.33333322405815125
1,2,0.49999987500003124,0.49999988079071045,0.5000001249999375,0.7499998211860657,0.24999994039535522,0.24999994039535522
2,1,0.49999987500003124,0.49999988079071045,0.2500001249999375,0.8571427464485168,0.5714284777641296,0.5714284777641296
2,1,0.49999987500003124,0.49999988079071045,0.5000001249999375,0.8888887763023376,0.666666567325592,0.4444443881511688
2,1,0.7499998125000469,0.24999994039535522,0.5000000456214295,0.9999990463256836,0.9999990463256836,0.9999990463256836
1,2,0.49999987500003124,0.49999988079071045,0.2500001249999375,0.5999999046325684,0.7999998331069946,0.3999999165534973
1,2,0.9999997500000625,0.0,0.7500000312499921,0.7499998211860657,0.49999988079071045,0.24999994039535522
1,2,0.0,0.0,1.0,0.9999998211860657,0.3999999165534973,0.7999998331069946
1,2,0.49999987500003124,0.9999995231628418,0.5000001249999375,0.9999997019767761,0.33333322405815125,0.9999997019767761
1,2,0.9999997500000625,0.9999997615814209,0.3750000624999844,0.7999998331069946,0.3999999165534973,0.3999999165534973
1,2,0.49999987500003124,0.9999995231628418,0.2500001249999375,0.666666567325592,0.666666567325592,0.49999991059303284
1,2,0.49999987500003124,0.9999995231628418,0.2500001249999375,0.9999998211860657,0.49999991059303284,0.49999991059303284
1,2,0.49999987500003124,0.6666664481163025,0.2500001249999375,0.9999995231628418,0.9999995231628418,0.4999997615814209
1,3,0.0,0.9999995231628418,1.0,0.0,0.0,0.0
1,2,0.49999987500003124,0.6666664481163025,0.5000001249999375,0.9999990463256836,0.9999990463256836,0.9999990463256836
1,1,0.0,0.9999995231628418,1.0,0.7499998211860657,0.24999994039535522,0.24999994039535522
1,2,0.0,0.9999995231628418,1.0,0.0,0.9999990463256836,0.0
1,1,0.0,0.9999997019767761,1.0,0.49999988079071045,0.7499998211860657,0.49999988079071045
1,3,0.49999987500003124,0.7499998211860657,0.2500001249999375,0.0,0.0,0.0
1,2,0.49999987500003124,0.7499998211860657,0.2500001249999375,0.0,0.0,0.0
1,2,0.49999987500003124,0.7499998211860657,0.2500001249999375,0.9999990463256836,0.0,0.9999990463256836
2,1,0.49999987500003124,0.33333322405815125,0.5000001249999375,0.7499998211860657,0.49999988079071045,0.49999988079071045
1,3,0.7499998125000469,0.49999988079071045,0.6666667172551499,0.0,0.0,0.0
1,2,0.7499998125000469,0.49999988079071045,0.5000000456214295,0.9999990463256836,0.9999990463256836,0.9999990463256836
1,2,0.49999987500003124,0.7499998211860657,0.5000001249999375,0.9999990463256836,0.9999990463256836,0.9999990463256836
2,1,0.7499998125000469,0.49999988079071045,0.5000000456214295,0.9999997019767761,0.9999997019767761,0.6666664481163025
1,3,0.49999987500003124,0.7499998211860657,0.2500001249999375,0.0,0.0,0.0
1,2,0.0,0.9999997019767761,1.0,0.0,0.0,0.0
2,1,0.49999987500003124,0.33333322405815125,0.5000001249999375,0.9999995231628418,0.4999997615814209,0.9999995231628418
1,3,0.49999987500003124,0.7499998211860657,0.5000001249999375,0.0,0.0,0.0
1,2,0.0,0.9999997019767761,1.0,0.3999999165534973,0.5999999046325684,0.19999995827674866
1,2,0.0,0.9999997019767761,1.0,0.49999988079071045,0.9999997615814209,0.49999988079071045
2,1,0.0,0.9999997019767761,1.0,0.6249999403953552,0.3749999701976776,0.3749999701976776
1,2,0.7499998125000469,0.49999988079071045,0.3333333888888703,0.9999997019767761,0.6666664481163025,0.0
1,3,0.49999987500003124,0.7499998211860657,0.5000001249999375,0.0,0.0,0.0
1,2,0.49999987500003124,0.33333322405815125,0.5000001249999375,0.9999998807907104,0.7142856121063232,0.7142856121063232
1,2,0.0,0.9999997019767761,1.0,0.7142856121063232,0.5714284777641296,0.5714284777641296
1,1,0.49999987500003124,0.9999995231628418,0.2500001249999375,0.7999998331069946,0.7999998331069946,0.5999999046325684
1,2,0.49999987500003124,0.9999995231628418,0.2500001249999375,0.9999995231628418,0.9999995231628418,0.4999997615814209
1,2,0.9999997500000625,0.9999997615814209,0.5000000624999844,0.4999997615814209,0.9999995231628418,0.4999997615814209
1,2,0.0,0.0,1.0,0.49999988079071045,0.49999988079071045,0.49999988079071045
1,3,0.0,0.0,1.0,0.0,0.0,0.0
1,2,0.7499998125000469,0.7499998211860657,0.5000000456214295,0.7692307233810425,0.5384615063667297,0.5384615063667297
1,2,0.49999987500003124,0.9999997615814209,0.2500001249999375,0.6999999284744263,0.5999999642372131,0.3999999761581421
1,2,0.49999987500003124,0.6666664481163025,0.5000001249999375,0.7499998211860657,0.24999994039535522,0.49999988079071045
1,2,0.9999997500000625,0.49999988079071045,0.5000000312499921,0.7499998211860657,0.7499998211860657,0.7499998211860657
2,1,0.49999987500003124,0.6666664481163025,0.2500001249999375,0.9999998807907104,0.4285713732242584,0.5714284777641296
1,2,0.0,0.9999997019767761,1.0,0.24999994039535522,0.24999994039535522,0.0
2,1,0.0,0.9999997019767761,1.0,0.6666664481163025,0.9999997019767761,0.0
1,1,0.49999987500003124,0.7499998211860657,0.2500001249999375,0.5714284777641296,0.8571427464485168,0.1428571194410324
1,2,0.9999997500000625,0.24999994039535522,0.3750000624999844,0.7999998331069946,0.9999998211860657,0.5999999046325684
1,2,0.9999997500000625,0.24999994039535522,0.3750000624999844,0.8333331942558289,0.49999991059303284,0.666666567325592
1,3,0.0,0.9999997019767761,1.0,0.0,0.0,0.0
2,1,0.49999987500003124,0.7499998211860657,0.5000001249999375,0.0,0.9999990463256836,0.9999990463256836
1,2,0.0,0.9999997019767761,1.0,0.0,0.0,0.0
1,2,0.49999987500003124,0.33333322405815125,0.2500001249999375,0.0,0.0,0.0
2,1,0.7499998125000469,0.0,0.5000000456214295,0.0,0.0,0.0
1,2,0.0,0.9999995231628418,1.0,0.9999997615814209,0.7499998211860657,0.49999988079071045
1,2,0.0,0.9999995231628418,1.0,0.49999988079071045,0.9999997615814209,0.49999988079071045
1,2,0.9999997500000625,0.49999988079071045,0.3750000624999844,0.9999997019767761,0.9999997019767761,0.33333322405815125
5,1,0.49999987500003124,0.6666664481163025,0.2500001249999375,0.0,0.0,0.0
1,2,0.7499998125000469,0.33333322405815125,0.5000000456214295,0.6666664481163025,0.33333322405815125,0.9999997019767761
1,2,0.49999987500003124,0.0,0.5000001249999375,0.7999998331069946,0.5999999046325684,0.3999999165534973
1,2,0.0,0.9999995231628418,1.0,0.9999995231628418,0.4999997615814209,0.9999995231628418
1,2,0.49999987500003124,0.0,0.2500001249999375,0.6666664481163025,0.9999997019767761,0.6666664481163025
1,2,0.0,0.9999995231628418,1.0,0.0,0.0,0.0
1,2,0.0,0.9999995231628418,1.0,0.0,0.0,0.0
2,1,0.0,0.9999997019767761,1.0,0.9999998211860657,0.5999999046325684,0.3999999165534973
1,2,0.0,0.9999997019767761,1.0,0.4999997615814209,0.4999997615814209,0.9999995231628418
1,2,0.9999997500000625,0.24999994039535522,0.5000000624999844,0.24999994039535522,0.49999988079071045,0.24999994039535522
1,2,0.49999987500003124,0.7499998211860657,0.2500001249999375,0.0,0.0,0.0
1,2,0.49999987500003124,0.7499998211860657,0.2500001249999375,0.6666664481163025,0.0,0.6666664481163025
1,3,0.0,0.9999995231628418,1.0,0.0,0.0,0.0
1,2,0.7499998125000469,0.7499998211860657,0.6666667172551499,0.4999997615814209,0.9999995231628418,0.4999997615814209
1,3,0.49999987500003124,0.6666664481163025,0.2500001249999375,0.0,0.0,0.0
1,2,0.9999997500000625,0.49999988079071045,0.2500000624999844,0.0,0.0,0.0
1,2,0.7499998125000469,0.7499998211860657,0.3333333888888703,0.9999990463256836,0.9999990463256836,0.9999990463256836
1,3,0.49999987500003124,0.0,0.5000001249999375,0.0,0.0,0.0
1,3,0.49999987500003124,0.6666664481163025,0.2500001249999375,0.0,0.0,0.0
1,2,0.7499998125000469,0.7499998211860657,0.6666667172551499,0.9999990463256836,0.9999990463256836,0.0
1,2,0.49999987500003124,0.9999997615814209,0.2500001249999375,0.9999990463256836,0.9999990463256836,0.9999990463256836
1,2,0.7499998125000469,0.7499998211860657,0.6666667172551499,0.9999990463256836,0.9999990463256836,0.9999990463256836
1,3,0.49999987500003124,0.6666664481163025,0.2500001249999375,0.0,0.0,0.0
1,3,0.9999997500000625,0.49999988079071045,0.5000000624999844,0.0,0.0,0.0
1,2,0.9999997500000625,0.49999988079071045,0.6250000312499921,0.9999995231628418,0.4999997615814209,0.9999995231628418
1,3,0.9999997500000625,0.49999988079071045,0.5000000624999844,0.0,0.0,0.0
1,2,0.0,0.9999995231628418,1.0,0.9999997615814209,0.24999994039535522,0.49999988079071045
1,2,0.0,0.9999995231628418,1.0,0.49999988079071045,0.9999997615814209,0.49999988079071045
1,2,0.49999987500003124,0.0,0.5000001249999375,0.49999988079071045,0.49999988079071045,0.49999988079071045
1,2,0.49999987500003124,0.6666664481163025,0.5000001249999375,0.0,0.0,0.0
1,2,0.49999987500003124,0.0,0.2500001249999375,0.9999997019767761,0.9999997019767761,0.6666664481163025
1,2,0.7499998125000469,0.33333322405815125,0.5000000456214295,0.9999990463256836,0.9999990463256836,0.9999990463256836
1,2,0.0,0.9999997019767761,1.0,0.9999990463256836,0.9999990463256836,0.0
1,2,0.49999987500003124,0.7499998211860657,0.5000001249999375,0.9999990463256836,0.9999990463256836,0.9999990463256836
1,2,0.49999987500003124,0.7499998211860657,0.2500001249999375,0.9999990463256836,0.9999990463256836,0.0
1,2,0.49999987500003124,0.33333322405815125,0.2500001249999375,0.33333322405815125,0.6666664481163025,0.6666664481163025
1,3,0.7499998125000469,0.0,0.5000000456214295,0.0,0.0,0.0
1,4,0.49999987500003124,0.49999988079071045,0.5000001249999375,0.0,0.0,0.0
1,3,0.49999987500003124,0.49999988079071045,0.5000001249999375,0.0,0.0,0.0
1,3,0.0,0.9999997615814209,1.0,0.0,0.0,0.0
1,2,0.49999987500003124,0.49999988079071045,0.2500001249999375,0.9999990463256836,0.0,0.0
1,3,0.49999987500003124,0.49999988079071045,0.2500001249999375,0.0,0.0,0.0
1,2,0.49999987500003124,0.0,0.2500001249999375,0.0,0.0,0.0
1,2,0.7499998125000469,0.33333322405815125,0.5000000456214295,0.9999997615814209,0.24999994039535522,0.9999997615814209
1,2,0.49999987500003124,0.6666664481163025,0.5000001249999375,0.666666567325592,0.49999991059303284,0.49999991059303284
1,3,0.49999987500003124,0.6666664481163025,0.2500001249999375,0.0,0.0,0.0
1,3,0.7499998125000469,0.7499998211860657,0.6666667172551499,0.0,0.0,0.0
1,2,0.0,0.9999995231628418,1.0,0.0,0.0,0.0
1,2,0.49999987500003124,0.6666664481163025,0.5000001249999375,0.0,0.0,0.0
1,3,0.49999987500003124,0.6666664481163025,0.5000001249999375,0.0,0.0,0.0
1,2,0.49999987500003124,0.6666664481163025,0.5000001249999375,0.0,0.0,0.0
1,2,0.0,0.9999995231628418,1.0,0.4999997615814209,0.4999997615814209,0.4999997615814209
1,3,0.0,0.9999997019767761,1.0,0.0,0.0,0.0
1,3,0.0,0.9999997019767761,1.0,0.0,0.0,0.0
1,2,0.0,0.9999997019767761,1.0,0.9999990463256836,0.9999990463256836,0.9999990463256836
1,2,0.49999987500003124,0.33333322405815125,0.2500001249999375,0.9999990463256836,0.9999990463256836,0.9999990463256836
1,2,0.49999987500003124,0.33333322405815125,0.2500001249999375,0.0,0.0,0.0
1,3,0.7499998125000469,0.49999988079071045,0.6666667172551499,0.0,0.0,0.0
1,2,0.0,0.9999997019767761,1.0,0.0,0.9999990463256836,0.0
1,3,0.9999997500000625,0.24999994039535522,0.5000000624999844,0.0,0.0,0.0
1,2,0.49999987500003124,0.33333322405815125,0.5000001249999375,0.0,0.0,0.0
2,1,0.49999987500003124,0.33333322405815125,0.2500001249999375,0.0,0.0,0.0
2,1,0.49999987500003124,0.6666664481163025,0.2500001249999375,0.0,0.0,0.0
2,1,0.49999987500003124,0.6666664481163025,0.5000001249999375,0.6666664481163025,0.33333322405815125,0.6666664481163025
3,1,0.49999987500003124,0.0,0.2500001249999375,0.0,0.0,0.0
2,1,0.49999987500003124,0.6666664481163025,0.5000001249999375,0.8181817531585693,0.6363635659217834,0.6363635659217834
3,1,0.0,0.9999995231628418,1.0,0.0,0.0,0.0
1,2,0.9999997500000625,0.49999988079071045,0.5000000624999844,0.3333333134651184,0.8333332538604736,0.3333333134651184
1,1,0.0,0.9999995231628418,1.0,0.7499999403953552,0.5833333134651184,0.4999999701976776
2,1,0.9999997500000625,0.49999988079071045,0.6250000312499921,0.9999998211860657,0.8333331942558289,0.333333283662796
2,1,0.0,0.9999995231628418,1.0,0.9999998211860657,0.9999998211860657,0.7999998331069946
1,2,0.0,0.9999995231628418,1.0,0.8333331942558289,0.333333283662796,0.666666567325592
2,1,0.49999987500003124,0.9999995231628418,0.2500001249999375,0.5999999046325684,0.5999999046325684,0.5999999046325684
1,2,0.49999987500003124,0.9999995231628418,0.2500001249999375,0.7142856121063232,0.5714284777641296,0.2857142388820648
2,1,0.0,0.0,1.0,0.9999998211860657,0.3999999165534973,0.5999999046325684
2,1,0.49999987500003124,0.9999995231628418,0.5000001249999375,0.7777776718139648,0.666666567325592,0.8888887763023376
2,1,0.49999987500003124,0.9999995231628418,0.2500001249999375,0.8571427464485168,0.7142856121063232,0.5714284777641296
2,1,0.0,0.9999995231628418,1.0,0.9090908169746399,0.6363635659217834,0.6363635659217834
1,2,0.0,0.9999995231628418,1.0,0.8461537957191467,0.8461537957191467,0.615384578704834
2,1,0.49999987500003124,0.0,0.2500001249999375,0.7619047164916992,0.476190447807312,0.4285714030265808
2,1,0.49999987500003124,0.6666664481163025,0.5000001249999375,0.8695651292800903,0.6956521272659302,0.6521738767623901
1,2,0.49999987500003124,0.9999997615814209,0.5000001249999375,0.8499999046325684,0.5999999642372131,0.5999999642372131
2,1,0.9999997500000625,0.9999997615814209,0.5000000624999844,0.4285713732242584,0.9999998807907104,0.5714284777641296
2,1,0.7499998125000469,0.9999997019767761,0.5000000456214295,0.0,0.9999990463256836,0.0
2,1,0.49999987500003124,0.9999995231628418,0.5000001249999375,0.7499998211860657,0.49999988079071045,0.0
2,1,0.49999987500003124,0.9999995231628418,0.5000001249999375,0.6666664481163025,0.6666664481163025,0.33333322405815125
2,1,0.49999987500003124,0.9999995231628418,0.5000001249999375,0.7142856121063232,0.9999998807907104,0.5714284777641296
2,1,0.49999987500003124,0.33333322405815125,0.5000001249999375,0.8695651292800903,0.6956521272659302,0.6521738767623901
1,2,0.49999987500003124,0.7499998211860657,0.5000001249999375,0.8571428060531616,0.476190447807312,0.5714285373687744
2,1,0.7499998125000469,0.49999988079071045,0.5000000456214295,0.8666666150093079,0.46666663885116577,0.46666663885116577
2,1,0.49999987500003124,0.33333322405815125,0.2500001249999375,0.7368420362472534,0.42105257511138916,0.42105257511138916
1,1,0.7499998125000469,0.0,0.5000000456214295,0.7599999308586121,0.559999942779541,0.47999995946884155
2,1,0.7499998125000469,0.24999994039535522,0.5000000456214295,0.9999995231628418,0.9999995231628418,0.9999995231628418
1,2,0.0,0.9999997615814209,1.0,0.9999997615814209,0.9999997615814209,0.7499998211860657
2,1,0.49999987500003124,0.49999988079071045,0.5000001249999375,0.9999998211860657,0.5999999046325684,0.5999999046325684
1,2,0.0,0.9999997615814209,1.0,0.8749998807907104,0.3749999701976776,0.6249999403953552
2,1,0.49999987500003124,0.49999988079071045,0.2500001249999375,0.7499999403953552,0.4999999403953552,0.3749999701976776
2,1,0.0,0.9999995231628418,1.0,0.9999990463256836,0.9999990463256836,0.9999990463256836
2,1,0.0,0.9999995231628418,1.0,0.6249999403953552,0.3749999701976776,0.6249999403953552
2,1,0.0,0.9999995231628418,1.0,0.7499999403953552,0.6249999403953552,0.1249999850988388
2,1,0.49999987500003124,0.6666664481163025,0.5000001249999375,0.9999998807907104,0.666666567325592,0.333333283662796
3,1,0.0,0.9999995231628418,1.0,0.0,0.0,0.0
1,2,0.0,0.0,1.0,0.4999999403953552,0.8749998807907104,0.4999999403953552
2,1,0.0,0.0,1.0,0.9999990463256836,0.9999990463256836,0.9999990463256836
1,2,0.49999987500003124,0.9999995231628418,0.5000001249999375,0.8749998807907104,0.4999999403953552,0.6249999403953552
1,2,0.7499998125000469,0.9999997019767761,0.5000000456214295,0.8333331942558289,0.8333331942558289,0.666666567325592
1,2,0.7499998125000469,0.9999997019767761,0.3333333888888703,0.0,0.6666664481163025,0.0
2,1,0.49999987500003124,0.0,0.5000001249999375,0.9999990463256836,0.0,0.9999990463256836
2,1,0.49999987500003124,0.6666664481163025,0.5000001249999375,0.8333331942558289,0.333333283662796,0.333333283662796
2,1,0.0,0.9999995231628418,1.0,0.4999999403953552,0.7499999403953552,0.4999999403953552
3,1,0.49999987500003124,0.6666664481163025,0.5000001249999375,0.0,0.0,0.0
2,1,0.0,0.9999995231628418,1.0,0.6666664481163025,0.0,0.6666664481163025
2,1,0.49999987500003124,0.0,0.2500001249999375,0.559999942779541,0.559999942779541,0.35999998450279236
2,1,0.0,0.9999995231628418,1.0,0.8260868787765503,0.5652173161506653,0.30434781312942505
2,1,0.0,0.9999995231628418,1.0,0.8181817531585693,0.5454545021057129,0.5454545021057129
2,1,0.49999987500003124,0.6666664481163025,0.5000001249999375,0.7619047164916992,0.5238094925880432,0.6666666269302368
1,2,0.0,0.9999995231628418,1.0,0.5909090638160706,0.5909090638160706,0.5454545021057129
2,1,0.0,0.9999995231628418,1.0,0.9130433797836304,0.6086956262588501,0.6086956262588501
2,1,0.49999987500003124,0.9999997615814209,0.5000001249999375,0.6666666269302368,0.7333332896232605,0.46666663885116577
2,1,0.7499998125000469,0.33333322405815125,0.5000000456214295,0.8888887763023376,0.666666567325592,0.666666567325592
1,2,0.0,0.9999995231628418,1.0,0.7368420362472534,0.5789473056793213,0.3684210181236267
2,1,0.49999987500003124,0.6666664481163025,0.5000001249999375,0.27272725105285645,0.8181817531585693,0.09090908616781235
1,2,0.0,0.0,1.0,0.7999998331069946,0.7999998331069946,0.3999999165534973
2,1,0.49999987500003124,0.9999995231628418,0.2500001249999375,0.666666567325592,0.49999991059303284,0.166666641831398
3,1,0.0,0.0,1.0,0.0,0.0,0.0
2,1,0.9999997500000625,0.9999997615814209,0.3750000624999844,0.49999988079071045,0.49999988079071045,0.24999994039535522
1,2,0.0,0.0,1.0,0.7499998211860657,0.49999988079071045,0.24999994039535522
1,2,0.0,0.9999995231628418,1.0,0.8333332538604736,0.7222221493721008,0.7777776718139648
2,1,0.7499998125000469,0.33333322405815125,0.5000000456214295,0.9374998807907104,0.3749999701976776,0.6249999403953552
1,2,0.49999987500003124,0.0,0.2500001249999375,0.916666567325592,0.4999999701976776,0.4166666269302368
1,2,0.0,0.9999995231628418,1.0,0.684210479259491,0.5789473056793213,0.3684210181236267
2,1,0.0,0.9999995231628418,1.0,0.6999999284744263,0.3999999761581421,0.4999999403953552
1,2,0.49999987500003124,0.49999988079071045,0.5000001249999375,0.8333331942558289,0.666666567325592,0.8333331942558289
1,2,0.0,0.9999997615814209,1.0,0.9999995231628418,0.0,0.4999997615814209
1,2,0.49999987500003124,0.49999988079071045,0.2500001249999375,0.9999998211860657,0.333333283662796,0.666666567325592
1,3,0.0,0.9999997615814209,1.0,0.0,0.0,0.0
1,2,0.0,0.9999997615814209,1.0,0.9999997615814209,0.49999988079071045,0.24999994039535522
2,1,0.0,0.9999997615814209,1.0,0.9999990463256836,0.0,0.0
2,1,0.49999987500003124,0.49999988079071045,0.5000001249999375,0.9999998807907104,0.4285713732242584,0.5714284777641296
2,1,0.0,0.9999997615814209,1.0,0.49999988079071045,0.49999988079071045,0.49999988079071045
2,1,0.49999987500003124,0.49999988079071045,0.5000001249999375,0.9999997615814209,0.49999988079071045,0.49999988079071045
3,1,0.0,0.9999997615814209,1.0,0.0,0.0,0.0
2,1,0.49999987500003124,0.0,0.5000001249999375,0.9999998211860657,0.666666567325592,0.666666567325592
3,1,0.49999987500003124,0.6666664481163025,0.5000001249999375,0.0,0.0,0.0
2,1,0.0,0.9999995231628418,1.0,0.3999999165534973,0.3999999165534973,0.19999995827674866
1,2,0.0,0.9999995231628418,1.0,0.8888887763023376,0.555555522441864,0.4444443881511688
2,1,0.49999987500003124,0.0,0.2500001249999375,0.7142856121063232,0.5714284777641296,0.7142856121063232
2,1,0.9999997500000625,0.49999988079071045,0.3750000624999844,0.9999997615814209,0.7499998211860657,0.49999988079071045
2,1,0.49999987500003124,0.6666664481163025,0.5000001249999375,0.49999988079071045,0.49999988079071045,0.49999988079071045
1,2,0.49999987500003124,0.6666664481163025,0.5000001249999375,0.9999998807907104,0.4285713732242584,0.5714284777641296
2,1,0.9999997500000625,0.49999988079071045,0.5000000312499921,0.3999999165534973,0.3999999165534973,0.19999995827674866
2,1,0.0,0.9999995231628418,1.0,0.0,0.0,0.0
1,2,0.0,0.9999995231628418,1.0,0.6666664481163025,0.6666664481163025,0.6666664481163025
1,2,0.0,0.9999995231628418,1.0,0.9999998211860657,0.9999998211860657,0.5999999046325684
2,1,0.0,0.9999995231628418,1.0,0.8333331942558289,0.9999998211860657,0.333333283662796
1,2,0.49999987500003124,0.6666664481163025,0.2500001249999375,0.9999998211860657,0.8333331942558289,0.666666567325592
1,2,0.9999997500000625,0.49999988079071045,0.5000000312499921,0.666666567325592,0.8333331942558289,0.666666567325592
1,2,0.49999987500003124,0.6666664481163025,0.2500001249999375,0.7894735932350159,0.5263157486915588,0.6315788626670837
1,1,0.0,0.9999995231628418,1.0,0.6666666269302368,0.8095237612724304,0.476190447807312
2,1,0.0,0.9999995231628418,1.0,0.5999999642372131,0.7999999523162842,0.7999999523162842
2,1,0.0,0.9999995231628418,1.0,0.684210479259491,0.5789473056793213,0.5263157486915588
1,2,0.0,0.9999995231628418,1.0,0.7272726893424988,0.6363635659217834,0.6363635659217834
2,1,0.49999987500003124,0.6666664481163025,0.2500001249999375,0.7499998211860657,0.7499998211860657,0.24999994039535522
4,1,0.0,0.9999995231628418,1.0,0.0,0.0,0.0
2,1,0.9999997500000625,0.49999988079071045,0.5000000624999844,0.6666666269302368,0.916666567325592,0.6666666269302368
2,1,0.49999987500003124,0.6666664481163025,0.5000001249999375,0.9999997019767761,0.6666664481163025,0.6666664481163025
3,1,0.0,0.9999995231628418,1.0,0.0,0.0,0.0
2,1,0.0,0.0,1.0,0.9999995231628418,0.4999997615814209,0.9999995231628418
2,1,0.0,0.0,1.0,0.7999998331069946,0.19999995827674866,0.5999999046325684
2,1,0.0,0.0,1.0,0.9999995231628418,0.4999997615814209,0.4999997615814209
2,1,0.49999987500003124,0.9999995231628418,0.5000001249999375,0.4999997615814209,0.4999997615814209,0.9999995231628418
1,2,0.49999987500003124,0.9999995231628418,0.2500001249999375,0.8749998807907104,0.6249999403953552,0.7499999403953552
2,1,0.0,0.0,1.0,0.8571427464485168,0.8571427464485168,0.4285713732242584
1,2,0.7499998125000469,0.9999997019767761,0.5000000456214295,0.8749998807907104,0.6249999403953552,0.7499999403953552
2,1,0.7499998125000469,0.9999997019767761,0.5000000456214295,0.8571427464485168,0.2857142388820648,0.5714284777641296
2,1,0.49999987500003124,0.9999995231628418,0.5000001249999375,0.9999990463256836,0.9999990463256836,0.9999990463256836
2,1,0.0,0.0,1.0,0.3999999165534973,0.7999998331069946,0.19999995827674866
2,1,0.7499998125000469,0.49999988079071045,0.6666667172551499,0.5999999046325684,0.5999999046325684,0.5999999046325684
1,2,0.49999987500003124,0.33333322405815125,0.2500001249999375,0.8333331942558289,0.49999991059303284,0.49999991059303284
1,2,0.0,0.9999997019767761,1.0,0.9999998211860657,0.5999999046325684,0.7999998331069946
2,1,0.49999987500003124,0.33333322405815125,0.2500001249999375,0.6666664481163025,0.6666664481163025,0.6666664481163025
2,1,0.49999987500003124,0.7499998211860657,0.2500001249999375,0.9999998211860657,0.166666641831398,0.49999991059303284
2,1,0.9999997500000625,0.49999988079071045,0.3750000624999844,0.6999999284744263,0.7999999523162842,0.3999999761581421
2,1,0.49999987500003124,0.6666664481163025,0.2500001249999375,0.7272726893424988,0.6363635659217834,0.6363635659217834
2,1,0.0,0.9999995231628418,1.0,0.7222221493721008,0.7777776718139648,0.4999999403953552
2,1,0.49999987500003124,0.9999997615814209,0.5000001249999375,0.7647057771682739,0.47058817744255066,0.6470587253570557
2,1,0.49999987500003124,0.6666664481163025,0.2500001249999375,0.7999999523162842,0.5999999642372131,0.5999999642372131
1,2,0.49999987500003124,0.9999995231628418,0.2500001249999375,0.6666664481163025,0.33333322405815125,0.6666664481163025
2,1,0.49999987500003124,0.9999995231628418,0.5000001249999375,0.9999997019767761,0.9999997019767761,0.6666664481163025
1,2,0.49999987500003124,0.9999995231628418,0.2500001249999375,0.0,0.0,0.0
1,2,0.0,0.0,1.0,0.4999997615814209,0.4999997615814209,0.4999997615814209
1,2,0.49999987500003124,0.9999995231628418,0.5000001249999375,0.9999990463256836,0.9999990463256836,0.0
1,2,0.0,0.9999995231628418,1.0,0.9999995231628418,0.4999997615814209,0.9999995231628418
1,2,0.49999987500003124,0.9999997615814209,0.5000001249999375,0.0,0.9999990463256836,0.9999990463256836
1,2,0.0,0.9999995231628418,1.0,0.9999997615814209,0.49999988079071045,0.7499998211860657
1,2,0.0,0.9999995231628418,1.0,0.7499998211860657,0.7499998211860657,0.49999988079071045
1,2,0.9999997500000625,0.49999988079071045,0.7500000312499921,0.9999998211860657,0.7999998331069946,0.7999998331069946
2,1,0.0,0.0,1.0,0.666666567325592,0.666666567325592,0.555555522441864
1,1,0.9999997500000625,0.9999997615814209,0.3750000624999844,0.6874999403953552,0.8124998807907104,0.4374999403953552
1,2,0.0,0.0,1.0,0.9333332777023315,0.46666663885116577,0.5999999642372131
1,2,0.49999987500003124,0.9999995231628418,0.2500001249999375,0.8181817531585693,0.45454540848731995,0.3636363446712494
1,1,0.49999987500003124,0.9999995231628418,0.5000001249999375,0.6874999403953552,0.7499999403953552,0.6249999403953552
1,2,0.7499998125000469,0.33333322405815125,0.5000000456214295,0.9999998211860657,0.9999998211860657,0.3999999165534973
1,2,0.0,0.9999995231628418,1.0,0.6666664481163025,0.33333322405815125,0.33333322405815125
1,2,0.49999987500003124,0.0,0.5000001249999375,0.7999998331069946,0.5999999046325684,0.5999999046325684
1,2,0.49999987500003124,0.9999997615814209,0.2500001249999375,0.9999998211860657,0.5999999046325684,0.5999999046325684
2,1,0.49999987500003124,0.0,0.2500001249999375,0.3999999165534973,0.7999998331069946,0.3999999165534973
1,2,0.0,0.9999997019767761,1.0,0.9999997615814209,0.7499998211860657,0.49999988079071045
1,2,0.49999987500003124,0.7499998211860657,0.5000001249999375,0.9999995231628418,0.4999997615814209,0.4999997615814209
1,2,0.49999987500003124,0.33333322405815125,0.5000001249999375,0.9999997615814209,0.7499998211860657,0.49999988079071045
1,3,0.9999997500000625,0.24999994039535522,0.6250000312499921,0.0,0.0,0.0
1,2,0.7499998125000469,0.49999988079071045,0.6666667172551499,0.6666664481163025,0.6666664481163025,0.33333322405815125
4,1,0.49999987500003124,0.9999997615814209,0.2500001249999375,0.0,0.0,0.0
2,1,0.0,0.9999995231628418,1.0,0.9999990463256836,0.9999990463256836,0.9999990463256836
2,1,0.0,0.9999995231628418,1.0,0.6249999403953552,0.6249999403953552,0.2499999701976776
2,1,0.49999987500003124,0.9999997615814209,0.5000001249999375,0.7777776718139648,0.333333283662796,0.333333283662796
2,1,0.49999987500003124,0.6666664481163025,0.5000001249999375,0.0,0.9999990463256836,0.0
2,1,0.0,0.0,1.0,0.8571427464485168,0.5714284777641296,0.8571427464485168
2,1,0.49999987500003124,0.9999995231628418,0.2500001249999375,0.9999995231628418,0.0,0.9999995231628418
2,1,0.0,0.0,1.0,0.8666666150093079,0.5333333015441895,0.5999999642372131
2,1,0.49999987500003124,0.9999995231628418,0.5000001249999375,0.7999999523162842,0.6666666269302368,0.6666666269302368
2,1,0.0,0.0,1.0,0.8461537957191467,0.6923076510429382,0.38461536169052124
4,1,0.49999987500003124,0.6666664481163025,0.5000001249999375,0.0,0.0,0.0
2,1,0.0,0.9999995231628418,1.0,0.9999998211860657,0.5999999046325684,0.7999998331069946
2,1,0.49999987500003124,0.6666664481163025,0.2500001249999375,0.7499998211860657,0.7499998211860657,0.49999988079071045
2,1,0.9999997500000625,0.49999988079071045,0.3750000624999844,0.9999997019767761,0.6666664481163025,0.6666664481163025
4,1,0.49999987500003124,0.0,0.2500001249999375,0.0,0.0,0.0
1,2,0.0,0.9999997615814209,1.0,0.8571427464485168,0.7142856121063232,0.5714284777641296
2,1,0.9999997500000625,0.0,0.5000000624999844,0.24999994039535522,0.7499998211860657,0.24999994039535522
2,1,0.0,0.9999997615814209,1.0,0.9999997615814209,0.24999994039535522,0.7499998211860657
1,2,0.49999987500003124,0.49999988079071045,0.2500001249999375,0.49999988079071045,0.49999988079071045,0.0
1,2,0.0,0.9999997615814209,1.0,0.8333331942558289,0.49999991059303284,0.333333283662796
3,1,0.49999987500003124,0.6666664481163025,0.2500001249999375,0.0,0.0,0.0
2,1,0.49999987500003124,0.9999997615814209,0.2500001249999375,0.7142856121063232,0.5714284777641296,0.5714284777641296
2,1,0.0,0.9999995231628418,1.0,0.7499999403953552,0.7499999403953552,0.7499999403953552
2,1,0.49999987500003124,0.6666664481163025,0.2500001249999375,0.0,0.0,0.0
2,1,0.0,0.9999995231628418,1.0,0.8333331942558289,0.666666567325592,0.49999991059303284
2,1,0.0,0.9999997615814209,1.0,0.49999988079071045,0.7499998211860657,0.49999988079071045
2,1,0.49999987500003124,0.49999988079071045,0.2500001249999375,0.9999990463256836,0.9999990463256836,0.9999990463256836
1,2,0.49999987500003124,0.49999988079071045,0.5000001249999375,0.5714284777641296,0.7142856121063232,0.5714284777641296
2,1,0.0,0.9999997615814209,1.0,0.24999994039535522,0.7499998211860657,0.24999994039535522
6,1,0.49999987500003124,0.49999988079071045,0.5000001249999375,0.0,0.0,0.0
2,1,0.0,0.9999997019767761,1.0,0.9999997615814209,0.24999994039535522,0.9999997615814209
2,1,0.49999987500003124,0.7499998211860657,0.2500001249999375,0.9999995231628418,0.0,0.4999997615814209
2,1,0.0,0.9999997019767761,1.0,0.0,0.9999990463256836,0.0
2,1,0.49999987500003124,0.7499998211860657,0.5000001249999375,0.9999998807907104,0.4285713732242584,0.5714284777641296
2,1,0.49999987500003124,0.33333322405815125,0.2500001249999375,0.9999995231628418,0.4999997615814209,0.4999997615814209
1,2,0.7499998125000469,0.33333322405815125,0.6666667172551499,0.666666567325592,0.666666567325592,0.49999991059303284
1,2,0.49999987500003124,0.6666664481163025,0.5000001249999375,0.9999998807907104,0.7142856121063232,0.5714284777641296
3,1,0.0,0.9999995231628418,1.0,0.0,0.0,0.0
1,2,0.49999987500003124,0.6666664481163025,0.5000001249999375,0.9999997615814209,0.9999997615814209,0.49999988079071045
3,1,0.49999987500003124,0.6666664481163025,0.5000001249999375,0.0,0.0,0.0
2,1,0.0,0.9999995231628418,1.0,0.9999997019767761,0.33333322405815125,0.6666664481163025
2,1,0.49999987500003124,0.6666664481163025,0.2500001249999375,0.0,0.0,0.0
1,2,0.49999987500003124,0.6666664481163025,0.2500001249999375,0.666666567325592,0.49999991059303284,0.166666641831398
2,1,0.49999987500003124,0.9999997615814209,0.2500001249999375,0.5999999046325684,0.7999998331069946,0.5999999046325684
2,1,0.49999987500003124,0.6666664481163025,0.5000001249999375,0.8749998807907104,0.2499999701976776,0.3749999701976776
2,1,0.0,0.9999995231628418,1.0,0.7999999523162842,0.6999999284744263,0.5999999642372131
2,1,0.49999987500003124,0.6666664481163025,0.5000001249999375,0.9999997019767761,0.9999997019767761,0.9999997019767761
1,2,0.49999987500003124,0.6666664481163025,0.2500001249999375,0.7499999403953552,0.4999999701976776,0.3333333134651184
1,2,0.49999987500003124,0.6666664481163025,0.2500001249999375,0.916666567325592,0.8333332538604736,0.8333332538604736
1,2,0.49999987500003124,0.0,0.2500001249999375,0.8333332538604736,0.3333333134651184,0.4166666269302368
2,1,0.0,0.9999995231628418,1.0,0.9999995231628418,0.4999997615814209,0.4999997615814209
2,1,0.49999987500003124,0.6666664481163025,0.5000001249999375,0.49999988079071045,0.7499998211860657,0.24999994039535522
3,1,0.49999987500003124,0.9999997615814209,0.5000001249999375,0.0,0.0,0.0
2,1,0.7499998125000469,0.33333322405815125,0.3333333888888703,0.9999997615814209,0.7499998211860657,0.7499998211860657
2,1,0.49999987500003124,0.6666664481163025,0.5000001249999375,0.9999997615814209,0.24999994039535522,0.9999997615814209
2,1,0.0,0.9999997615814209,1.0,0.8888887763023376,0.2222221940755844,0.333333283662796
2,1,0.7499998125000469,0.24999994039535522,0.5000000456214295,0.4444443881511688,0.333333283662796,0.4444443881511688
2,1,0.0,0.9999997615814209,1.0,0.7999998331069946,0.3999999165534973,0.3999999165534973
2,1,0.49999987500003124,0.49999988079071045,0.5000001249999375,0.9999997615814209,0.49999988079071045,0.7499998211860657
2,1,0.49999987500003124,0.49999988079071045,0.5000001249999375,0.0,0.0,0.0
2,1,0.49999987500003124,0.0,0.2500001249999375,0.0,0.9999990463256836,0.0
2,1,0.49999987500003124,0.0,0.2500001249999375,0.9999995231628418,0.0,0.9999995231628418
2,1,0.0,0.9999995231628418,1.0,0.7142856121063232,0.8571427464485168,0.2857142388820648
2,1,0.49999987500003124,0.6666664481163025,0.2500001249999375,0.7999998331069946,0.7999998331069946,0.3999999165534973
2,1,0.49999987500003124,0.6666664481163025,0.2500001249999375,0.9999998211860657,0.7999998331069946,0.5999999046325684
3,1,0.49999987500003124,0.9999995231628418,0.5000001249999375,0.0,0.0,0.0
2,1,0.49999987500003124,0.9999995231628418,0.2500001249999375,0.9999998211860657,0.7999998331069946,0.5999999046325684
2,1,0.49999987500003124,0.9999995231628418,0.5000001249999375,0.5999999046325684,0.3999999165534973,0.3999999165534973
2,1,0.0,0.0,1.0,0.9999997019767761,0.0,0.6666664481163025
5,1,0.7499998125000469,0.9999997019767761,0.5000000456214295,0.0,0.0,0.0
2,1,0.0,0.9999997019767761,1.0,0.9999997615814209,0.0,0.7499998211860657
2,1,0.0,0.9999997019767761,1.0,0.6666664481163025,0.6666664481163025,0.33333322405815125
2,1,0.49999987500003124,0.7499998211860657,0.2500001249999375,0.4999999403953552,0.8749998807907104,0.1249999850988388
2,1,0.49999987500003124,0.33333322405815125,0.2500001249999375,0.9999990463256836,0.0,0.9999990463256836
2,1,0.49999987500003124,0.33333322405815125,0.2500001249999375,0.9999995231628418,0.4999997615814209,0.0
2,1,0.49999987500003124,0.0,0.5000001249999375,0.8749998807907104,0.6249999403953552,0.7499999403953552
2,1,0.7499998125000469,0.7499998211860657,0.6666667172551499,0.9999997019767761,0.9999997019767761,0.9999997019767761
4,1,0.49999987500003124,0.6666664481163025,0.5000001249999375,0.0,0.0,0.0
1,1,0.9999997500000625,0.49999988079071045,0.5000000624999844,0.9999998807907104,0.3749999701976776,0.7499999403953552
2,1,0.0,0.9999995231628418,1.0,0.9999995231628418,0.9999995231628418,0.4999997615814209
1,2,0.49999987500003124,0.6666664481163025,0.5000001249999375,0.7777776718139648,0.666666567325592,0.555555522441864
2,1,0.0,0.9999995231628418,1.0,0.9999997019767761,0.33333322405815125,0.6666664481163025
2,1,0.0,0.9999995231628418,1.0,0.7499998211860657,0.24999994039535522,0.7499998211860657
1,2,0.7499998125000469,0.33333322405815125,0.5000000456214295,0.3749999701976776,0.6249999403953552,0.2499999701976776
2,1,0.7499998125000469,0.7499998211860657,0.6666667172551499,0.9999990463256836,0.9999990463256836,0.9999990463256836
2,1,0.0,0.9999997019767761,1.0,0.9999990463256836,0.9999990463256836,0.9999990463256836
2,1,0.49999987500003124,0.7499998211860657,0.2500001249999375,0.7499998211860657,0.7499998211860657,0.7499998211860657
2,1,0.49999987500003124,0.33333322405815125,0.2500001249999375,0.8571427464485168,0.4285713732242584,0.5714284777641296
1,1,0.49999987500003124,0.7499998211860657,0.2500001249999375,0.9999998807907104,0.4999999403953552,0.4999999403953552
2,1,0.49999987500003124,0.7499998211860657,0.5000001249999375,0.0,0.0,0.0
2,1,0.0,0.9999995231628418,1.0,0.7499999403953552,0.6249999403953552,0.4999999403953552
1,2,0.49999987500003124,0.6666664481163025,0.5000001249999375,0.4444443881511688,0.666666567325592,0.333333283662796
2,1,0.0,0.9999995231628418,1.0,0.49999991059303284,0.9999998211860657,0.49999991059303284
3,1,0.9999997500000625,0.49999988079071045,0.5000000624999844,0.0,0.0,0.0
2,1,0.7499998125000469,0.7499998211860657,0.6666667172551499,0.49999991059303284,0.8333331942558289,0.333333283662796
1,2,0.0,0.9999997615814209,1.0,0.4999997615814209,0.9999995231628418,0.0
1,3,0.0,0.9999997615814209,1.0,0.0,0.0,0.0
1,1,0.7499998125000469,0.24999994039535522,0.6666667172551499,0.7999998331069946,0.3999999165534973,0.3999999165534973
1,2,0.49999987500003124,0.49999988079071045,0.5000001249999375,0.9999990463256836,0.0,0.0
1,2,0.7499998125000469,0.24999994039535522,0.5000000456214295,0.9999990463256836,0.9999990463256836,0.9999990463256836
2,1,0.49999987500003124,0.9999995231628418,0.2500001249999375,0.6249999403953552,0.6249999403953552,0.4999999403953552
1,2,0.9999997500000625,0.9999997615814209,0.5000000624999844,0.7499999403953552,0.6249999403953552,0.7499999403953552
2,1,0.49999987500003124,0.9999995231628418,0.2500001249999375,0.7499998211860657,0.24999994039535522,0.49999988079071045
2,1,0.49999987500003124,0.9999995231628418,0.2500001249999375,0.4285713732242584,0.7142856121063232,0.1428571194410324
2,1,0.49999987500003124,0.9999995231628418,0.2500001249999375,0.5714284777641296,0.4285713732242584,0.5714284777641296
1,2,0.49999987500003124,0.49999988079071045,0.2500001249999375,0.7272726893424988,0.45454540848731995,0.3636363446712494
1,2,0.49999987500003124,0.49999988079071045,0.2500001249999375,0.5999999642372131,0.5999999642372131,0.3999999761581421
1,2,0.0,0.9999997615814209,1.0,0.6999999284744263,0.4999999403953552,0.29999998211860657
1,2,0.9999997500000625,0.0,0.5000000624999844,0.8333331942558289,0.666666567325592,0.8333331942558289
1,2,0.49999987500003124,0.49999988079071045,0.5000001249999375,0.9999998807907104,0.4999999403953552,0.6249999403953552
1,2,0.0,0.0,1.0,0.9999999403953552,0.2142857015132904,0.357142835855484
1,2,0.49999987500003124,0.9999995231628418,0.2500001249999375,0.7499999403953552,0.7499999403953552,0.1666666567325592
1,2,0.9999997500000625,0.9999997615814209,0.5000000624999844,0.6923076510429382,0.6923076510429382,0.38461536169052124
4,1,0.49999987500003124,0.9999995231628418,0.2500001249999375,0.0,0.0,0.0
1,2,0.0,0.0,1.0,0.7692307233810425,0.38461536169052124,0.307692289352417
2,1,0.49999987500003124,0.49999988079071045,0.5000001249999375,0.7999999523162842,0.6666666269302368,0.5999999642372131
2,1,0.49999987500003124,0.49999988079071045,0.2500001249999375,0.6999999284744263,0.5999999642372131,0.5999999642372131
2,1,0.0,0.9999997615814209,1.0,0.0,0.0,0.0
1,1,0.49999987500003124,0.49999988079071045,0.5000001249999375,0.684210479259491,0.684210479259491,0.3684210181236267
2,1,0.49999987500003124,0.49999988079071045,0.5000001249999375,0.6666666269302368,0.7333332896232605,0.3333333134651184
2,1,0.49999987500003124,0.6666664481163025,0.2500001249999375,0.8749998807907104,0.6249999403953552,0.6249999403953552
2,1,0.0,0.9999995231628418,1.0,0.49999988079071045,0.24999994039535522,0.24999994039535522
2,1,0.49999987500003124,0.6666664481163025,0.2500001249999375,0.8571427464485168,0.4285713732242584,0.4285713732242584
2,1,0.0,0.9999995231628418,1.0,0.49999988079071045,0.7499998211860657,0.49999988079071045
4,1,0.49999987500003124,0.6666664481163025,0.2500001249999375,0.0,0.0,0.0
2,1,0.49999987500003124,0.6666664481163025,0.2500001249999375,0.9999998807907104,0.555555522441864,0.4444443881511688
2,1,0.0,0.9999995231628418,1.0,0.8571427464485168,0.7142856121063232,0.2857142388820648
2,1,0.49999987500003124,0.6666664481163025,0.2500001249999375,0.9999998211860657,0.49999991059303284,0.666666567325592
6,1,0.0,0.9999995231628418,1.0,0.0,0.0,0.0
2,1,0.0,0.9999995231628418,1.0,0.9999997019767761,0.33333322405815125,0.33333322405815125
1,2,0.49999987500003124,0.6666664481163025,0.5000001249999375,0.8571427464485168,0.4285713732242584,0.7142856121063232
1,2,0.7499998125000469,0.7499998211860657,0.5000000456214295,0.4999997615814209,0.9999995231628418,0.4999997615814209
1,2,0.0,0.9999995231628418,1.0,0.0,0.9999990463256836,0.0
1,3,0.0,0.9999995231628418,1.0,0.0,0.0,0.0
1,2,0.7499998125000469,0.33333322405815125,0.6666667172551499,0.4999997615814209,0.9999995231628418,0.4999997615814209
2,1,0.0,0.9999995231628418,1.0,0.7142856121063232,0.7142856121063232,0.7142856121063232
1,2,0.0,0.9999995231628418,1.0,0.8571427464485168,0.7142856121063232,0.8571427464485168
2,1,0.49999987500003124,0.6666664481163025,0.5000001249999375,0.8333331942558289,0.49999991059303284,0.166666641831398
2,1,0.49999987500003124,0.0,0.5000001249999375,0.9999998211860657,0.7999998331069946,0.19999995827674866
1,2,0.0,0.9999995231628418,1.0,0.9999998807907104,0.7142856121063232,0.8571427464485168
1,2,0.49999987500003124,0.7499998211860657,0.2500001249999375,0.7999998331069946,0.3999999165534973,0.5999999046325684
2,1,0.0,0.9999997019767761,1.0,0.9999990463256836,0.9999990463256836,0.9999990463256836
2,1,0.49999987500003124,0.33333322405815125,0.2500001249999375,0.8333331942558289,0.666666567325592,0.8333331942558289
1,2,0.0,0.9999997019767761,1.0,0.8333331942558289,0.49999991059303284,0.49999991059303284
1,2,0.0,0.9999997019767761,1.0,0.9999990463256836,0.9999990463256836,0.9999990463256836
2,1,0.0,0.0,1.0,0.7999998331069946,0.5999999046325684,0.5999999046325684
2,1,0.49999987500003124,0.9999995231628418,0.5000001249999375,0.3999999165534973,0.19999995827674866,0.19999995827674866
1,2,0.49999987500003124,0.9999995231628418,0.2500001249999375,0.666666567325592,0.666666567325592,0.666666567325592
2,1,0.0,0.0,1.0,0.9999995231628418,0.4999997615814209,0.9999995231628418
1,2,0.49999987500003124,0.9999995231628418,0.5000001249999375,0.49999991059303284,0.8333331942558289,0.333333283662796
1,2,0.7499998125000469,0.0,0.6666667172551499,0.684210479259491,0.5789473056793213,0.5263157486915588
1,2,0.0,0.9999997019767761,1.0,0.7272726893424988,0.7272726893424988,0.27272725105285645
1,2,0.49999987500003124,0.33333322405815125,0.2500001249999375,0.5294117331504822,0.8823528289794922,0.3529411256313324
2,1,0.49999987500003124,0.7499998211860657,0.2500001249999375,0.8888887763023376,0.8888887763023376,0.4444443881511688
1,2,0.49999987500003124,0.7499998211860657,0.2500001249999375,0.8333331942558289,0.49999991059303284,0.49999991059303284
2,1,0.7499998125000469,0.24999994039535522,0.6666667172551499,0.714285671710968,0.6071428060531616,0.5714285373687744
1,2,0.9999997500000625,0.0,0.3750000624999844,0.7857142090797424,0.6785714030265808,0.3214285373687744
3,1,0.49999987500003124,0.49999988079071045,0.5000001249999375,0.0,0.0,0.0
2,1,0.0,0.9999997615814209,1.0,0.8999999165534973,0.5999999642372131,0.5499999523162842
2,1,0.0,0.9999997615814209,1.0,0.7499999403953552,0.3999999761581421,0.6499999165534973
1,2,0.49999987500003124,0.49999988079071045,0.5000001249999375,0.8499999046325684,0.5999999642372131,0.5999999642372131
1,2,0.49999987500003124,0.49999988079071045,0.5000001249999375,0.6999999284744263,0.5499999523162842,0.29999998211860657
2,1,0.9999997500000625,0.0,0.5000000624999844,0.9999997019767761,0.9999997019767761,0.33333322405815125
1,2,0.49999987500003124,0.49999988079071045,0.2500001249999375,0.7499999403953552,0.5416666269302368,0.4999999701976776
1,2,0.49999987500003124,0.49999988079071045,0.5000001249999375,0.8571428060531616,0.476190447807312,0.7619047164916992
1,2,0.0,0.9999995231628418,1.0,0.7499998211860657,0.9999997615814209,0.49999988079071045
1,2,0.49999987500003124,0.9999997615814209,0.2500001249999375,0.0,0.0,0.0
2,1,0.49999987500003124,0.6666664481163025,0.5000001249999375,0.6666664481163025,0.6666664481163025,0.0
1,1,0.49999987500003124,0.9999997615814209,0.5000001249999375,0.8333331942558289,0.49999991059303284,0.666666567325592
1,2,0.7499998125000469,0.33333322405815125,0.3333333888888703,0.7999998331069946,0.0,0.7999998331069946
2,1,0.49999987500003124,0.6666664481163025,0.2500001249999375,0.8333331942558289,0.333333283662796,0.49999991059303284
2,1,0.9999997500000625,0.49999988079071045,0.5000000624999844,0.9999998211860657,0.8333331942558289,0.333333283662796
1,2,0.0,0.9999995231628418,1.0,0.5999999046325684,0.5999999046325684,0.0
2,1,0.49999987500003124,0.6666664481163025,0.2500001249999375,0.9999998211860657,0.8333331942558289,0.666666567325592
1,2,0.49999987500003124,0.6666664481163025,0.2500001249999375,0.666666567325592,0.666666567325592,0.333333283662796
1,2,0.49999987500003124,0.33333322405815125,0.5000001249999375,0.9999997019767761,0.6666664481163025,0.0
1,2,0.0,0.9999997019767761,1.0,0.7777776718139648,0.7777776718139648,0.2222221940755844
2,1,0.9999997500000625,0.24999994039535522,0.7500000312499921,0.9999997019767761,0.9999997019767761,0.9999997019767761
1,2,0.49999987500003124,0.7499998211860657,0.5000001249999375,0.6666664481163025,0.6666664481163025,0.33333322405815125
2,1,0.0,0.9999997019767761,1.0,0.7999998331069946,0.3999999165534973,0.5999999046325684
1,2,0.0,0.9999997615814209,1.0,0.8461537957191467,0.615384578704834,0.4615384340286255
2,1,0.49999987500003124,0.49999988079071045,0.2500001249999375,0.7499998211860657,0.7499998211860657,0.7499998211860657
2,1,0.0,0.9999997615814209,1.0,0.666666567325592,0.666666567325592,0.333333283662796
2,1,0.49999987500003124,0.49999988079071045,0.5000001249999375,0.6363635659217834,0.5454545021057129,0.27272725105285645
2,1,0.49999987500003124,0.49999988079071045,0.2500001249999375,0.7777776718139648,0.4444443881511688,0.3888888359069824
1,2,0.0,0.9999995231628418,1.0,0.6923076510429382,0.8461537957191467,0.38461536169052124
2,1,0.0,0.9999995231628418,1.0,0.8749998807907104,0.8749998807907104,0.3749999701976776
2,1,0.49999987500003124,0.6666664481163025,0.2500001249999375,0.8999999165534973,0.4999999403953552,0.6999999284744263
2,1,0.0,0.9999995231628418,1.0,0.5999999046325684,0.3999999165534973,0.19999995827674866
3,1,0.7499998125000469,0.33333322405815125,0.5000000456214295,0.0,0.0,0.0
2,1,0.0,0.9999995231628418,1.0,0.49999991059303284,0.166666641831398,0.333333283662796
1,2,0.9999997500000625,0.49999988079071045,0.3750000624999844,0.7647057771682739,0.6470587253570557,0.41176465153694153
2,1,0.49999987500003124,0.0,0.5000001249999375,0.7499999403953552,0.4999999701976776,0.7499999403953552
1,2,0.9999997500000625,0.49999988079071045,0.5000000624999844,0.9047618508338928,0.7619047164916992,0.8095237612724304
1,2,0.7499998125000469,0.33333322405815125,0.6666667172551499,0.684210479259491,0.6315788626670837,0.5789473056793213
1,2,0.49999987500003124,0.6666664481163025,0.5000001249999375,0.666666567325592,0.8333331942558289,0.333333283662796
3,1,0.49999987500003124,0.0,0.5000001249999375,0.0,0.0,0.0
1,2,0.49999987500003124,0.6666664481163025,0.5000001249999375,0.5999999642372131,0.6666666269302368,0.2666666507720947
1,2,0.0,0.9999995231628418,1.0,0.7222221493721008,0.4999999403953552,0.611111044883728
1,2,0.0,0.9999995231628418,1.0,0.8749998807907104,0.6249999403953552,0.4999999403953552
1,2,0.49999987500003124,0.49999988079071045,0.2500001249999375,0.9999995231628418,0.4999997615814209,0.4999997615814209
1,2,0.9999997500000625,0.0,0.2500000624999844,0.9999997615814209,0.49999988079071045,0.9999997615814209
1,2,0.0,0.9999997615814209,1.0,0.9999997615814209,0.49999988079071045,0.24999994039535522
1,2,0.0,0.9999997615814209,1.0,0.666666567325592,0.666666567325592,0.49999991059303284
1,2,0.49999987500003124,0.49999988079071045,0.5000001249999375,0.6666664481163025,0.9999997019767761,0.6666664481163025
1,2,0.9999997500000625,0.0,0.5000000312499921,0.7692307233810425,0.6923076510429382,0.5384615063667297
1,2,0.49999987500003124,0.49999988079071045,0.2500001249999375,0.7499999403953552,0.5833333134651184,0.3333333134651184
2,1,0.49999987500003124,0.49999988079071045,0.2500001249999375,0.7777776718139648,0.333333283662796,0.555555522441864
1,2,0.49999987500003124,0.49999988079071045,0.5000001249999375,0.7857142090797424,0.714285671710968,0.4999999701976776
2,1,0.0,0.9999997615814209,1.0,0.714285671710968,0.5714285373687744,0.714285671710968
2,1,0.49999987500003124,0.0,0.2500001249999375,0.6428570747375488,0.714285671710968,0.4999999701976776
1,2,0.0,0.9999995231628418,1.0,0.8461537957191467,0.5384615063667297,0.615384578704834
1,2,0.7499998125000469,0.7499998211860657,0.5000000456214295,0.7142856121063232,0.7142856121063232,0.2857142388820648
2,1,0.0,0.9999995231628418,1.0,0.7272726893424988,0.7272726893424988,0.45454540848731995
2,1,0.0,0.9999995231628418,1.0,0.7999999523162842,0.6999999284744263,0.3999999761581421
1,2,0.49999987500003124,0.49999988079071045,0.2500001249999375,0.9999997019767761,0.33333322405815125,0.33333322405815125
1,2,0.49999987500003124,0.49999988079071045,0.2500001249999375,0.9999990463256836,0.9999990463256836,0.9999990463256836
1,2,0.0,0.9999997615814209,1.0,0.0,0.4999997615814209,0.0
1,2,0.0,0.9999997615814209,1.0,0.33333322405815125,0.9999997019767761,0.33333322405815125
1,2,0.9999997500000625,0.0,0.3750000624999844,0.33333322405815125,0.6666664481163025,0.33333322405815125
1,2,0.7499998125000469,0.0,0.5000000456214295,0.8888887763023376,0.666666567325592,0.7777776718139648
3,1,0.49999987500003124,0.7499998211860657,0.5000001249999375,0.0,0.0,0.0
2,1,0.0,0.9999997019767761,1.0,0.6999999284744263,0.7999999523162842,0.5999999642372131
2,1,0.0,0.9999997019767761,1.0,0.7333332896232605,0.5333333015441895,0.3333333134651184
2,1,0.49999987500003124,0.33333322405815125,0.2500001249999375,0.8999999165534973,0.5999999642372131,0.5999999642372131
2,1,0.49999987500003124,0.49999988079071045,0.2500001249999375,0.7499998211860657,0.49999988079071045,0.49999988079071045
2,1,0.49999987500003124,0.49999988079071045,0.2500001249999375,0.7999998331069946,0.0,0.19999995827674866
2,1,0.49999987500003124,0.49999988079071045,0.2500001249999375,0.0,0.0,0.0
1,1,0.49999987500003124,0.49999988079071045,0.5000001249999375,0.714285671710968,0.4285714030265808,0.4285714030265808
1,2,0.49999987500003124,0.49999988079071045,0.5000001249999375,0.6470587253570557,0.5882351994514465,0.41176465153694153
2,1,0.49999987500003124,0.6666664481163025,0.5000001249999375,0.9999997019767761,0.33333322405815125,0.6666664481163025
2,1,0.0,0.9999995231628418,1.0,0.9999990463256836,0.9999990463256836,0.9999990463256836
2,1,0.49999987500003124,0.6666664481163025,0.2500001249999375,0.9999995231628418,0.4999997615814209,0.4999997615814209
1,2,0.49999987500003124,0.6666664481163025,0.5000001249999375,0.7999999523162842,0.5999999642372131,0.4999999403953552
2,1,0.0,0.9999995231628418,1.0,0.6999999284744263,0.5999999642372131,0.4999999403953552
2,1,0.7499998125000469,0.9999997019767761,0.5000000456214295,0.9999990463256836,0.9999990463256836,0.9999990463256836
2,1,0.49999987500003124,0.9999995231628418,0.2500001249999375,0.9999990463256836,0.9999990463256836,0.9999990463256836
2,1,0.49999987500003124,0.9999995231628418,0.2500001249999375,0.8571427464485168,0.5714284777641296,0.7142856121063232
1,2,0.0,0.0,1.0,0.666666567325592,0.666666567325592,0.49999991059303284
2,1,0.0,0.0,1.0,0.9999998211860657,0.9999998211860657,0.7999998331069946
2,1,0.0,0.0,1.0,0.555555522441864,0.4444443881511688,0.1111110970377922
1,2,0.0,0.0,1.0,0.8888887763023376,0.666666567325592,0.666666567325592
2,1,0.0,0.0,1.0,0.9999990463256836,0.0,0.9999990463256836
1,2,0.0,0.0,1.0,0.5714284777641296,0.7142856121063232,0.5714284777641296
2,1,0.49999987500003124,0.9999995231628418,0.5000001249999375,0.0,0.0,0.0
1,2,0.0,0.9999995231628418,1.0,0.9999998211860657,0.3999999165534973,0.5999999046325684
2,1,0.0,0.9999995231628418,1.0,0.9999995231628418,0.9999995231628418,0.9999995231628418
2,1,0.0,0.9999995231628418,1.0,0.49999991059303284,0.166666641831398,0.666666567325592
2,1,0.0,0.9999995231628418,1.0,0.9999997019767761,0.6666664481163025,0.33333322405815125
2,1,0.49999987500003124,0.9999997615814209,0.2500001249999375,0.7999998331069946,0.7999998331069946,0.7999998331069946
2,1,0.49999987500003124,0.49999988079071045,0.5000001249999375,0.6666664481163025,0.6666664481163025,0.6666664481163025
2,1,0.49999987500003124,0.49999988079071045,0.2500001249999375,0.6666664481163025,0.9999997019767761,0.0
1,2,0.9999997500000625,0.0,0.2500000624999844,0.9999998807907104,0.4999999403953552,0.4999999403953552
1,2,0.49999987500003124,0.49999988079071045,0.2500001249999375,0.8571427464485168,0.7142856121063232,0.4285713732242584
2,1,0.49999987500003124,0.49999988079071045,0.5000001249999375,0.7999998331069946,0.5999999046325684,0.3999999165534973
1,2,0.49999987500003124,0.9999997615814209,0.2500001249999375,0.7499998211860657,0.7499998211860657,0.7499998211860657
1,2,0.49999987500003124,0.0,0.5000001249999375,0.8333331942558289,0.49999991059303284,0.49999991059303284
1,2,0.9999997500000625,0.49999988079071045,0.5000000624999844,0.9999995231628418,0.0,0.0
3,1,0.49999987500003124,0.6666664481163025,0.5000001249999375,0.0,0.0,0.0
1,2,0.49999987500003124,0.9999997615814209,0.2500001249999375,0.7499998211860657,0.7499998211860657,0.49999988079071045
1,2,0.0,0.0,1.0,0.7142856121063232,0.8571427464485168,0.2857142388820648
1,2,0.49999987500003124,0.9999995231628418,0.2500001249999375,0.9999998211860657,0.5999999046325684,0.7999998331069946
2,1,0.49999987500003124,0.9999995231628418,0.5000001249999375,0.9999997019767761,0.9999997019767761,0.33333322405815125
1,2,0.49999987500003124,0.9999995231628418,0.2500001249999375,0.7999998331069946,0.7999998331069946,0.3999999165534973
1,2,0.49999987500003124,0.9999995231628418,0.2500001249999375,0.8571427464485168,0.8571427464485168,0.5714284777641296
2,1,0.49999987500003124,0.9999997615814209,0.5000001249999375,0.8333331942558289,0.49999991059303284,0.8333331942558289
2,1,0.49999987500003124,0.6666664481163025,0.5000001249999375,0.49999991059303284,0.8333331942558289,0.0
2,1,0.0,0.9999995231628418,1.0,0.9999998211860657,0.3999999165534973,0.7999998331069946
2,1,0.0,0.9999995231628418,1.0,0.7999998331069946,0.7999998331069946,0.5999999046325684
4,1,0.49999987500003124,0.6666664481163025,0.2500001249999375,0.0,0.0,0.0
2,1,0.9999997500000625,0.0,0.3750000624999844,0.7499998211860657,0.49999988079071045,0.7499998211860657
1,2,0.0,0.9999997615814209,1.0,0.7999998331069946,0.3999999165534973,0.3999999165534973
1,2,0.0,0.9999997615814209,1.0,0.7999998331069946,0.3999999165534973,0.7999998331069946
1,2,0.7499998125000469,0.24999994039535522,0.5000000456214295,0.0,0.9999990463256836,0.0
1,2,0.7499998125000469,0.24999994039535522,0.5000000456214295,0.9999990463256836,0.9999990463256836,0.9999990463256836
1,2,0.0,0.0,1.0,0.49999988079071045,0.24999994039535522,0.24999994039535522
2,1,0.49999987500003124,0.9999995231628418,0.5000001249999375,0.24999994039535522,0.7499998211860657,0.49999988079071045
1,2,0.49999987500003124,0.9999995231628418,0.5000001249999375,0.7999998331069946,0.7999998331069946,0.3999999165534973
1,2,0.0,0.0,1.0,0.9999998211860657,0.666666567325592,0.9999998211860657
1,2,0.7499998125000469,0.9999997019767761,0.5000000456214295,0.5999999046325684,0.3999999165534973,0.3999999165534973
2,1,0.49999987500003124,0.6666664481163025,0.2500001249999375,0.8749998807907104,0.6249999403953552,0.2499999701976776
2,1,0.49999987500003124,0.6666664481163025,0.5000001249999375,0.5714284777641296,0.5714284777641296,0.4285713732242584
2,1,0.49999987500003124,0.6666664481163025,0.2500001249999375,0.7999999523162842,0.3333333134651184,0.5999999642372131
2,1,0.0,0.9999995231628418,1.0,0.8333332538604736,0.916666567325592,0.5833333134651184
2,1,0.0,0.9999995231628418,1.0,0.7999999523162842,0.5333333015441895,0.2666666507720947
2,1,0.49999987500003124,0.9999997615814209,0.5000001249999375,0.9999990463256836,0.0,0.9999990463256836
2,1,0.49999987500003124,0.6666664481163025,0.2500001249999375,0.9999997615814209,0.49999988079071045,0.7499998211860657
2,1,0.0,0.9999995231628418,1.0,0.7499999403953552,0.4999999403953552,0.3749999701976776
2,1,0.49999987500003124,0.0,0.2500001249999375,0.6666664481163025,0.9999997019767761,0.33333322405815125
2,1,0.9999997500000625,0.49999988079071045,0.3750000624999844,0.7999998331069946,0.3999999165534973,0.5999999046325684
1,2,0.0,0.9999997615814209,1.0,0.6666664481163025,0.9999997019767761,0.0
1,2,0.0,0.9999997615814209,1.0,0.7499998211860657,0.7499998211860657,0.49999988079071045
1,2,0.9999997500000625,0.0,0.5000000624999844,0.9999995231628418,0.9999995231628418,0.9999995231628418
1,1,0.49999987500003124,0.49999988079071045,0.5000001249999375,0.666666567325592,0.8333331942558289,0.49999991059303284
1,2,0.0,0.9999997615814209,1.0,0.5999999046325684,0.5999999046325684,0.3999999165534973
2,1,0.0,0.9999995231628418,1.0,0.49999988079071045,0.49999988079071045,0.49999988079071045
1,2,0.0,0.9999995231628418,1.0,0.9999998807907104,0.6249999403953552,0.7499999403953552
2,1,0.0,0.9999995231628418,1.0,0.9999995231628418,0.4999997615814209,0.4999997615814209
1,2,0.49999987500003124,0.6666664481163025,0.2500001249999375,0.7499999403953552,0.1249999850988388,0.6249999403953552
2,1,0.0,0.9999995231628418,1.0,0.9999997019767761,0.6666664481163025,0.33333322405815125
2,1,0.49999987500003124,0.9999995231628418,0.5000001249999375,0.7499998211860657,0.7499998211860657,0.9999997615814209
3,1,0.7499998125000469,0.9999997019767761,0.5000000456214295,0.0,0.0,0.0
1,2,0.49999987500003124,0.9999995231628418,0.5000001249999375,0.8571427464485168,0.7142856121063232,0.4285713732242584
2,1,0.9999997500000625,0.9999997615814209,0.3750000624999844,0.9999998807907104,0.6249999403953552,0.4999999403953552
2,1,0.49999987500003124,0.9999995231628418,0.2500001249999375,0.8333331942558289,0.333333283662796,0.166666641831398
1,2,0.9999997500000625,0.9999997615814209,0.2500000624999844,0.8749998807907104,0.7499999403953552,0.6249999403953552
2,1,0.49999987500003124,0.9999995231628418,0.2500001249999375,0.5999999046325684,0.7999998331069946,0.19999995827674866
2,1,0.49999987500003124,0.9999995231628418,0.2500001249999375,0.5714284777641296,0.5714284777641296,0.4285713732242584
2,1,0.49999987500003124,0.9999995231628418,0.2500001249999375,0.666666567325592,0.49999991059303284,0.333333283662796
3,1,0.7499998125000469,0.9999997019767761,0.6666667172551499,0.0,0.0,0.0
1,2,0.49999987500003124,0.0,0.5000001249999375,0.49999988079071045,0.7499998211860657,0.0
2,1,0.49999987500003124,0.6666664481163025,0.2500001249999375,0.0,0.0,0.0
1,2,0.0,0.9999995231628418,1.0,0.8571427464485168,0.5714284777641296,0.8571427464485168
2,1,0.0,0.9999995231628418,1.0,0.666666567325592,0.49999991059303284,0.49999991059303284
2,1,0.49999987500003124,0.6666664481163025,0.5000001249999375,0.333333283662796,0.49999991059303284,0.333333283662796
1,2,0.9999997500000625,0.49999988079071045,0.3750000624999844,0.4999999403953552,0.6249999403953552,0.4999999403953552
2,1,0.0,0.9999995231628418,1.0,0.9999998807907104,0.5714284777641296,0.5714284777641296
1,2,0.49999987500003124,0.6666664481163025,0.2500001249999375,0.666666567325592,0.666666567325592,0.4444443881511688
3,1,0.0,0.9999995231628418,1.0,0.0,0.0,0.0
2,1,0.49999987500003124,0.0,0.5000001249999375,0.8571427464485168,0.5714284777641296,0.5714284777641296
2,1,0.7499998125000469,0.24999994039535522,0.5000000456214295,0.9999997019767761,0.9999997019767761,0.9999997019767761
2,1,0.9999997500000625,0.0,0.2500000624999844,0.9999998211860657,0.8333331942558289,0.333333283662796
2,1,0.0,0.9999997615814209,1.0,0.7499999403953552,0.6249999403953552,0.4999999403953552
2,1,0.0,0.9999997615814209,1.0,0.9999997019767761,0.6666664481163025,0.0
2,1,0.0,0.9999997615814209,1.0,0.0,0.0,0.0
3,1,0.0,0.9999995231628418,1.0,0.0,0.0,0.0
2,1,0.9999997500000625,0.49999988079071045,0.3750000624999844,0.8749998807907104,0.4999999403953552,0.4999999403953552
2,1,0.49999987500003124,0.6666664481163025,0.2500001249999375,0.7777776718139648,0.666666567325592,0.555555522441864
2,1,0.49999987500003124,0.9999997615814209,0.2500001249999375,0.7499998211860657,0.49999988079071045,0.7499998211860657
2,1,0.49999987500003124,0.9999997615814209,0.2500001249999375,0.9999998211860657,0.333333283662796,0.8333331942558289
2,1,0.49999987500003124,0.49999988079071045,0.5000001249999375,0.666666567325592,0.7777776718139648,0.555555522441864
2,1,0.0,0.9999997615814209,1.0,0.0,0.9999990463256836,0.0
2,1,0.49999987500003124,0.49999988079071045,0.5000001249999375,0.7999998331069946,0.7999998331069946,0.5999999046325684
2,1,0.49999987500003124,0.49999988079071045,0.2500001249999375,0.4999997615814209,0.9999995231628418,0.4999997615814209
3,1,0.0,0.9999997615814209,1.0,0.0,0.0,0.0
1,2,0.0,0.9999995231628418,1.0,0.0,0.9999995231628418,0.4999997615814209
2,1,0.0,0.9999995231628418,1.0,0.7499998211860657,0.49999988079071045,0.7499998211860657
2,1,0.49999987500003124,0.9999997615814209,0.2500001249999375,0.9999998211860657,0.333333283662796,0.666666567325592
1,2,0.0,0.9999995231628418,1.0,0.9999998211860657,0.666666567325592,0.666666567325592
1,2,0.49999987500003124,0.6666664481163025,0.2500001249999375,0.666666567325592,0.8333331942558289,0.166666641831398
2,1,0.49999987500003124,0.9999995231628418,0.5000001249999375,0.8571427464485168,0.7142856121063232,0.7142856121063232
2,1,0.9999997500000625,0.9999997615814209,0.3750000624999844,0.9999998807907104,0.2857142388820648,0.9999998807907104
2,1,0.0,0.0,1.0,0.7857142090797424,0.714285671710968,0.5714285373687744
2,1,0.49999987500003124,0.9999995231628418,0.2500001249999375,0.6874999403953552,0.5624999403953552,0.4999999403953552
1,2,0.0,0.0,1.0,0.7272726893424988,0.8181817531585693,0.5454545021057129
2,1,0.0,0.9999995231628418,1.0,0.5714284777641296,0.8571427464485168,0.2857142388820648
2,1,0.0,0.9999995231628418,1.0,0.9999998807907104,0.5714284777641296,0.4285713732242584
2,1,0.9999997500000625,0.49999988079071045,0.3750000624999844,0.9090908169746399,0.6363635659217834,0.6363635659217834
1,2,0.0,0.9999995231628418,1.0,0.7692307233810425,0.615384578704834,0.5384615063667297
1,2,0.0,0.9999995231628418,1.0,0.6923076510429382,0.4615384340286255,0.38461536169052124
1,1,0.49999987500003124,0.49999988079071045,0.5000001249999375,0.8571427464485168,0.5714284777641296,0.7142856121063232
1,2,0.49999987500003124,0.49999988079071045,0.5000001249999375,0.666666567325592,0.8333331942558289,0.333333283662796
1,2,0.0,0.9999997615814209,1.0,0.8333331942558289,0.8333331942558289,0.666666567325592
2,1,0.9999997500000625,0.0,0.5000000624999844,0.9999997019767761,0.6666664481163025,0.9999997019767761
1,2,0.49999987500003124,0.49999988079071045,0.2500001249999375,0.666666567325592,0.8333331942558289,0.49999991059303284
1,2,0.0,0.9999997019767761,1.0,0.7999998331069946,0.7999998331069946,0.3999999165534973
1,2,0.49999987500003124,0.33333322405815125,0.2500001249999375,0.9999990463256836,0.0,0.9999990463256836
1,2,0.0,0.9999997019767761,1.0,0.9999990463256836,0.0,0.9999990463256836
1,3,0.0,0.9999997019767761,1.0,0.0,0.0,0.0
1,3,0.49999987500003124,0.33333322405815125,0.5000001249999375,0.0,0.0,0.0
3,1,0.49999987500003124,0.0,0.2500001249999375,0.0,0.0,0.0
1,2,0.49999987500003124,0.6666664481163025,0.2500001249999375,0.8888887763023376,0.7777776718139648,0.4444443881511688
2,1,0.49999987500003124,0.0,0.5000001249999375,0.8749998807907104,0.2499999701976776,0.7499999403953552
2,1,0.0,0.9999995231628418,1.0,0.666666567325592,0.166666641831398,0.49999991059303284
1,2,0.49999987500003124,0.6666664481163025,0.2500001249999375,0.8571427464485168,0.4285713732242584,0.5714284777641296
2,1,0.0,0.9999995231628418,1.0,0.7999998331069946,0.3999999165534973,0.5999999046325684
2,1,0.49999987500003124,0.6666664481163025,0.5000001249999375,0.5999999046325684,0.3999999165534973,0.19999995827674866
2,1,0.9999997500000625,0.49999988079071045,0.5000000624999844,0.8749998807907104,0.8749998807907104,0.6249999403953552
2,1,0.49999987500003124,0.0,0.2500001249999375,0.916666567325592,0.5833333134651184,0.7499999403953552
1,1,0.49999987500003124,0.6666664481163025,0.2500001249999375,0.9999999403953552,0.3333333134651184,0.5333333015441895
1,2,0.9999997500000625,0.0,0.2500000624999844,0.7499999403953552,0.4999999403953552,0.4999999403953552
1,2,0.49999987500003124,0.49999988079071045,0.5000001249999375,0.9999998807907104,0.6249999403953552,0.8749998807907104
1,1,0.49999987500003124,0.49999988079071045,0.5000001249999375,0.7499999403953552,0.4999999403953552,0.4999999403953552
1,1,0.49999987500003124,0.49999988079071045,0.5000001249999375,0.3749999701976776,0.6249999403953552,0.2499999701976776
2,1,0.49999987500003124,0.49999988079071045,0.5000001249999375,0.0,0.0,0.0
1,2,0.9999997500000625,0.0,0.3750000624999844,0.9999998807907104,0.5714284777641296,0.7142856121063232
1,2,0.0,0.9999997615814209,1.0,0.6249999403953552,0.6249999403953552,0.3749999701976776
1,1,0.49999987500003124,0.49999988079071045,0.2500001249999375,0.7777776718139648,0.666666567325592,0.555555522441864
2,1,0.0,0.9999997615814209,1.0,0.7499998211860657,0.7499998211860657,0.49999988079071045
2,1,0.49999987500003124,0.49999988079071045,0.5000001249999375,0.9999998211860657,0.666666567325592,0.49999991059303284
2,1,0.9999997500000625,0.0,0.6250000312499921,0.9999998807907104,0.5714284777641296,0.2857142388820648
2,1,0.0,0.9999997615814209,1.0,0.9999998807907104,0.4444443881511688,0.666666567325592
2,1,0.9999997500000625,0.0,0.5000000624999844,0.7142856121063232,0.4285713732242584,0.5714284777641296
2,1,0.49999987500003124,0.49999988079071045,0.2500001249999375,0.9999997019767761,0.33333322405815125,0.6666664481163025
1,2,0.49999987500003124,0.49999988079071045,0.5000001249999375,0.666666567325592,0.8333331942558289,0.333333283662796
1,2,0.49999987500003124,0.33333322405815125,0.2500001249999375,0.9090908169746399,0.6363635659217834,0.3636363446712494
1,2,0.0,0.9999997019767761,1.0,0.29999998211860657,0.6999999284744263,0.09999999403953552
1,2,0.49999987500003124,0.7499998211860657,0.2500001249999375,0.6999999284744263,0.3999999761581421,0.5999999642372131
2,1,0.0,0.9999997019767761,1.0,0.8749998807907104,0.6249999403953552,0.2499999701976776
2,1,0.0,0.9999997019767761,1.0,0.555555522441864,0.4444443881511688,0.2222221940755844
2,1,0.49999987500003124,0.9999997615814209,0.2500001249999375,0.8571427464485168,0.4285713732242584,0.9999998807907104
1,2,0.9999997500000625,0.49999988079071045,0.3750000624999844,0.9999997019767761,0.6666664481163025,0.9999997019767761
1,2,0.9999997500000625,0.49999988079071045,0.2500000624999844,0.3999999165534973,0.5999999046325684,0.0
3,1,0.7499998125000469,0.33333322405815125,0.5000000456214295,0.0,0.0,0.0
1,2,0.0,0.9999995231628418,1.0,0.6666664481163025,0.9999997019767761,0.33333322405815125
2,1,0.49999987500003124,0.49999988079071045,0.2500001249999375,0.9999997019767761,0.6666664481163025,0.6666664481163025
2,1,0.49999987500003124,0.49999988079071045,0.2500001249999375,0.0,0.0,0.0
1,1,0.49999987500003124,0.49999988079071045,0.2500001249999375,0.5714284777641296,0.7142856121063232,0.5714284777641296
1,2,0.49999987500003124,0.49999988079071045,0.2500001249999375,0.7142856121063232,0.5714284777641296,0.5714284777641296
2,1,0.0,0.9999997615814209,1.0,0.9999990463256836,0.9999990463256836,0.9999990463256836
2,1,0.0,0.9999997615814209,1.0,0.7999998331069946,0.7999998331069946,0.3999999165534973
2,1,0.0,0.9999997615814209,1.0,0.9999995231628418,0.4999997615814209,0.4999997615814209
1,2,0.0,0.9999997615814209,1.0,0.9999995231628418,0.4999997615814209,0.9999995231628418
2,1,0.49999987500003124,0.49999988079071045,0.5000001249999375,0.9999990463256836,0.9999990463256836,0.9999990463256836
1,2,0.0,0.9999997615814209,1.0,0.5999999046325684,0.7999998331069946,0.5999999046325684
2,1,0.9999997500000625,0.0,0.5000000624999844,0.9999995231628418,0.0,0.4999997615814209
2,1,0.49999987500003124,0.49999988079071045,0.2500001249999375,0.9999997615814209,0.49999988079071045,0.49999988079071045
1,2,0.0,0.9999997615814209,1.0,0.6666664481163025,0.9999997019767761,0.33333322405815125
1,2,0.9999997500000625,0.0,0.6250000312499921,0.8333331942558289,0.49999991059303284,0.666666567325592
1,2,0.0,0.9999997615814209,1.0,0.33333322405815125,0.33333322405815125,0.0
1,2,0.49999987500003124,0.9999995231628418,0.2500001249999375,0.7999998331069946,0.3999999165534973,0.5999999046325684
1,2,0.7499998125000469,0.9999997019767761,0.5000000456214295,0.5714284777641296,0.8571427464485168,0.7142856121063232
1,2,0.49999987500003124,0.9999995231628418,0.5000001249999375,0.8571427464485168,0.8571427464485168,0.5714284777641296
2,1,0.7499998125000469,0.9999997019767761,0.5000000456214295,0.0,0.0,0.0
1,2,0.0,0.0,1.0,0.666666567325592,0.8333331942558289,0.333333283662796
1,2,0.7499998125000469,0.7499998211860657,0.5000000456214295,0.666666567325592,0.8333331942558289,0.333333283662796
1,2,0.49999987500003124,0.9999997615814209,0.5000001249999375,0.9999997615814209,0.7499998211860657,0.49999988079071045
1,3,0.0,0.9999995231628418,1.0,0.0,0.0,0.0
1,2,0.0,0.9999995231628418,1.0,0.9999997019767761,0.9999997019767761,0.33333322405815125
1,2,0.49999987500003124,0.6666664481163025,0.5000001249999375,0.49999988079071045,0.7499998211860657,0.49999988079071045
1,2,0.0,0.9999997019767761,1.0,0.49999988079071045,0.7499998211860657,0.49999988079071045
1,2,0.7499998125000469,0.49999988079071045,0.5000000456214295,0.9999997019767761,0.6666664481163025,0.6666664481163025
2,1,0.49999987500003124,0.7499998211860657,0.2500001249999375,0.33333322405815125,0.33333322405815125,0.0
1,1,0.49999987500003124,0.7499998211860657,0.2500001249999375,0.8333331942558289,0.166666641831398,0.8333331942558289
1,2,0.49999987500003124,0.33333322405815125,0.2500001249999375,0.9999998211860657,0.3999999165534973,0.7999998331069946
2,1,0.7499998125000469,0.7499998211860657,0.6666667172551499,0.8333331942558289,0.9999998211860657,0.8333331942558289
1,2,0.7499998125000469,0.33333322405815125,0.5000000456214295,0.7999998331069946,0.5999999046325684,0.7999998331069946
1,2,0.7499998125000469,0.7499998211860657,0.6666667172551499,0.7999998331069946,0.3999999165534973,0.7999998331069946
2,1,0.0,0.9999995231628418,1.0,0.8333331942558289,0.666666567325592,0.666666567325592
1,2,0.9999997500000625,0.49999988079071045,0.3750000624999844,0.49999988079071045,0.7499998211860657,0.49999988079071045
2,1,0.7499998125000469,0.9999997019767761,0.6666667172551499,0.6666664481163025,0.6666664481163025,0.33333322405815125
2,1,0.49999987500003124,0.9999995231628418,0.5000001249999375,0.0,0.0,0.0
2,1,0.7499998125000469,0.9999997019767761,0.6666667172551499,0.9999997019767761,0.0,0.9999997019767761
1,2,0.49999987500003124,0.9999995231628418,0.5000001249999375,0.0,0.0,0.0
2,1,0.0,0.0,1.0,0.666666567325592,0.666666567325592,0.49999991059303284
1,2,0.0,0.9999997019767761,1.0,0.7499998211860657,0.49999988079071045,0.7499998211860657
1,2,0.49999987500003124,0.7499998211860657,0.5000001249999375,0.666666567325592,0.8333331942558289,0.333333283662796
2,1,0.0,0.9999997019767761,1.0,0.4999997615814209,0.4999997615814209,0.0
1,2,0.49999987500003124,0.7499998211860657,0.5000001249999375,0.33333322405815125,0.6666664481163025,0.33333322405815125
1,2,0.7499998125000469,0.49999988079071045,0.5000000456214295,0.166666641831398,0.9999998211860657,0.166666641831398
1,2,0.7499998125000469,0.7499998211860657,0.6666667172551499,0.5999999046325684,0.5999999046325684,0.5999999046325684
1,2,0.49999987500003124,0.6666664481163025,0.2500001249999375,0.5999999046325684,0.5999999046325684,0.3999999165534973
1,3,0.0,0.9999995231628418,1.0,0.0,0.0,0.0
2,1,0.7499998125000469,0.7499998211860657,0.6666667172551499,0.9999995231628418,0.9999995231628418,0.0
1,2,0.7499998125000469,0.7499998211860657,0.6666667172551499,0.9999997615814209,0.49999988079071045,0.9999997615814209
1,2,0.49999987500003124,0.33333322405815125,0.5000001249999375,0.8571427464485168,0.5714284777641296,0.7142856121063232
1,2,0.49999987500003124,0.7499998211860657,0.2500001249999375,0.5999999046325684,0.5999999046325684,0.19999995827674866
1,1,0.0,0.9999997019767761,1.0,0.5714284777641296,0.5714284777641296,0.2857142388820648
1,2,0.49999987500003124,0.7499998211860657,0.5000001249999375,0.8333331942558289,0.333333283662796,0.8333331942558289
2,1,0.49999987500003124,0.33333322405815125,0.5000001249999375,0.7499998211860657,0.49999988079071045,0.7499998211860657
1,2,0.49999987500003124,0.6666664481163025,0.2500001249999375,0.7499998211860657,0.7499998211860657,0.7499998211860657
1,2,0.0,0.9999995231628418,1.0,0.0,0.0,0.0
1,2,0.0,0.9999995231628418,1.0,0.7499998211860657,0.7499998211860657,0.7499998211860657
2,1,0.49999987500003124,0.6666664481163025,0.2500001249999375,0.9999998211860657,0.49999991059303284,0.666666567325592
2,1,0.49999987500003124,0.6666664481163025,0.5000001249999375,0.9999997615814209,0.49999988079071045,0.24999994039535522
2,1,0.0,0.9999995231628418,1.0,0.8333331942558289,0.49999991059303284,0.666666567325592
2,1,0.0,0.9999995231628418,1.0,0.5999999046325684,0.9999998211860657,0.3999999165534973
1,2,0.7499998125000469,0.7499998211860657,0.3333333888888703,0.9999998211860657,0.49999991059303284,0.8333331942558289
1,2,0.49999987500003124,0.6666664481163025,0.5000001249999375,0.9999998807907104,0.5714284777641296,0.4285713732242584
1,2,0.49999987500003124,0.6666664481163025,0.5000001249999375,0.5999999046325684,0.19999995827674866,0.19999995827674866
2,1,0.9999997500000625,0.24999994039535522,0.5000000624999844,0.7999998331069946,0.7999998331069946,0.5999999046325684
1,1,0.7499998125000469,0.49999988079071045,0.5000000456214295,0.9999998211860657,0.166666641831398,0.49999991059303284
1,2,0.49999987500003124,0.33333322405815125,0.2500001249999375,0.49999988079071045,0.7499998211860657,0.49999988079071045
2,1,0.0,0.9999997019767761,1.0,0.5999999046325684,0.19999995827674866,0.3999999165534973
1,2,0.7499998125000469,0.49999988079071045,0.5000000456214295,0.6666664481163025,0.6666664481163025,0.6666664481163025
1,2,0.0,0.9999997019767761,1.0,0.9999997615814209,0.49999988079071045,0.9999997615814209
1,2,0.0,0.9999997019767761,1.0,0.7999998331069946,0.7999998331069946,0.7999998331069946
2,1,0.0,0.9999997019767761,1.0,0.3999999165534973,0.5999999046325684,0.0
2,1,0.0,0.9999997019767761,1.0,0.7999998331069946,0.3999999165534973,0.5999999046325684
2,1,0.9999997500000625,0.24999994039535522,0.5000000624999844,0.49999988079071045,0.24999994039535522,0.24999994039535522
2,1,0.7499998125000469,0.24999994039535522,0.5000000456214295,0.9999995231628418,0.4999997615814209,0.0
1,2,0.49999987500003124,0.49999988079071045,0.5000001249999375,0.6666664481163025,0.33333322405815125,0.33333322405815125
1,2,0.49999987500003124,0.49999988079071045,0.2500001249999375,0.333333283662796,0.166666641831398,0.333333283662796
1,2,0.9999997500000625,0.0,0.6250000312499921,0.9999998211860657,0.666666567325592,0.0
1,2,0.0,0.9999997615814209,1.0,0.666666567325592,0.49999991059303284,0.49999991059303284
1,2,0.49999987500003124,0.33333322405815125,0.2500001249999375,0.9999998807907104,0.8571427464485168,0.4285713732242584
1,2,0.0,0.9999997019767761,1.0,0.8571427464485168,0.8571427464485168,0.2857142388820648
1,2,0.0,0.9999997019767761,1.0,0.7142856121063232,0.2857142388820648,0.2857142388820648
1,2,0.9999997500000625,0.24999994039535522,0.5000000312499921,0.0,0.0,0.0
1,2,0.7499998125000469,0.49999988079071045,0.5000000456214295,0.6666664481163025,0.6666664481163025,0.6666664481163025
1,2,0.0,0.9999997019767761,1.0,0.9999990463256836,0.0,0.0
1,2,0.49999987500003124,0.7499998211860657,0.2500001249999375,0.7499998211860657,0.7499998211860657,0.49999988079071045
3,1,0.7499998125000469,0.49999988079071045,0.5000000456214295,0.0,0.0,0.0
1,1,0.9999997500000625,0.24999994039535522,0.5000000624999844,0.666666567325592,0.8333331942558289,0.666666567325592
2,1,0.49999987500003124,0.33333322405815125,0.2500001249999375,0.9999998211860657,0.49999991059303284,0.333333283662796
1,2,0.7499998125000469,0.7499998211860657,0.5000000456214295,0.6666664481163025,0.33333322405815125,0.6666664481163025
2,1,0.49999987500003124,0.0,0.2500001249999375,0.9999997019767761,0.33333322405815125,0.6666664481163025
1,2,0.49999987500003124,0.0,0.5000001249999375,0.9999995231628418,0.4999997615814209,0.9999995231628418
1,2,0.0,0.9999995231628418,1.0,0.9999995231628418,0.9999995231628418,0.9999995231628418
1,2,0.0,0.9999995231628418,1.0,0.6666664481163025,0.6666664481163025,0.33333322405815125
2,1,0.0,0.9999995231628418,1.0,0.9999999403953552,0.45454540848731995,0.6363635659217834
1,2,0.49999987500003124,0.6666664481163025,0.2500001249999375,0.7777776718139648,0.4444443881511688,0.555555522441864
1,2,0.49999987500003124,0.6666664481163025,0.5000001249999375,0.923076868057251,0.7692307233810425,0.5384615063667297
2,1,0.49999987500003124,0.0,0.5000001249999375,0.9090908169746399,0.5454545021057129,0.7272726893424988
1,2,0.9999997500000625,0.49999988079071045,0.3750000624999844,0.7499999403953552,0.4999999701976776,0.7499999403953552
1,2,0.0,0.9999995231628418,1.0,0.8333331942558289,0.49999991059303284,0.49999991059303284
2,1,0.49999987500003124,0.6666664481163025,0.2500001249999375,0.7777776718139648,0.666666567325592,0.666666567325592
1,2,0.0,0.9999995231628418,1.0,0.7142856121063232,0.7142856121063232,0.4285713732242584
2,1,0.49999987500003124,0.9999997615814209,0.2500001249999375,0.7999998331069946,0.3999999165534973,0.3999999165534973
4,1,0.0,0.9999995231628418,1.0,0.0,0.0,0.0
2,1,0.49999987500003124,0.9999997615814209,0.5000001249999375,0.7999998331069946,0.3999999165534973,0.7999998331069946
2,1,0.0,0.9999995231628418,1.0,0.19999995827674866,0.7999998331069946,0.3999999165534973
2,1,0.49999987500003124,0.9999997615814209,0.2500001249999375,0.7999998331069946,0.5999999046325684,0.3999999165534973
2,1,0.0,0.9999995231628418,1.0,0.4999999403953552,0.3749999701976776,0.1249999850988388
2,1,0.0,0.9999995231628418,1.0,0.6666664481163025,0.9999997019767761,0.33333322405815125
3,1,0.49999987500003124,0.0,0.2500001249999375,0.0,0.0,0.0
2,1,0.0,0.9999995231628418,1.0,0.7499999403953552,0.7499999403953552,0.6249999403953552
2,1,0.49999987500003124,0.0,0.2500001249999375,0.0,0.0,0.0
2,1,0.49999987500003124,0.6666664481163025,0.2500001249999375,0.6666664481163025,0.9999997019767761,0.33333322405815125
2,1,0.49999987500003124,0.0,0.5000001249999375,0.6363635659217834,0.5454545021057129,0.27272725105285645
2,1,0.49999987500003124,0.7499998211860657,0.5000001249999375,0.7333332896232605,0.7333332896232605,0.7333332896232605
2,1,0.0,0.9999997019767761,1.0,0.7142856121063232,0.7142856121063232,0.1428571194410324
2,1,0.49999987500003124,0.7499998211860657,0.5000001249999375,0.0,0.0,0.0
2,1,0.49999987500003124,0.7499998211860657,0.2500001249999375,0.4615384340286255,0.8461537957191467,0.4615384340286255
2,1,0.0,0.9999997019767761,1.0,0.8749998807907104,0.3749999701976776,0.4999999403953552
2,1,0.49999987500003124,0.9999995231628418,0.2500001249999375,0.9999998807907104,0.7777776718139648,0.333333283662796
2,1,0.49999987500003124,0.9999995231628418,0.5000001249999375,0.7999999523162842,0.6999999284744263,0.6999999284744263
1,2,0.49999987500003124,0.9999995231628418,0.5000001249999375,0.8999999165534973,0.3999999761581421,0.3999999761581421
2,1,0.9999997500000625,0.9999997615814209,0.3750000624999844,0.5999999046325684,0.3999999165534973,0.3999999165534973
2,1,0.49999987500003124,0.9999995231628418,0.2500001249999375,0.9999998211860657,0.9999998211860657,0.166666641831398
2,1,0.49999987500003124,0.7499998211860657,0.2500001249999375,0.9999998211860657,0.49999991059303284,0.666666567325592
2,1,0.9999997500000625,0.24999994039535522,0.3750000624999844,0.4999997615814209,0.9999995231628418,0.4999997615814209
1,2,0.49999987500003124,0.33333322405815125,0.2500001249999375,0.7499998211860657,0.7499998211860657,0.49999988079071045
2,1,0.49999987500003124,0.33333322405815125,0.5000001249999375,0.0,0.4999997615814209,0.0
2,1,0.0,0.9999997019767761,1.0,0.9999995231628418,0.9999995231628418,0.9999995231628418
2,1,0.0,0.0,1.0,0.6999999284744263,0.6999999284744263,0.29999998211860657
2,1,0.0,0.0,1.0,0.6666666269302368,0.2499999850988388,0.4999999701976776
3,1,0.0,0.0,1.0,0.0,0.0,0.0
3,1,0.49999987500003124,0.9999995231628418,0.5000001249999375,0.0,0.0,0.0
2,1,0.0,0.0,1.0,0.7999999523162842,0.5999999642372131,0.3333333134651184
2,1,0.49999987500003124,0.49999988079071045,0.5000001249999375,0.8571427464485168,0.5714284777641296,0.4285713732242584
2,1,0.0,0.9999997615814209,1.0,0.8181817531585693,0.45454540848731995,0.7272726893424988
1,2,0.49999987500003124,0.49999988079071045,0.5000001249999375,0.8666666150093079,0.7999999523162842,0.6666666269302368
2,1,0.7499998125000469,0.24999994039535522,0.5000000456214295,0.9999998807907104,0.2857142388820648,0.7142856121063232
2,1,0.49999987500003124,0.49999988079071045,0.5000001249999375,0.8999999165534973,0.4999999403953552,0.7999999523162842
2,1,0.7499998125000469,0.24999994039535522,0.6666667172551499,0.4999999403953552,0.8999999165534973,0.3999999761581421
2,1,0.9999997500000625,0.0,0.3750000624999844,0.8571427464485168,0.7142856121063232,0.8571427464485168
2,1,0.49999987500003124,0.49999988079071045,0.2500001249999375,0.7499998211860657,0.24999994039535522,0.7499998211860657
3,1,0.49999987500003124,0.49999988079071045,0.2500001249999375,0.0,0.0,0.0
1,1,0.0,0.9999997615814209,1.0,0.5454545021057129,0.5454545021057129,0.40909087657928467
2,1,0.49999987500003124,0.6666664481163025,0.5000001249999375,0.7142856121063232,0.8571427464485168,0.7142856121063232
2,1,0.0,0.9999995231628418,1.0,0.6249999403953552,0.6249999403953552,0.6249999403953552
2,1,0.49999987500003124,0.6666664481163025,0.5000001249999375,0.9999997019767761,0.9999997019767761,0.6666664481163025
3,1,0.49999987500003124,0.6666664481163025,0.2500001249999375,0.0,0.0,0.0
2,1,0.0,0.9999995231628418,1.0,0.9999997615814209,0.7499998211860657,0.7499998211860657
2,1,0.49999987500003124,0.49999988079071045,0.5000001249999375,0.7499999403953552,0.3749999701976776,0.3749999701976776
2,1,0.49999987500003124,0.49999988079071045,0.5000001249999375,0.9999998807907104,0.4444443881511688,0.7777776718139648
1,1,0.49999987500003124,0.49999988079071045,0.2500001249999375,0.684210479259491,0.5789473056793213,0.684210479259491
2,1,0.7499998125000469,0.24999994039535522,0.6666667172551499,0.0,0.0,0.0
2,1,0.0,0.9999997615814209,1.0,0.9999998807907104,0.6249999403953552,0.8749998807907104
2,1,0.49999987500003124,0.0,0.5000001249999375,0.7692307233810425,0.5384615063667297,0.38461536169052124
2,1,0.0,0.9999995231628418,1.0,0.8333331942558289,0.666666567325592,0.333333283662796
2,1,0.49999987500003124,0.6666664481163025,0.2500001249999375,0.166666641831398,0.666666567325592,0.333333283662796
2,1,0.0,0.9999995231628418,1.0,0.8181817531585693,0.7272726893424988,0.6363635659217834
2,1,0.9999997500000625,0.49999988079071045,0.3750000624999844,0.6666664481163025,0.6666664481163025,0.33333322405815125
1,1,0.9999997500000625,0.24999994039535522,0.2500000624999844,0.7499999403953552,0.6249999403953552,0.3749999701976776
1,2,0.0,0.9999997019767761,1.0,0.7499999403953552,0.4999999403953552,0.3749999701976776
2,1,0.0,0.9999997019767761,1.0,0.9999995231628418,0.4999997615814209,0.0
2,1,0.7499998125000469,0.49999988079071045,0.6666667172551499,0.19999995827674866,0.9999998211860657,0.19999995827674866
2,1,0.49999987500003124,0.7499998211860657,0.2500001249999375,0.9999998211860657,0.7999998331069946,0.5999999046325684
2,1,0.49999987500003124,0.33333322405815125,0.2500001249999375,0.0,0.0,0.0
2,1,0.7499998125000469,0.49999988079071045,0.6666667172551499,0.0,0.33333322405815125,0.0
2,1,0.0,0.9999997019767761,1.0,0.0,0.0,0.0
2,1,0.49999987500003124,0.33333322405815125,0.5000001249999375,0.6249999403953552,0.6249999403953552,0.4999999403953552
1,1,0.0,0.9999997019767761,1.0,0.8823528289794922,0.3529411256313324,0.5882351994514465
2,1,0.49999987500003124,0.6666664481163025,0.5000001249999375,0.7777776718139648,0.555555522441864,0.555555522441864
2,1,0.49999987500003124,0.6666664481163025,0.5000001249999375,0.9999998211860657,0.3999999165534973,0.7999998331069946
2,1,0.0,0.9999995231628418,1.0,0.8571427464485168,0.8571427464485168,0.5714284777641296
2,1,0.9999997500000625,0.49999988079071045,0.3750000624999844,0.7777776718139648,0.4444443881511688,0.2222221940755844
1,2,0.0,0.9999995231628418,1.0,0.4999999403953552,0.7499999403953552,0.4999999403953552
1,2,0.49999987500003124,0.9999995231628418,0.2500001249999375,0.7142856121063232,0.4285713732242584,0.5714284777641296
1,2,0.49999987500003124,0.9999995231628418,0.5000001249999375,0.9999997019767761,0.6666664481163025,0.6666664481163025
2,1,0.0,0.0,1.0,0.5714284777641296,0.5714284777641296,0.4285713732242584
2,1,0.49999987500003124,0.9999995231628418,0.5000001249999375,0.9999998807907104,0.4285713732242584,0.7142856121063232
1,2,0.0,0.0,1.0,0.49999991059303284,0.666666567325592,0.666666567325592
2,1,0.49999987500003124,0.33333322405815125,0.2500001249999375,0.7999998331069946,0.5999999046325684,0.5999999046325684
2,1,0.49999987500003124,0.7499998211860657,0.2500001249999375,0.7499998211860657,0.9999997615814209,0.49999988079071045
2,1,0.0,0.9999997019767761,1.0,0.8888887763023376,0.666666567325592,0.7777776718139648
1,2,0.0,0.9999997019767761,1.0,0.29999998211860657,0.7999999523162842,0.19999998807907104
1,2,0.7499998125000469,0.49999988079071045,0.3333333888888703,0.6999999284744263,0.7999999523162842,0.5999999642372131
1,2,0.49999987500003124,0.9999997615814209,0.5000001249999375,0.666666567325592,0.49999991059303284,0.333333283662796
2,1,0.49999987500003124,0.6666664481163025,0.5000001249999375,0.9999995231628418,0.0,0.4999997615814209
1,2,0.0,0.9999995231628418,1.0,0.666666567325592,0.666666567325592,0.333333283662796
1,2,0.49999987500003124,0.6666664481163025,0.2500001249999375,0.8333331942558289,0.666666567325592,0.333333283662796
1,2,0.0,0.9999995231628418,1.0,0.666666567325592,0.49999991059303284,0.333333283662796
1,2,0.49999987500003124,0.7499998211860657,0.5000001249999375,0.8888887763023376,0.7777776718139648,0.666666567325592
2,1,0.49999987500003124,0.7499998211860657,0.5000001249999375,0.5999999046325684,0.5999999046325684,0.3999999165534973
2,1,0.49999987500003124,0.7499998211860657,0.2500001249999375,0.6666664481163025,0.6666664481163025,0.6666664481163025
2,1,0.49999987500003124,0.33333322405815125,0.5000001249999375,0.7142856121063232,0.5714284777641296,0.4285713732242584
2,1,0.9999997500000625,0.24999994039535522,0.3750000624999844,0.3999999165534973,0.3999999165534973,0.19999995827674866
2,1,0.7499998125000469,0.49999988079071045,0.6666667172551499,0.19999995827674866,0.9999998211860657,0.19999995827674866
1,1,0.0,0.9999997019767761,1.0,0.666666567325592,0.666666567325592,0.1111110970377922
2,1,0.0,0.9999997019767761,1.0,0.33333322405815125,0.6666664481163025,0.33333322405815125
1,2,0.49999987500003124,0.7499998211860657,0.2500001249999375,0.9999998211860657,0.49999991059303284,0.666666567325592
2,1,0.7499998125000469,0.0,0.6666667172551499,0.7499999403953552,0.6249999403953552,0.6249999403953552
1,2,0.0,0.9999997615814209,1.0,0.9999998211860657,0.49999991059303284,0.666666567325592
1,1,0.0,0.9999997615814209,1.0,0.9999998807907104,0.4285713732242584,0.7142856121063232
1,2,0.49999987500003124,0.49999988079071045,0.2500001249999375,0.9999998211860657,0.333333283662796,0.49999991059303284
2,1,0.0,0.9999997615814209,1.0,0.9999998211860657,0.3999999165534973,0.5999999046325684
1,2,0.9999997500000625,0.0,0.3750000624999844,0.4999997615814209,0.4999997615814209,0.4999997615814209
2,1,0.9999997500000625,0.49999988079071045,0.5000000624999844,0.5999999046325684,0.7999998331069946,0.3999999165534973
2,1,0.9999997500000625,0.49999988079071045,0.3750000624999844,0.9999997615814209,0.7499998211860657,0.49999988079071045
1,2,0.7499998125000469,0.7499998211860657,0.3333333888888703,0.5999999046325684,0.3999999165534973,0.3999999165534973
2,1,0.0,0.9999995231628418,1.0,0.9999997615814209,0.9999997615814209,0.24999994039535522
2,1,0.9999997500000625,0.49999988079071045,0.5000000624999844,0.8333331942558289,0.666666567325592,0.49999991059303284
2,1,0.0,0.9999997615814209,1.0,0.7999998331069946,0.3999999165534973,0.3999999165534973
1,2,0.49999987500003124,0.49999988079071045,0.2500001249999375,0.666666567325592,0.666666567325592,0.333333283662796
1,2,0.49999987500003124,0.49999988079071045,0.2500001249999375,0.5714284777641296,0.5714284777641296,0.5714284777641296
2,1,0.49999987500003124,0.49999988079071045,0.2500001249999375,0.9999997615814209,0.9999997615814209,0.49999988079071045
2,1,0.49999987500003124,0.49999988079071045,0.2500001249999375,0.4999997615814209,0.9999995231628418,0.4999997615814209
2,1,0.49999987500003124,0.9999995231628418,0.2500001249999375,0.7499999403953552,0.6249999403953552,0.6249999403953552
1,2,0.9999997500000625,0.9999997615814209,0.7500000312499921,0.9999998211860657,0.9999998211860657,0.9999998211860657
1,2,0.49999987500003124,0.9999995231628418,0.2500001249999375,0.8571427464485168,0.2857142388820648,0.5714284777641296
2,1,0.49999987500003124,0.9999995231628418,0.5000001249999375,0.6249999403953552,0.8749998807907104,0.4999999403953552
2,1,0.49999987500003124,0.9999995231628418,0.5000001249999375,0.8333331942558289,0.8333331942558289,0.49999991059303284
2,1,0.49999987500003124,0.9999995231628418,0.2500001249999375,0.9999998211860657,0.5999999046325684,0.3999999165534973
2,1,0.7499998125000469,0.9999997019767761,0.5000000456214295,0.8749998807907104,0.6249999403953552,0.6249999403953552
2,1,0.49999987500003124,0.9999995231628418,0.5000001249999375,0.5999999046325684,0.7999998331069946,0.7999998331069946
2,1,0.49999987500003124,0.9999995231628418,0.5000001249999375,0.9999998211860657,0.5999999046325684,0.7999998331069946
1,2,0.49999987500003124,0.9999995231628418,0.2500001249999375,0.8571427464485168,0.9999998807907104,0.2857142388820648
2,1,0.49999987500003124,0.49999988079071045,0.2500001249999375,0.8333331942558289,0.9999998211860657,0.333333283662796
2,1,0.0,0.9999997615814209,1.0,0.7499998211860657,0.24999994039535522,0.7499998211860657
2,1,0.49999987500003124,0.49999988079071045,0.2500001249999375,0.9999998807907104,0.9999998807907104,0.7499999403953552
1,2,0.0,0.9999997615814209,1.0,0.6999999284744263,0.6999999284744263,0.4999999403953552
2,1,0.0,0.9999997615814209,1.0,0.666666567325592,0.49999991059303284,0.49999991059303284
2,1,0.9999997500000625,0.49999988079071045,0.2500000624999844,0.9999997615814209,0.0,0.49999988079071045
2,1,0.49999987500003124,0.9999997615814209,0.2500001249999375,0.9999990463256836,0.0,0.0
2,1,0.0,0.9999995231628418,1.0,0.9999995231628418,0.9999995231628418,0.4999997615814209
1,1,0.49999987500003124,0.6666664481163025,0.2500001249999375,0.7499999403953552,0.8749998807907104,0.4999999403953552
2,1,0.0,0.9999995231628418,1.0,0.8333331942558289,0.666666567325592,0.49999991059303284
2,1,0.9999997500000625,0.9999997615814209,0.3750000624999844,0.8333331942558289,0.666666567325592,0.49999991059303284
1,2,0.0,0.0,1.0,0.166666641831398,0.666666567325592,0.333333283662796
2,1,0.9999997500000625,0.9999997615814209,0.5000000624999844,0.555555522441864,0.8888887763023376,0.333333283662796
2,1,0.0,0.0,1.0,0.7499998211860657,0.7499998211860657,0.24999994039535522
2,1,0.0,0.0,1.0,0.9999997615814209,0.49999988079071045,0.9999997615814209
2,1,0.9999997500000625,0.9999997615814209,0.5000000624999844,0.9999990463256836,0.9999990463256836,0.9999990463256836
2,1,0.9999997500000625,0.9999997615814209,0.5000000624999844,0.4999999403953552,0.5999999642372131,0.4999999403953552
2,1,0.0,0.0,1.0,0.7999998331069946,0.3999999165534973,0.5999999046325684
4,1,0.0,0.0,1.0,0.0,0.0,0.0
2,1,0.0,0.0,1.0,0.7999999523162842,0.9999998807907104,0.29999998211860657
2,1,0.9999997500000625,0.9999997615814209,0.3750000624999844,0.5714284777641296,0.5714284777641296,0.4285713732242584
1,1,0.9999997500000625,0.9999997615814209,0.3750000624999844,0.4999999403953552,0.9444443583488464,0.4999999403953552
1,2,0.9999997500000625,0.9999997615814209,0.3750000624999844,0.8333332538604736,0.7499999403953552,0.6666666269302368
2,1,0.49999987500003124,0.9999995231628418,0.2500001249999375,0.7692307233810425,0.307692289352417,0.5384615063667297
2,1,0.7499998125000469,0.9999997019767761,0.5000000456214295,0.9999999403953552,0.5333333015441895,0.46666663885116577
2,1,0.49999987500003124,0.9999995231628418,0.5000001249999375,0.8333332538604736,0.6666666269302368,0.5833333134651184
2,1,0.0,0.0,1.0,0.7999999523162842,0.6666666269302368,0.3333333134651184
2,1,0.0,0.0,1.0,0.8333332538604736,0.5833333134651184,0.4999999701976776
1,2,0.9999997500000625,0.9999997615814209,0.3750000624999844,0.6923076510429382,0.615384578704834,0.4615384340286255
2,1,0.0,0.0,1.0,0.7058822512626648,0.6470587253570557,0.5882351994514465
1,2,0.49999987500003124,0.9999995231628418,0.2500001249999375,0.7499999403953552,0.3333333134651184,0.6666666269302368
1,2,0.0,0.0,1.0,0.8571428060531616,0.5714285373687744,0.6428570747375488
1,1,0.49999987500003124,0.9999995231628418,0.5000001249999375,0.6249999403953552,0.6249999403953552,0.6249999403953552
2,1,0.49999987500003124,0.9999995231628418,0.5000001249999375,0.9999998807907104,0.4285713732242584,0.5714284777641296
2,1,0.49999987500003124,0.9999995231628418,0.2500001249999375,0.7999999523162842,0.5999999642372131,0.5999999642372131
1,2,0.0,0.9999995231628418,1.0,0.8999999165534973,0.3999999761581421,0.6999999284744263
1,2,0.7499998125000469,0.33333322405815125,0.5000000456214295,0.7272726893424988,0.7272726893424988,0.45454540848731995
2,1,0.0,0.9999995231628418,1.0,0.6666666269302368,0.6666666269302368,0.3333333134651184
1,1,0.49999987500003124,0.6666664481163025,0.5000001249999375,0.7647057771682739,0.41176465153694153,0.6470587253570557
2,1,0.0,0.9999995231628418,1.0,0.7999998331069946,0.7999998331069946,0.5999999046325684
2,1,0.49999987500003124,0.6666664481163025,0.2500001249999375,0.33333322405815125,0.33333322405815125,0.0
2,1,0.7499998125000469,0.33333322405815125,0.5000000456214295,0.9999990463256836,0.9999990463256836,0.9999990463256836
2,1,0.49999987500003124,0.0,0.2500001249999375,0.6666664481163025,0.33333322405815125,0.33333322405815125
2,1,0.49999987500003124,0.6666664481163025,0.2500001249999375,0.666666567325592,0.555555522441864,0.666666567325592
3,1,0.49999987500003124,0.6666664481163025,0.2500001249999375,0.0,0.0,0.0
2,1,0.0,0.9999995231628418,1.0,0.6666664481163025,0.33333322405815125,0.6666664481163025
1,2,0.7499998125000469,0.7499998211860657,0.5000000456214295,0.5263157486915588,0.31578943133354187,0.42105257511138916
1,2,0.9999997500000625,0.49999988079071045,0.5000000312499921,0.7222221493721008,0.666666567325592,0.3888888359069824
1,1,0.0,0.9999995231628418,1.0,0.8499999046325684,0.6999999284744263,0.5499999523162842
2,1,0.49999987500003124,0.9999997615814209,0.5000001249999375,0.8999999165534973,0.4999999403953552,0.6999999284744263
1,1,0.0,0.0,1.0,0.6470587253570557,0.5882351994514465,0.47058817744255066
1,2,0.9999997500000625,0.9999997615814209,0.2500000624999844,0.8888887763023376,0.4444443881511688,0.4444443881511688
2,1,0.49999987500003124,0.9999995231628418,0.5000001249999375,0.7999999523162842,0.7333332896232605,0.5999999642372131
2,1,0.49999987500003124,0.9999995231628418,0.2500001249999375,0.6249999403953552,0.7499999403953552,0.6249999403953552
2,1,0.49999987500003124,0.9999995231628418,0.2500001249999375,0.8181817531585693,0.5454545021057129,0.6363635659217834
2,1,0.0,0.9999995231628418,1.0,0.9999997615814209,0.9999997615814209,0.49999988079071045
2,1,0.7499998125000469,0.33333322405815125,0.5000000456214295,0.7692307233810425,0.5384615063667297,0.4615384340286255
3,1,0.49999987500003124,0.6666664481163025,0.5000001249999375,0.0,0.0,0.0
2,1,0.49999987500003124,0.6666664481163025,0.5000001249999375,0.9090908169746399,0.3636363446712494,0.6363635659217834
2,1,0.0,0.9999995231628418,1.0,0.0,0.9999990463256836,0.0
1,2,0.49999987500003124,0.6666664481163025,0.2500001249999375,0.7857142090797424,0.4999999701976776,0.4285714030265808
2,1,0.49999987500003124,0.6666664481163025,0.2500001249999375,0.666666567325592,0.333333283662796,0.0
1,2,0.9999997500000625,0.49999988079071045,0.5000000624999844,0.6923076510429382,0.615384578704834,0.615384578704834
2,1,0.49999987500003124,0.6666664481163025,0.2500001249999375,0.6999999284744263,0.6999999284744263,0.4999999403953552
1,2,0.49999987500003124,0.6666664481163025,0.5000001249999375,0.6923076510429382,0.615384578704834,0.4615384340286255
1,1,0.0,0.0,1.0,0.8461537957191467,0.7692307233810425,0.615384578704834
1,1,0.49999987500003124,0.9999995231628418,0.5000001249999375,0.6923076510429382,0.6923076510429382,0.38461536169052124
2,1,0.0,0.0,1.0,0.9999998807907104,0.333333283662796,0.666666567325592
2,1,0.49999987500003124,0.9999995231628418,0.2500001249999375,0.9999998211860657,0.5999999046325684,0.7999998331069946
1,2,0.49999987500003124,0.9999995231628418,0.2500001249999375,0.7777776718139648,0.7777776718139648,0.666666567325592
2,1,0.49999987500003124,0.9999995231628418,0.5000001249999375,0.5999999046325684,0.7999998331069946,0.7999998331069946
2,1,0.49999987500003124,0.9999995231628418,0.5000001249999375,0.6249999403953552,0.7499999403953552,0.6249999403953552
2,1,0.7499998125000469,0.9999997019767761,0.6666667172551499,0.6249999403953552,0.4999999403953552,0.3749999701976776
2,1,0.0,0.0,1.0,0.8333332538604736,0.4999999701976776,0.4999999701976776
2,1,0.49999987500003124,0.9999995231628418,0.5000001249999375,0.6249999403953552,0.6249999403953552,0.7499999403953552
2,1,0.7499998125000469,0.49999988079071045,0.5000000456214295,0.9999998211860657,0.666666567325592,0.666666567325592
2,1,0.7499998125000469,0.49999988079071045,0.5000000456214295,0.8499999046325684,0.7499999403953552,0.5999999642372131
2,1,0.9999997500000625,0.24999994039535522,0.5000000624999844,0.6499999165534973,0.7499999403953552,0.34999996423721313
2,1,0.0,0.9999997019767761,1.0,0.9999990463256836,0.9999990463256836,0.0
2,1,0.0,0.9999997019767761,1.0,0.0,0.0,0.0
2,1,0.0,0.9999997615814209,1.0,0.9999995231628418,0.4999997615814209,0.0
9,1,0.49999987500003124,0.49999988079071045,0.5000001249999375,0.0,0.0,0.0
2,1,0.0,0.9999997615814209,1.0,0.8999999165534973,0.6999999284744263,0.4999999403953552
3,1,0.0,0.9999997615814209,1.0,0.0,0.0,0.0
2,1,0.49999987500003124,0.49999988079071045,0.2500001249999375,0.9999995231628418,0.9999995231628418,0.4999997615814209
2,1,0.0,0.9999997615814209,1.0,0.9999995231628418,0.9999995231628418,0.4999997615814209
2,1,0.0,0.9999997615814209,1.0,0.4999997615814209,0.9999995231628418,0.4999997615814209
2,1,0.0,0.9999997615814209,1.0,0.9999995231628418,0.0,0.4999997615814209
2,1,0.49999987500003124,0.49999988079071045,0.2500001249999375,0.7499999403953552,0.6249999403953552,0.4999999403953552
2,1,0.0,0.9999997615814209,1.0,0.8749998807907104,0.3749999701976776,0.4999999403953552
2,1,0.9999997500000625,0.49999988079071045,0.5000000624999844,0.9999998211860657,0.8333331942558289,0.49999991059303284
2,1,0.49999987500003124,0.6666664481163025,0.2500001249999375,0.9999997615814209,0.49999988079071045,0.9999997615814209
3,1,0.49999987500003124,0.6666664481163025,0.5000001249999375,0.0,0.0,0.0
3,1,0.7499998125000469,0.7499998211860657,0.5000000456214295,0.0,0.0,0.0
2,1,0.0,0.9999995231628418,1.0,0.9999998211860657,0.49999991059303284,0.666666567325592
2,1,0.49999987500003124,0.6666664481163025,0.5000001249999375,0.9999998807907104,0.8749998807907104,0.4999999403953552
1,2,0.0,0.9999995231628418,1.0,0.8571427464485168,0.5714284777641296,0.5714284777641296
1,2,0.49999987500003124,0.9999997615814209,0.5000001249999375,0.8749998807907104,0.1249999850988388,0.6249999403953552
2,1,0.49999987500003124,0.6666664481163025,0.2500001249999375,0.8571427464485168,0.4285713732242584,0.2857142388820648
2,1,0.49999987500003124,0.0,0.5000001249999375,0.666666567325592,0.49999991059303284,0.166666641831398
2,1,0.7499998125000469,0.24999994039535522,0.5000000456214295,0.9999999403953552,0.8461537957191467,0.615384578704834
2,1,0.0,0.9999997615814209,1.0,0.6249999403953552,0.6249999403953552,0.2499999701976776
2,1,0.0,0.9999997615814209,1.0,0.8461537957191467,0.7692307233810425,0.4615384340286255
2,1,0.0,0.9999997615814209,1.0,0.7272726893424988,0.7272726893424988,0.6363635659217834
2,1,0.49999987500003124,0.49999988079071045,0.2500001249999375,0.8333331942558289,0.49999991059303284,0.666666567325592
1,1,0.0,0.9999997615814209,1.0,0.9999998807907104,0.555555522441864,0.666666567325592
2,1,0.49999987500003124,0.49999988079071045,0.2500001249999375,0.6666664481163025,0.33333322405815125,0.6666664481163025
2,1,0.49999987500003124,0.49999988079071045,0.2500001249999375,0.4999999403953552,0.6249999403953552,0.2499999701976776
1,2,0.9999997500000625,0.0,0.5000000624999844,0.7777776718139648,0.666666567325592,0.555555522441864
4,1,0.0,0.9999997615814209,1.0,0.0,0.0,0.0
1,2,0.49999987500003124,0.6666664481163025,0.2500001249999375,0.9999998807907104,0.666666567325592,0.666666567325592
1,2,0.7499998125000469,0.7499998211860657,0.3333333888888703,0.4999999403953552,0.6249999403953552,0.1249999850988388
2,1,0.0,0.9999995231628418,1.0,0.8888887763023376,0.555555522441864,0.555555522441864
2,1,0.49999987500003124,0.6666664481163025,0.5000001249999375,0.7999998331069946,0.19999995827674866,0.7999998331069946
2,1,0.0,0.9999995231628418,1.0,0.8888887763023376,0.666666567325592,0.7777776718139648
2,1,0.9999997500000625,0.9999997615814209,0.3750000624999844,0.6666664481163025,0.6666664481163025,0.6666664481163025
2,1,0.0,0.0,1.0,0.4999997615814209,0.0,0.4999997615814209
2,1,0.49999987500003124,0.9999995231628418,0.2500001249999375,0.6666664481163025,0.6666664481163025,0.6666664481163025
2,1,0.7499998125000469,0.9999997019767761,0.5000000456214295,0.9999995231628418,0.4999997615814209,0.9999995231628418
2,1,0.49999987500003124,0.9999995231628418,0.2500001249999375,0.9999990463256836,0.9999990463256836,0.9999990463256836
1,2,0.0,0.9999997019767761,1.0,0.6999999284744263,0.8999999165534973,0.4999999403953552
1,2,0.49999987500003124,0.33333322405815125,0.2500001249999375,0.6249999403953552,0.6249999403953552,0.3749999701976776
1,2,0.49999987500003124,0.33333322405815125,0.5000001249999375,0.6249999403953552,0.6249999403953552,0.4999999403953552
1,2,0.49999987500003124,0.7499998211860657,0.2500001249999375,0.8888887763023376,0.555555522441864,0.666666567325592
1,2,0.49999987500003124,0.7499998211860657,0.2500001249999375,0.9999998807907104,0.9999998807907104,0.5999999642372131
1,2,0.7499998125000469,0.7499998211860657,0.3333333888888703,0.6249999403953552,0.6249999403953552,0.2499999701976776
2,1,0.9999997500000625,0.49999988079071045,0.5000000624999844,0.7499998211860657,0.7499998211860657,0.24999994039535522
1,2,0.49999987500003124,0.6666664481163025,0.5000001249999375,0.555555522441864,0.555555522441864,0.4444443881511688
1,2,0.0,0.9999995231628418,1.0,0.8333331942558289,0.9999998211860657,0.8333331942558289
1,2,0.49999987500003124,0.6666664481163025,0.2500001249999375,0.9999998807907104,0.7499999403953552,0.4999999403953552
2,1,0.0,0.9999997615814209,1.0,0.6249999403953552,0.4999999403953552,0.4999999403953552
2,1,0.49999987500003124,0.49999988079071045,0.5000001249999375,0.9999990463256836,0.0,0.0
3,1,0.0,0.9999997615814209,1.0,0.0,0.0,0.0
2,1,0.49999987500003124,0.49999988079071045,0.2500001249999375,0.6999999284744263,0.3999999761581421,0.4999999403953552
2,1,0.0,0.9999997615814209,1.0,0.6666664481163025,0.6666664481163025,0.6666664481163025
2,1,0.0,0.9999997615814209,1.0,0.3999999165534973,0.5999999046325684,0.3999999165534973
2,1,0.9999997500000625,0.0,0.3750000624999844,0.8333331942558289,0.333333283662796,0.49999991059303284
2,1,0.0,0.9999997615814209,1.0,0.3999999165534973,0.5999999046325684,0.0
1,2,0.0,0.9999997615814209,1.0,0.9999998807907104,0.5714284777641296,0.5714284777641296
2,1,0.9999997500000625,0.0,0.3750000624999844,0.7142856121063232,0.5714284777641296,0.4285713732242584
1,2,0.49999987500003124,0.49999988079071045,0.5000001249999375,0.7999998331069946,0.7999998331069946,0.5999999046325684
1,2,0.49999987500003124,0.49999988079071045,0.2500001249999375,0.7499998211860657,0.9999997615814209,0.24999994039535522
2,1,0.49999987500003124,0.49999988079071045,0.2500001249999375,0.9999998211860657,0.49999991059303284,0.666666567325592
2,1,0.0,0.9999997615814209,1.0,0.6666664481163025,0.6666664481163025,0.33333322405815125
1,2,0.49999987500003124,0.49999988079071045,0.5000001249999375,0.5999999046325684,0.7999998331069946,0.19999995827674866
2,1,0.49999987500003124,0.49999988079071045,0.2500001249999375,0.666666567325592,0.666666567325592,0.4444443881511688
2,1,0.49999987500003124,0.49999988079071045,0.2500001249999375,0.9999998211860657,0.7999998331069946,0.3999999165534973
2,1,0.9999997500000625,0.0,0.3750000624999844,0.8888887763023376,0.666666567325592,0.333333283662796
2,1,0.49999987500003124,0.49999988079071045,0.2500001249999375,0.9999997615814209,0.49999988079071045,0.7499998211860657
2,1,0.49999987500003124,0.49999988079071045,0.2500001249999375,0.7999998331069946,0.7999998331069946,0.3999999165534973
1,2,0.49999987500003124,0.9999995231628418,0.2500001249999375,0.7499998211860657,0.7499998211860657,0.24999994039535522
1,2,0.9999997500000625,0.9999997615814209,0.2500000624999844,0.6666664481163025,0.6666664481163025,0.0
2,1,0.49999987500003124,0.9999995231628418,0.2500001249999375,0.0,0.0,0.0
1,2,0.49999987500003124,0.9999995231628418,0.5000001249999375,0.5999999046325684,0.3999999165534973,0.19999995827674866
1,2,0.49999987500003124,0.9999995231628418,0.5000001249999375,0.5999999046325684,0.5999999046325684,0.5999999046325684
2,1,0.7499998125000469,0.33333322405815125,0.3333333888888703,0.0,0.9999990463256836,0.0
2,1,0.49999987500003124,0.6666664481163025,0.2500001249999375,0.33333322405815125,0.9999997019767761,0.33333322405815125
1,2,0.0,0.9999995231628418,1.0,0.7499998211860657,0.49999988079071045,0.49999988079071045
1,2,0.9999997500000625,0.49999988079071045,0.3750000624999844,0.9999997615814209,0.49999988079071045,0.7499998211860657
1,2,0.0,0.9999995231628418,1.0,0.4999997615814209,0.4999997615814209,0.4999997615814209
2,1,0.49999987500003124,0.9999995231628418,0.5000001249999375,0.9999997019767761,0.6666664481163025,0.6666664481163025
1,2,0.49999987500003124,0.9999995231628418,0.5000001249999375,0.7499998211860657,0.49999988079071045,0.49999988079071045
2,1,0.49999987500003124,0.9999995231628418,0.5000001249999375,0.9999997615814209,0.7499998211860657,0.49999988079071045
1,2,0.49999987500003124,0.9999995231628418,0.5000001249999375,0.9999997019767761,0.6666664481163025,0.6666664481163025
1,1,0.0,0.0,1.0,0.8333331942558289,0.666666567325592,0.9999998211860657
1,2,0.49999987500003124,0.6666664481163025,0.2500001249999375,0.7999998331069946,0.19999995827674866,0.0
1,2,0.7499998125000469,0.7499998211860657,0.3333333888888703,0.8333331942558289,0.9999998211860657,0.49999991059303284
1,2,0.49999987500003124,0.6666664481163025,0.5000001249999375,0.5999999046325684,0.7999998331069946,0.7999998331069946
1,2,0.49999987500003124,0.6666664481163025,0.2500001249999375,0.4999999403953552,0.7499999403953552,0.3749999701976776
1,2,0.49999987500003124,0.6666664481163025,0.2500001249999375,0.7499998211860657,0.49999988079071045,0.24999994039535522
2,1,0.0,0.9999997615814209,1.0,0.7142856121063232,0.7142856121063232,0.5714284777641296
2,1,0.9999997500000625,0.0,0.2500000624999844,0.9999995231628418,0.4999997615814209,0.4999997615814209
1,2,0.0,0.9999997615814209,1.0,0.8888887763023376,0.4444443881511688,0.555555522441864
3,1,0.0,0.9999997615814209,1.0,0.0,0.0,0.0
2,1,0.0,0.9999997615814209,1.0,0.9999998211860657,0.3999999165534973,0.7999998331069946
2,1,0.49999987500003124,0.6666664481163025,0.5000001249999375,0.7999998331069946,0.3999999165534973,0.3999999165534973
4,1,0.49999987500003124,0.6666664481163025,0.2500001249999375,0.0,0.0,0.0
2,1,0.49999987500003124,0.6666664481163025,0.5000001249999375,0.9999990463256836,0.0,0.0
1,2,0.49999987500003124,0.6666664481163025,0.2500001249999375,0.7499999403953552,0.3749999701976776,0.7499999403953552
2,1,0.49999987500003124,0.6666664481163025,0.2500001249999375,0.7499999403953552,0.6249999403953552,0.7499999403953552
1,2,0.0,0.0,1.0,0.9999990463256836,0.9999990463256836,0.9999990463256836
1,2,0.0,0.0,1.0,0.9999990463256836,0.9999990463256836,0.9999990463256836
1,1,0.49999987500003124,0.9999995231628418,0.2500001249999375,0.8333331942558289,0.166666641831398,0.49999991059303284
1,2,0.49999987500003124,0.9999995231628418,0.5000001249999375,0.9999990463256836,0.0,0.9999990463256836
1,2,0.0,0.0,1.0,0.9999997615814209,0.7499998211860657,0.49999988079071045
2,1,0.0,0.9999995231628418,1.0,0.8571427464485168,0.4285713732242584,0.7142856121063232
1,2,0.49999987500003124,0.6666664481163025,0.5000001249999375,0.6249999403953552,0.4999999403953552,0.2499999701976776
1,2,0.0,0.9999995231628418,1.0,0.49999991059303284,0.8333331942558289,0.49999991059303284
2,1,0.49999987500003124,0.6666664481163025,0.5000001249999375,0.9999998807907104,0.4285713732242584,0.8571427464485168
2,1,0.49999987500003124,0.6666664481163025,0.5000001249999375,0.8571427464485168,0.4285713732242584,0.5714284777641296
2,1,0.49999987500003124,0.33333322405815125,0.2500001249999375,0.6249999403953552,0.4999999403953552,0.4999999403953552
2,1,0.49999987500003124,0.7499998211860657,0.2500001249999375,0.9999998211860657,0.3999999165534973,0.3999999165534973
1,2,0.49999987500003124,0.33333322405815125,0.5000001249999375,0.9999998807907104,0.4999999403953552,0.6249999403953552
2,1,0.49999987500003124,0.7499998211860657,0.5000001249999375,0.8888887763023376,0.7777776718139648,0.7777776718139648
2,1,0.0,0.9999997019767761,1.0,0.9999998211860657,0.666666567325592,0.666666567325592
2,1,0.49999987500003124,0.6666664481163025,0.2500001249999375,0.9999998211860657,0.3999999165534973,0.7999998331069946
1,2,0.0,0.9999995231628418,1.0,0.5714284777641296,0.9999998807907104,0.1428571194410324
1,2,0.49999987500003124,0.6666664481163025,0.2500001249999375,0.6666664481163025,0.33333322405815125,0.0
1,2,0.7499998125000469,0.7499998211860657,0.3333333888888703,0.8571427464485168,0.4285713732242584,0.7142856121063232
2,1,0.0,0.9999995231628418,1.0,0.9999998211860657,0.3999999165534973,0.3999999165534973
2,1,0.0,0.9999995231628418,1.0,0.7142856121063232,0.7142856121063232,0.1428571194410324
3,1,0.7499998125000469,0.33333322405815125,0.5000000456214295,0.0,0.0,0.0
3,1,0.0,0.9999995231628418,1.0,0.0,0.0,0.0
1,2,0.0,0.9999995231628418,1.0,0.7142856121063232,0.4285713732242584,0.2857142388820648
2,1,0.9999997500000625,0.49999988079071045,0.7500000312499921,0.0,0.0,0.0
1,1,0.49999987500003124,0.6666664481163025,0.2500001249999375,0.4999999403953552,0.7499999403953552,0.4999999403953552
2,1,0.9999997500000625,0.49999988079071045,0.3750000624999844,0.9999995231628418,0.0,0.9999995231628418
2,1,0.0,0.9999995231628418,1.0,0.7499998211860657,0.24999994039535522,0.49999988079071045
1,2,0.7499998125000469,0.33333322405815125,0.5000000456214295,0.8571427464485168,0.8571427464485168,0.5714284777641296
2,1,0.49999987500003124,0.6666664481163025,0.5000001249999375,0.4999997615814209,0.4999997615814209,0.4999997615814209
2,1,0.0,0.0,1.0,0.9999997019767761,0.9999997019767761,0.6666664481163025
6,1,0.0,0.0,1.0,0.0,0.0,0.0
1,2,0.0,0.0,1.0,0.7499999403953552,0.7499999403953552,0.3749999701976776
2,1,0.49999987500003124,0.9999995231628418,0.2500001249999375,0.9999997019767761,0.9999997019767761,0.9999997019767761
2,1,0.7499998125000469,0.9999997019767761,0.5000000456214295,0.666666567325592,0.8333331942558289,0.49999991059303284
2,1,0.0,0.9999997615814209,1.0,0.666666567325592,0.333333283662796,0.333333283662796
3,1,0.0,0.9999997615814209,1.0,0.0,0.0,0.0
2,1,0.49999987500003124,0.49999988079071045,0.5000001249999375,0.166666641831398,0.9999998211860657,0.333333283662796
4,1,0.7499998125000469,0.24999994039535522,0.5000000456214295,0.0,0.0,0.0
2,1,0.0,0.9999997615814209,1.0,0.7272726893424988,0.5454545021057129,0.7272726893424988
1,2,0.49999987500003124,0.49999988079071045,0.5000001249999375,0.7142856121063232,0.4285713732242584,0.2857142388820648
1,2,0.49999987500003124,0.49999988079071045,0.2500001249999375,0.8333331942558289,0.49999991059303284,0.666666567325592
1,1,0.49999987500003124,0.49999988079071045,0.5000001249999375,0.7777776718139648,0.555555522441864,0.555555522441864
2,1,0.0,0.9999997615814209,1.0,0.0,0.0,0.0
2,1,0.0,0.9999997615814209,1.0,0.9999997019767761,0.33333322405815125,0.6666664481163025
4,1,0.49999987500003124,0.49999988079071045,0.5000001249999375,0.0,0.0,0.0
4,1,0.0,0.9999997615814209,1.0,0.0,0.0,0.0
2,1,0.49999987500003124,0.49999988079071045,0.5000001249999375,0.8333331942558289,0.49999991059303284,0.666666567325592
2,1,0.49999987500003124,0.49999988079071045,0.2500001249999375,0.9999998211860657,0.8333331942558289,0.8333331942558289
3,1,0.0,0.9999997615814209,1.0,0.0,0.0,0.0
2,1,0.0,0.0,1.0,0.8333331942558289,0.49999991059303284,0.166666641831398
1,2,0.49999987500003124,0.9999995231628418,0.2500001249999375,0.9999997615814209,0.49999988079071045,0.7499998211860657
1,2,0.49999987500003124,0.9999995231628418,0.2500001249999375,0.19999995827674866,0.7999998331069946,0.19999995827674866
2,1,0.0,0.0,1.0,0.8571427464485168,0.2857142388820648,0.7142856121063232
2,1,0.0,0.0,1.0,0.5714284777641296,0.8571427464485168,0.2857142388820648
3,1,0.49999987500003124,0.9999995231628418,0.2500001249999375,0.0,0.0,0.0
1,2,0.0,0.0,1.0,0.7142856121063232,0.5714284777641296,0.5714284777641296
2,1,0.49999987500003124,0.9999995231628418,0.2500001249999375,0.9999990463256836,0.9999990463256836,0.9999990463256836
2,1,0.49999987500003124,0.9999995231628418,0.2500001249999375,0.9999998211860657,0.19999995827674866,0.3999999165534973
1,2,0.49999987500003124,0.9999995231628418,0.2500001249999375,0.9999997615814209,0.24999994039535522,0.7499998211860657
1,2,0.49999987500003124,0.6666664481163025,0.2500001249999375,0.7999998331069946,0.5999999046325684,0.7999998331069946
2,1,0.7499998125000469,0.33333322405815125,0.3333333888888703,0.9999997019767761,0.33333322405815125,0.6666664481163025
2,1,0.0,0.9999995231628418,1.0,0.7499998211860657,0.49999988079071045,0.49999988079071045
2,1,0.49999987500003124,0.6666664481163025,0.2500001249999375,0.7999998331069946,0.5999999046325684,0.19999995827674866
2,1,0.49999987500003124,0.6666664481163025,0.5000001249999375,0.9999990463256836,0.0,0.9999990463256836
2,1,0.7499998125000469,0.49999988079071045,0.5000000456214295,0.6363635659217834,0.6363635659217834,0.3636363446712494
2,1,0.0,0.9999997019767761,1.0,0.9999990463256836,0.9999990463256836,0.9999990463256836
2,1,0.49999987500003124,0.33333322405815125,0.5000001249999375,0.6999999284744263,0.4999999403953552,0.3999999761581421
2,1,0.0,0.9999997019767761,1.0,0.666666567325592,0.7777776718139648,0.333333283662796
3,1,0.49999987500003124,0.7499998211860657,0.5000001249999375,0.0,0.0,0.0
2,1,0.0,0.9999997019767761,1.0,0.9999998211860657,0.666666567325592,0.8333331942558289
3,1,0.49999987500003124,0.33333322405815125,0.2500001249999375,0.0,0.0,0.0
2,1,0.0,0.9999997019767761,1.0,0.7999998331069946,0.5999999046325684,0.3999999165534973
3,1,0.49999987500003124,0.7499998211860657,0.2500001249999375,0.0,0.0,0.0
2,1,0.0,0.9999997019767761,1.0,0.9999997019767761,0.0,0.6666664481163025
2,1,0.49999987500003124,0.9999997615814209,0.2500001249999375,0.9999998211860657,0.49999991059303284,0.333333283662796
1,2,0.0,0.9999995231628418,1.0,0.9999998211860657,0.8333331942558289,0.49999991059303284
4,1,0.49999987500003124,0.0,0.5000001249999375,0.0,0.0,0.0
1,2,0.9999997500000625,0.49999988079071045,0.2500000624999844,0.8749998807907104,0.4999999403953552,0.3749999701976776
1,1,0.7499998125000469,0.7499998211860657,0.6666667172551499,0.9999998807907104,0.8749998807907104,0.6249999403953552
1,2,0.0,0.9999995231628418,1.0,0.7499999403953552,0.7499999403953552,0.4999999403953552
2,1,0.0,0.9999995231628418,1.0,0.9999998211860657,0.3999999165534973,0.9999998211860657
2,1,0.49999987500003124,0.6666664481163025,0.2500001249999375,0.9999990463256836,0.9999990463256836,0.9999990463256836
2,1,0.0,0.9999995231628418,1.0,0.0,0.0,0.0
2,1,0.49999987500003124,0.0,0.5000001249999375,0.0,0.0,0.0
2,1,0.0,0.9999995231628418,1.0,0.9999995231628418,0.9999995231628418,0.9999995231628418
2,1,0.0,0.9999995231628418,1.0,0.7142856121063232,0.4285713732242584,0.4285713732242584
2,1,0.0,0.9999995231628418,1.0,0.9999995231628418,0.4999997615814209,0.9999995231628418
2,1,0.49999987500003124,0.0,0.2500001249999375,0.9999998211860657,0.3999999165534973,0.7999998331069946
2,1,0.0,0.9999995231628418,1.0,0.9999995231628418,0.0,0.9999995231628418
2,1,0.7499998125000469,0.24999994039535522,0.6666667172551499,0.9999995231628418,0.4999997615814209,0.9999995231628418
2,1,0.0,0.9999997615814209,1.0,0.33333322405815125,0.33333322405815125,0.0
2,1,0.49999987500003124,0.49999988079071045,0.5000001249999375,0.7499999403953552,0.6249999403953552,0.6249999403953552
2,1,0.49999987500003124,0.49999988079071045,0.2500001249999375,0.9999990463256836,0.9999990463256836,0.0
1,2,0.9999997500000625,0.0,0.5000000624999844,0.8571427464485168,0.5714284777641296,0.5714284777641296
2,1,0.49999987500003124,0.9999995231628418,0.5000001249999375,0.8461537957191467,0.615384578704834,0.4615384340286255
1,2,0.9999997500000625,0.9999997615814209,0.2500000624999844,0.6363635659217834,0.3636363446712494,0.3636363446712494
2,1,0.0,0.0,1.0,0.9999995231628418,0.0,0.9999995231628418
1,1,0.0,0.0,1.0,0.8749998807907104,0.3749999701976776,0.4999999403953552
2,1,0.49999987500003124,0.9999995231628418,0.2500001249999375,0.4999997615814209,0.0,0.4999997615814209
1,2,0.9999997500000625,0.9999997615814209,0.5000000312499921,0.4999999403953552,0.3749999701976776,0.4999999403953552
1,2,0.9999997500000625,0.9999997615814209,0.3750000624999844,0.9999998807907104,0.555555522441864,0.8888887763023376
1,2,0.49999987500003124,0.9999995231628418,0.2500001249999375,0.7272726893424988,0.5454545021057129,0.5454545021057129
2,1,0.49999987500003124,0.9999995231628418,0.5000001249999375,0.7499999403953552,0.6249999403953552,0.7499999403953552
1,2,0.7499998125000469,0.9999997019767761,0.6666667172551499,0.9090908169746399,0.6363635659217834,0.45454540848731995
2,1,0.49999987500003124,0.9999995231628418,0.2500001249999375,0.0,0.0,0.0
4,1,0.7499998125000469,0.9999997019767761,0.5000000456214295,0.0,0.0,0.0
2,1,0.7499998125000469,0.9999997019767761,0.6666667172551499,0.0,0.9999990463256836,0.0
2,1,0.0,0.0,1.0,0.9999998211860657,0.333333283662796,0.333333283662796
2,1,0.0,0.0,1.0,0.0,0.0,0.0
2,1,0.9999997500000625,0.49999988079071045,0.5000000624999844,0.8333331942558289,0.49999991059303284,0.666666567325592
2,1,0.49999987500003124,0.6666664481163025,0.5000001249999375,0.6363635659217834,0.6363635659217834,0.45454540848731995
2,1,0.49999987500003124,0.6666664481163025,0.2500001249999375,0.8333331942558289,0.8333331942558289,0.49999991059303284
2,1,0.0,0.9999995231628418,1.0,0.9999997615814209,0.24999994039535522,0.7499998211860657
4,1,0.7499998125000469,0.7499998211860657,0.5000000456214295,0.0,0.0,0.0
2,1,0.49999987500003124,0.9999995231628418,0.2500001249999375,0.7142856121063232,0.1428571194410324,0.4285713732242584
1,2,0.0,0.0,1.0,0.9999998211860657,0.666666567325592,0.666666567325592
1,2,0.49999987500003124,0.9999995231628418,0.2500001249999375,0.8571427464485168,0.7142856121063232,0.5714284777641296
1,2,0.49999987500003124,0.9999995231628418,0.2500001249999375,0.8333331942558289,0.49999991059303284,0.49999991059303284
2,1,0.49999987500003124,0.9999995231628418,0.2500001249999375,0.9999997019767761,0.33333322405815125,0.6666664481163025
3,1,0.49999987500003124,0.33333322405815125,0.2500001249999375,0.0,0.0,0.0
4,1,0.0,0.9999997019767761,1.0,0.0,0.0,0.0
2,1,0.0,0.9999997019767761,1.0,0.7142856121063232,0.8571427464485168,0.5714284777641296
1,2,0.0,0.9999997019767761,1.0,0.9999999403953552,0.6363635659217834,0.6363635659217834
2,1,0.7499998125000469,0.49999988079071045,0.6666667172551499,0.9999997615814209,0.49999988079071045,0.49999988079071045
1,2,0.49999987500003124,0.49999988079071045,0.5000001249999375,0.8571427464485168,0.7142856121063232,0.7142856121063232
2,1,0.7499998125000469,0.24999994039535522,0.5000000456214295,0.7142856121063232,0.4285713732242584,0.8571427464485168
1,2,0.49999987500003124,0.49999988079071045,0.5000001249999375,0.8571427464485168,0.5714284777641296,0.8571427464485168
1,2,0.49999987500003124,0.49999988079071045,0.5000001249999375,0.7499999403953552,0.3749999701976776,0.6249999403953552
1,2,0.0,0.9999997615814209,1.0,0.7999998331069946,0.3999999165534973,0.5999999046325684
1,2,0.49999987500003124,0.6666664481163025,0.2500001249999375,0.714285671710968,0.5714285373687744,0.4999999701976776
2,1,0.49999987500003124,0.6666664481163025,0.5000001249999375,0.9999998807907104,0.3749999701976776,0.4999999403953552
2,1,0.49999987500003124,0.9999997615814209,0.5000001249999375,0.916666567325592,0.5833333134651184,0.5833333134651184
1,2,0.49999987500003124,0.0,0.5000001249999375,0.6923076510429382,0.5384615063667297,0.5384615063667297
2,1,0.7499998125000469,0.33333322405815125,0.5000000456214295,0.7777776718139648,0.666666567325592,0.4444443881511688
1,2,0.9999997500000625,0.49999988079071045,0.3750000624999844,0.9999998807907104,0.5714284777641296,0.4285713732242584
2,1,0.49999987500003124,0.6666664481163025,0.2500001249999375,0.9999995231628418,0.0,0.4999997615814209
1,2,0.0,0.9999995231628418,1.0,0.8333331942558289,0.49999991059303284,0.333333283662796
1,2,0.0,0.9999995231628418,1.0,0.5714284777641296,0.5714284777641296,0.2857142388820648
2,1,0.49999987500003124,0.6666664481163025,0.5000001249999375,0.9999997019767761,0.9999997019767761,0.9999997019767761
1,3,0.49999987500003124,0.0,0.5000001249999375,0.0,0.0,0.0
1,2,0.49999987500003124,0.6666664481163025,0.2500001249999375,0.9999997019767761,0.6666664481163025,0.33333322405815125
1,2,0.49999987500003124,0.6666664481163025,0.2500001249999375,0.9999995231628418,0.0,0.4999997615814209
1,2,0.0,0.9999995231628418,1.0,0.7499998211860657,0.49999988079071045,0.49999988079071045
1,2,0.0,0.9999995231628418,1.0,0.4999997615814209,0.9999995231628418,0.4999997615814209
1,2,0.7499998125000469,0.24999994039535522,0.5000000456214295,0.0,0.0,0.0
1,2,0.49999987500003124,0.49999988079071045,0.5000001249999375,0.49999988079071045,0.7499998211860657,0.49999988079071045
1,2,0.0,0.9999997615814209,1.0,0.9999997019767761,0.9999997019767761,0.6666664481163025
1,2,0.49999987500003124,0.49999988079071045,0.5000001249999375,0.33333322405815125,0.6666664481163025,0.33333322405815125
1,2,0.49999987500003124,0.49999988079071045,0.5000001249999375,0.33333322405815125,0.6666664481163025,0.33333322405815125
1,2,0.49999987500003124,0.6666664481163025,0.5000001249999375,0.7499998211860657,0.7499998211860657,0.49999988079071045
2,1,0.49999987500003124,0.0,0.2500001249999375,0.3999999165534973,0.7999998331069946,0.3999999165534973
1,2,0.49999987500003124,0.9999997615814209,0.5000001249999375,0.9999990463256836,0.9999990463256836,0.9999990463256836
2,1,0.7499998125000469,0.7499998211860657,0.6666667172551499,0.7999998331069946,0.9999998211860657,0.7999998331069946
1,2,0.0,0.9999995231628418,1.0,0.9999998211860657,0.3999999165534973,0.5999999046325684
1,2,0.0,0.9999995231628418,1.0,0.7777776718139648,0.666666567325592,0.555555522441864
1,2,0.7499998125000469,0.7499998211860657,0.5000000456214295,0.7499998211860657,0.9999997615814209,0.24999994039535522
1,2,0.49999987500003124,0.9999997615814209,0.5000001249999375,0.9999998211860657,0.19999995827674866,0.5999999046325684
1,2,0.49999987500003124,0.6666664481163025,0.5000001249999375,0.9999998807907104,0.8571427464485168,0.5714284777641296
2,1,0.0,0.9999995231628418,1.0,0.7777776718139648,0.555555522441864,0.666666567325592
2,1,0.0,0.9999995231628418,1.0,0.8999999165534973,0.4999999403953552,0.7999999523162842
1,2,0.49999987500003124,0.9999997615814209,0.2500001249999375,0.5999999046325684,0.5999999046325684,0.5999999046325684
1,2,0.49999987500003124,0.6666664481163025,0.2500001249999375,0.7499999403953552,0.8749998807907104,0.3749999701976776
1,2,0.49999987500003124,0.6666664481163025,0.5000001249999375,0.555555522441864,0.555555522441864,0.0
1,2,0.0,0.9999995231628418,1.0,0.555555522441864,0.666666567325592,0.555555522441864
2,1,0.0,0.9999995231628418,1.0,0.7999998331069946,0.7999998331069946,0.5999999046325684
1,1,0.49999987500003124,0.6666664481163025,0.2500001249999375,0.9090908169746399,0.27272725105285645,0.6363635659217834
4,1,0.49999987500003124,0.6666664481163025,0.5000001249999375,0.0,0.0,0.0
2,1,0.0,0.9999995231628418,1.0,0.8333331942558289,0.8333331942558289,0.666666567325592
3,1,0.49999987500003124,0.6666664481163025,0.2500001249999375,0.0,0.0,0.0
1,2,0.9999997500000625,0.0,0.2500000624999844,0.49999988079071045,0.9999997615814209,0.24999994039535522
2,1,0.49999987500003124,0.49999988079071045,0.2500001249999375,0.9999998211860657,0.666666567325592,0.8333331942558289
1,2,0.0,0.9999997615814209,1.0,0.9999997615814209,0.7499998211860657,0.7499998211860657
2,1,0.0,0.9999997615814209,1.0,0.49999991059303284,0.8333331942558289,0.49999991059303284
1,2,0.0,0.9999997615814209,1.0,0.9999997615814209,0.49999988079071045,0.9999997615814209
1,2,0.0,0.9999997615814209,1.0,0.9999990463256836,0.0,0.9999990463256836
1,2,0.0,0.9999997615814209,1.0,0.9999997615814209,0.49999988079071045,0.24999994039535522
1,2,0.49999987500003124,0.49999988079071045,0.2500001249999375,0.9999997019767761,0.33333322405815125,0.6666664481163025
1,2,0.49999987500003124,0.49999988079071045,0.2500001249999375,0.9999990463256836,0.9999990463256836,0.9999990463256836
2,1,0.49999987500003124,0.49999988079071045,0.2500001249999375,0.0,0.0,0.0
1,2,0.7499998125000469,0.33333322405815125,0.6666667172551499,0.9999995231628418,0.4999997615814209,0.4999997615814209
1,2,0.7499998125000469,0.7499998211860657,0.6666667172551499,0.6666664481163025,0.6666664481163025,0.9999997019767761
1,2,0.7499998125000469,0.7499998211860657,0.6666667172551499,0.9999998807907104,0.333333283662796,0.7777776718139648
1,3,0.49999987500003124,0.0,0.2500001249999375,0.0,0.0,0.0
1,3,0.49999987500003124,0.9999997615814209,0.2500001249999375,0.0,0.0,0.0
2,1,0.7499998125000469,0.7499998211860657,0.5000000456214295,0.8888887763023376,0.333333283662796,0.555555522441864
2,1,0.49999987500003124,0.9999997615814209,0.2500001249999375,0.7499998211860657,0.49999988079071045,0.49999988079071045
1,2,0.49999987500003124,0.9999997615814209,0.2500001249999375,0.9999998211860657,0.666666567325592,0.8333331942558289
2,1,0.49999987500003124,0.6666664481163025,0.2500001249999375,0.9999998807907104,0.7777776718139648,0.666666567325592
2,1,0.49999987500003124,0.6666664481163025,0.2500001249999375,0.555555522441864,0.7777776718139648,0.333333283662796
2,1,0.49999987500003124,0.9999997615814209,0.2500001249999375,0.9999995231628418,0.0,0.4999997615814209
2,1,0.49999987500003124,0.9999997615814209,0.2500001249999375,0.6666664481163025,0.33333322405815125,0.33333322405815125
2,1,0.49999987500003124,0.6666664481163025,0.2500001249999375,0.49999988079071045,0.7499998211860657,0.24999994039535522
3,1,0.49999987500003124,0.9999997615814209,0.5000001249999375,0.0,0.0,0.0
2,1,0.49999987500003124,0.6666664481163025,0.2500001249999375,0.9999995231628418,0.9999995231628418,0.4999997615814209
1,2,0.0,0.9999995231628418,1.0,0.8571427464485168,0.8571427464485168,0.4285713732242584
1,2,0.0,0.9999995231628418,1.0,0.3999999165534973,0.5999999046325684,0.19999995827674866
2,1,0.49999987500003124,0.6666664481163025,0.5000001249999375,0.6249999403953552,0.4999999403953552,0.3749999701976776
1,2,0.7499998125000469,0.7499998211860657,0.6666667172551499,0.7142856121063232,0.7142856121063232,0.2857142388820648
2,1,0.0,0.9999995231628418,1.0,0.7999998331069946,0.9999998211860657,0.5999999046325684
1,2,0.49999987500003124,0.9999995231628418,0.5000001249999375,0.49999988079071045,0.7499998211860657,0.24999994039535522
1,2,0.49999987500003124,0.9999995231628418,0.5000001249999375,0.0,0.0,0.0
1,2,0.7499998125000469,0.9999997019767761,0.6666667172551499,0.9999997019767761,0.33333322405815125,0.6666664481163025
1,2,0.0,0.0,1.0,0.9999990463256836,0.0,0.9999990463256836
1,2,0.49999987500003124,0.9999995231628418,0.5000001249999375,0.0,0.0,0.0
2,1,0.0,0.9999995231628418,1.0,0.4999997615814209,0.4999997615814209,0.9999995231628418
1,2,0.49999987500003124,0.6666664481163025,0.5000001249999375,0.7777776718139648,0.4444443881511688,0.666666567325592
2,1,0.7499998125000469,0.33333322405815125,0.6666667172551499,0.7999998331069946,0.3999999165534973,0.3999999165534973
1,1,0.7499998125000469,0.7499998211860657,0.5000000456214295,0.555555522441864,0.666666567325592,0.333333283662796
3,1,0.49999987500003124,0.6666664481163025,0.5000001249999375,0.0,0.0,0.0
2,1,0.0,0.9999995231628418,1.0,0.7999999523162842,0.4999999403953552,0.4999999403953552
4,1,0.49999987500003124,0.9999997615814209,0.2500001249999375,0.0,0.0,0.0
2,1,0.0,0.9999995231628418,1.0,0.9999990463256836,0.9999990463256836,0.0
8,1,0.0,0.9999995231628418,1.0,0.0,0.0,0.0
2,1,0.0,0.9999995231628418,1.0,0.8333331942558289,0.666666567325592,0.666666567325592
1,2,0.9999997500000625,0.9999997615814209,0.5000000624999844,0.7499998211860657,0.9999997615814209,0.7499998211860657
1,2,0.9999997500000625,0.9999997615814209,0.6250000312499921,0.0,0.0,0.0
2,1,0.9999997500000625,0.9999997615814209,0.3750000624999844,0.7999998331069946,0.3999999165534973,0.3999999165534973
1,2,0.7499998125000469,0.9999997019767761,0.6666667172551499,0.33333322405815125,0.33333322405815125,0.0
2,1,0.0,0.0,1.0,0.9999997615814209,0.49999988079071045,0.49999988079071045
1,2,0.0,0.0,1.0,0.9999997019767761,0.6666664481163025,0.6666664481163025
1,2,0.49999987500003124,0.9999995231628418,0.2500001249999375,0.33333322405815125,0.33333322405815125,0.0
1,3,0.9999997500000625,0.9999997615814209,0.5000000624999844,0.0,0.0,0.0
1,2,0.49999987500003124,0.9999995231628418,0.2500001249999375,0.7999998331069946,0.5999999046325684,0.5999999046325684
1,2,0.0,0.0,1.0,0.0,0.0,0.0
1,2,0.49999987500003124,0.6666664481163025,0.5000001249999375,0.8461537957191467,0.4615384340286255,0.38461536169052124
1,2,0.49999987500003124,0.6666664481163025,0.5000001249999375,0.8461537957191467,0.6923076510429382,0.5384615063667297
2,1,0.0,0.9999995231628418,1.0,0.3999999165534973,0.3999999165534973,0.19999995827674866
2,1,0.0,0.9999995231628418,1.0,0.8749998807907104,0.3749999701976776,0.2499999701976776
1,2,0.0,0.9999995231628418,1.0,0.923076868057251,0.5384615063667297,0.307692289352417
1,2,0.49999987500003124,0.6666664481163025,0.2500001249999375,0.8333331942558289,0.8333331942558289,0.666666567325592
1,2,0.7499998125000469,0.7499998211860657,0.6666667172551499,0.7499998211860657,0.9999997615814209,0.7499998211860657
1,1,0.0,0.9999995231628418,1.0,0.8333331942558289,0.333333283662796,0.666666567325592
1,2,0.49999987500003124,0.9999997615814209,0.2500001249999375,0.7999998331069946,0.7999998331069946,0.5999999046325684
2,1,0.0,0.9999995231628418,1.0,0.9999998211860657,0.3999999165534973,0.3999999165534973
1,2,0.49999987500003124,0.9999995231628418,0.5000001249999375,0.0,0.0,0.0
1,2,0.0,0.0,1.0,0.9999997019767761,0.9999997019767761,0.9999997019767761
2,1,0.0,0.0,1.0,0.7999998331069946,0.5999999046325684,0.5999999046325684
1,1,0.9999997500000625,0.9999997615814209,0.2500000624999844,0.7999998331069946,0.3999999165534973,0.7999998331069946
1,2,0.9999997500000625,0.9999997615814209,0.5000000624999844,0.0,0.0,0.0
1,2,0.0,0.0,1.0,0.5999999046325684,0.5999999046325684,0.5999999046325684
1,1,0.49999987500003124,0.9999995231628418,0.5000001249999375,0.9999998211860657,0.5999999046325684,0.3999999165534973
1,2,0.49999987500003124,0.9999995231628418,0.2500001249999375,0.9999997615814209,0.49999988079071045,0.49999988079071045
2,1,0.0,0.0,1.0,0.49999988079071045,0.49999988079071045,0.49999988079071045
1,2,0.49999987500003124,0.9999995231628418,0.5000001249999375,0.9999990463256836,0.9999990463256836,0.9999990463256836
1,2,0.49999987500003124,0.9999995231628418,0.2500001249999375,0.5714284777641296,0.7142856121063232,0.5714284777641296
1,2,0.49999987500003124,0.9999995231628418,0.2500001249999375,0.9999998211860657,0.7999998331069946,0.7999998331069946
1,2,0.49999987500003124,0.9999995231628418,0.2500001249999375,0.9999998211860657,0.5999999046325684,0.5999999046325684
1,2,0.0,0.0,1.0,0.5714284777641296,0.7142856121063232,0.2857142388820648
1,2,0.0,0.0,1.0,0.8571427464485168,0.2857142388820648,0.8571427464485168
2,1,0.49999987500003124,0.9999995231628418,0.5000001249999375,0.9999995231628418,0.9999995231628418,0.9999995231628418
1,2,0.49999987500003124,0.9999995231628418,0.2500001249999375,0.8181817531585693,0.3636363446712494,0.8181817531585693
1,2,0.49999987500003124,0.9999995231628418,0.2500001249999375,0.8571427464485168,0.7142856121063232,0.5714284777641296
1,2,0.7499998125000469,0.9999997019767761,0.3333333888888703,0.666666567325592,0.666666567325592,0.333333283662796
2,1,0.7499998125000469,0.9999997019767761,0.3333333888888703,0.8333331942558289,0.666666567325592,0.8333331942558289
2,1,0.7499998125000469,0.24999994039535522,0.3333333888888703,0.666666567325592,0.4444443881511688,0.333333283662796
2,1,0.49999987500003124,0.49999988079071045,0.2500001249999375,0.49999988079071045,0.7499998211860657,0.49999988079071045
2,1,0.49999987500003124,0.49999988079071045,0.5000001249999375,0.9999995231628418,0.9999995231628418,0.9999995231628418
3,1,0.49999987500003124,0.49999988079071045,0.2500001249999375,0.0,0.0,0.0
3,1,0.0,0.9999997615814209,1.0,0.0,0.0,0.0
2,1,0.0,0.9999997615814209,1.0,0.7499998211860657,0.7499998211860657,0.49999988079071045
2,1,0.49999987500003124,0.49999988079071045,0.5000001249999375,0.7999999523162842,0.5999999642372131,0.5999999642372131
2,1,0.0,0.9999997615814209,1.0,0.9999990463256836,0.0,0.0
2,1,0.7499998125000469,0.24999994039535522,0.3333333888888703,0.27272725105285645,0.9999999403953552,0.09090908616781235
3,1,0.0,0.9999997615814209,1.0,0.0,0.0,0.0
1,2,0.49999987500003124,0.49999988079071045,0.2500001249999375,0.8571428060531616,0.357142835855484,0.4999999701976776
2,1,0.0,0.9999997615814209,1.0,0.0,0.0,0.0
2,1,0.9999997500000625,0.0,0.2500000624999844,0.9999990463256836,0.0,0.0
6,1,0.49999987500003124,0.49999988079071045,0.2500001249999375,0.0,0.0,0.0
2,1,0.7499998125000469,0.24999994039535522,0.5000000456214295,0.6363635659217834,0.5454545021057129,0.45454540848731995
2,1,0.7499998125000469,0.7499998211860657,0.5000000456214295,0.8749998807907104,0.3749999701976776,0.4999999403953552
2,1,0.0,0.9999995231628418,1.0,0.8333331942558289,0.49999991059303284,0.333333283662796
3,1,0.0,0.9999995231628418,1.0,0.0,0.0,0.0
2,1,0.9999997500000625,0.49999988079071045,0.5000000624999844,0.7499999403953552,0.6249999403953552,0.3749999701976776
2,1,0.49999987500003124,0.6666664481163025,0.2500001249999375,0.9999998807907104,0.3749999701976776,0.7499999403953552
2,1,0.49999987500003124,0.6666664481163025,0.2500001249999375,0.6363635659217834,0.45454540848731995,0.1818181723356247
2,1,0.0,0.9999995231628418,1.0,0.9333332777023315,0.5333333015441895,0.6666666269302368
5,1,0.7499998125000469,0.33333322405815125,0.5000000456214295,0.0,0.0,0.0
4,1,0.9999997500000625,0.49999988079071045,0.5000000624999844,0.0,0.0,0.0
2,1,0.49999987500003124,0.6666664481163025,0.5000001249999375,0.9999998211860657,0.666666567325592,0.49999991059303284
2,1,0.49999987500003124,0.49999988079071045,0.2500001249999375,0.0,0.0,0.0
2,1,0.0,0.9999997615814209,1.0,0.7999998331069946,0.5999999046325684,0.3999999165534973
2,1,0.49999987500003124,0.49999988079071045,0.2500001249999375,0.4999997615814209,0.4999997615814209,0.4999997615814209
2,1,0.49999987500003124,0.49999988079071045,0.2500001249999375,0.9999990463256836,0.9999990463256836,0.9999990463256836
2,1,0.7499998125000469,0.24999994039535522,0.5000000456214295,0.9999990463256836,0.9999990463256836,0.9999990463256836
3,1,0.49999987500003124,0.6666664481163025,0.2500001249999375,0.0,0.0,0.0
4,1,0.49999987500003124,0.6666664481163025,0.2500001249999375,0.0,0.0,0.0
2,1,0.0,0.9999995231628418,1.0,0.7499999403953552,0.6249999403953552,0.2499999701976776
2,1,0.49999987500003124,0.6666664481163025,0.5000001249999375,0.6363635659217834,0.3636363446712494,0.5454545021057129
2,1,0.49999987500003124,0.6666664481163025,0.2500001249999375,0.7499998211860657,0.49999988079071045,0.49999988079071045
3,1,0.49999987500003124,0.6666664481163025,0.2500001249999375,0.0,0.0,0.0
2,1,0.0,0.9999995231628418,1.0,0.9999990463256836,0.9999990463256836,0.9999990463256836
2,1,0.7499998125000469,0.7499998211860657,0.5000000456214295,0.4999997615814209,0.9999995231628418,0.4999997615814209
2,1,0.49999987500003124,0.6666664481163025,0.2500001249999375,0.7499998211860657,0.9999997615814209,0.49999988079071045
3,1,0.49999987500003124,0.6666664481163025,0.2500001249999375,0.0,0.0,0.0
1,2,0.49999987500003124,0.49999988079071045,0.2500001249999375,0.7142856121063232,0.7142856121063232,0.4285713732242584
2,1,0.9999997500000625,0.0,0.3750000624999844,0.0,0.0,0.0
2,1,0.0,0.9999997615814209,1.0,0.9999998807907104,0.666666567325592,0.7777776718139648
2,1,0.7499998125000469,0.24999994039535522,0.6666667172551499,0.0,0.9999990463256836,0.0
2,1,0.49999987500003124,0.49999988079071045,0.2500001249999375,0.9999990463256836,0.0,0.9999990463256836
2,1,0.49999987500003124,0.0,0.2500001249999375,0.8999999165534973,0.4999999403953552,0.5999999642372131
1,1,0.7499998125000469,0.33333322405815125,0.5000000456214295,0.6923076510429382,0.307692289352417,0.5384615063667297
2,1,0.49999987500003124,0.0,0.5000001249999375,0.5454545021057129,0.7272726893424988,0.3636363446712494
2,1,0.49999987500003124,0.6666664481163025,0.2500001249999375,0.8888887763023376,0.333333283662796,0.555555522441864
2,1,0.0,0.9999995231628418,1.0,0.6363635659217834,0.9090908169746399,0.45454540848731995
1,2,0.0,0.9999997615814209,1.0,0.8571427464485168,0.7142856121063232,0.7142856121063232
1,2,0.49999987500003124,0.49999988079071045,0.5000001249999375,0.4285713732242584,0.5714284777641296,0.2857142388820648
2,1,0.0,0.9999997615814209,1.0,0.8333331942558289,0.8333331942558289,0.333333283662796
2,1,0.0,0.9999997615814209,1.0,0.8333331942558289,0.8333331942558289,0.333333283662796
2,1,0.9999997500000625,0.0,0.5000000624999844,0.6666664481163025,0.6666664481163025,0.33333322405815125
3,1,0.49999987500003124,0.9999995231628418,0.2500001249999375,0.0,0.0,0.0
2,1,0.49999987500003124,0.9999995231628418,0.2500001249999375,0.666666567325592,0.333333283662796,0.166666641831398
2,1,0.7499998125000469,0.9999997019767761,0.6666667172551499,0.8333331942558289,0.8333331942558289,0.666666567325592
1,1,0.49999987500003124,0.9999995231628418,0.2500001249999375,0.9999998807907104,0.4999999403953552,0.8749998807907104
2,1,0.7499998125000469,0.9999997019767761,0.3333333888888703,0.9999998211860657,0.49999991059303284,0.666666567325592
3,1,0.7499998125000469,0.33333322405815125,0.5000000456214295,0.0,0.0,0.0
1,2,0.9999997500000625,0.49999988079071045,0.7500000312499921,0.9999995231628418,0.9999995231628418,0.9999995231628418
2,1,0.0,0.9999995231628418,1.0,0.9999990463256836,0.0,0.9999990463256836
2,1,0.0,0.9999995231628418,1.0,0.5999999046325684,0.3999999165534973,0.3999999165534973
2,1,0.49999987500003124,0.0,0.5000001249999375,0.8571427464485168,0.2857142388820648,0.1428571194410324
1,2,0.0,0.9999995231628418,1.0,0.4999999403953552,0.4999999403953552,0.4999999403953552
2,1,0.7499998125000469,0.33333322405815125,0.6666667172551499,0.9999995231628418,0.4999997615814209,0.9999995231628418
2,1,0.49999987500003124,0.6666664481163025,0.5000001249999375,0.7777776718139648,0.4444443881511688,0.333333283662796
2,1,0.49999987500003124,0.6666664481163025,0.2500001249999375,0.9999990463256836,0.9999990463256836,0.9999990463256836
2,1,0.7499998125000469,0.7499998211860657,0.5000000456214295,0.8333331942558289,0.8333331942558289,0.666666567325592
6,1,0.0,0.9999995231628418,1.0,0.0,0.0,0.0
1,2,0.49999987500003124,0.6666664481163025,0.5000001249999375,0.8333331942558289,0.49999991059303284,0.666666567325592
5,1,0.49999987500003124,0.6666664481163025,0.5000001249999375,0.0,0.0,0.0
2,1,0.9999997500000625,0.49999988079071045,0.6250000312499921,0.9999998807907104,0.4285713732242584,0.7142856121063232
2,1,0.0,0.9999995231628418,1.0,0.9999997615814209,0.49999988079071045,0.49999988079071045
2,1,0.7499998125000469,0.33333322405815125,0.6666667172551499,0.6666664481163025,0.33333322405815125,0.6666664481163025
1,2,0.7499998125000469,0.33333322405815125,0.5000000456214295,0.6249999403953552,0.3749999701976776,0.2499999701976776
2,1,0.9999997500000625,0.49999988079071045,0.5000000624999844,0.7142856121063232,0.5714284777641296,0.5714284777641296
2,1,0.49999987500003124,0.6666664481163025,0.5000001249999375,0.7499998211860657,0.9999997615814209,0.24999994039535522
2,1,0.0,0.9999995231628418,1.0,0.9999990463256836,0.0,0.9999990463256836
1,2,0.0,0.9999997615814209,1.0,0.7777776718139648,0.4444443881511688,0.4444443881511688
1,2,0.0,0.9999997615814209,1.0,0.9999998211860657,0.8333331942558289,0.666666567325592
1,2,0.0,0.9999997615814209,1.0,0.666666567325592,0.49999991059303284,0.333333283662796
1,2,0.49999987500003124,0.49999988079071045,0.2500001249999375,0.8333331942558289,0.49999991059303284,0.49999991059303284
1,2,0.0,0.9999997615814209,1.0,0.7142856121063232,0.7142856121063232,0.5714284777641296
2,1,0.49999987500003124,0.9999995231628418,0.2500001249999375,0.4999997615814209,0.9999995231628418,0.0
2,1,0.49999987500003124,0.9999995231628418,0.5000001249999375,0.33333322405815125,0.6666664481163025,0.33333322405815125
1,2,0.0,0.0,1.0,0.666666567325592,0.49999991059303284,0.666666567325592
2,1,0.49999987500003124,0.9999995231628418,0.2500001249999375,0.4999997615814209,0.4999997615814209,0.0
2,1,0.7499998125000469,0.9999997019767761,0.6666667172551499,0.4285713732242584,0.9999998807907104,0.2857142388820648
2,1,0.0,0.9999997615814209,1.0,0.9999998807907104,0.0,0.7499999403953552
1,1,0.49999987500003124,0.49999988079071045,0.5000001249999375,0.555555522441864,0.666666567325592,0.2222221940755844
1,2,0.9999997500000625,0.0,0.3750000624999844,0.8333331942558289,0.49999991059303284,0.166666641831398
1,2,0.49999987500003124,0.49999988079071045,0.5000001249999375,0.7499999403953552,0.6249999403953552,0.6249999403953552
2,1,0.49999987500003124,0.49999988079071045,0.5000001249999375,0.4999999403953552,0.4999999403953552,0.3749999701976776
2,1,0.0,0.9999997615814209,1.0,0.9999998211860657,0.5999999046325684,0.3999999165534973
2,1,0.0,0.9999997615814209,1.0,0.4999997615814209,0.9999995231628418,0.4999997615814209
2,1,0.49999987500003124,0.49999988079071045,0.5000001249999375,0.9999998807907104,0.7142856121063232,0.7142856121063232
2,1,0.49999987500003124,0.49999988079071045,0.5000001249999375,0.9999995231628418,0.0,0.0
3,1,0.49999987500003124,0.49999988079071045,0.2500001249999375,0.0,0.0,0.0
2,1,0.7499998125000469,0.7499998211860657,0.5000000456214295,0.7499999403953552,0.8749998807907104,0.2499999701976776
2,1,0.0,0.9999995231628418,1.0,0.7499998211860657,0.9999997615814209,0.24999994039535522
2,1,0.49999987500003124,0.9999997615814209,0.2500001249999375,0.9999990463256836,0.9999990463256836,0.9999990463256836
2,1,0.49999987500003124,0.0,0.5000001249999375,0.8749998807907104,0.9999998807907104,0.6249999403953552
2,1,0.49999987500003124,0.9999997615814209,0.5000001249999375,0.916666567325592,0.4166666269302368,0.4999999701976776
2,1,0.9999997500000625,0.49999988079071045,0.3750000624999844,0.7499998211860657,0.9999997615814209,0.7499998211860657
2,1,0.49999987500003124,0.6666664481163025,0.5000001249999375,0.49999988079071045,0.24999994039535522,0.24999994039535522
1,2,0.0,0.9999995231628418,1.0,0.4285713732242584,0.7142856121063232,0.4285713732242584
2,1,0.49999987500003124,0.6666664481163025,0.2500001249999375,0.8333331942558289,0.666666567325592,0.49999991059303284
1,2,0.49999987500003124,0.6666664481163025,0.5000001249999375,0.9999998807907104,0.6249999403953552,0.7499999403953552
2,1,0.7499998125000469,0.33333322405815125,0.5000000456214295,0.49999991059303284,0.666666567325592,0.333333283662796
2,1,0.49999987500003124,0.9999997615814209,0.5000001249999375,0.4999999403953552,0.7499999403953552,0.3749999701976776
2,1,0.7499998125000469,0.7499998211860657,0.6666667172551499,0.6363635659217834,0.7272726893424988,0.45454540848731995
2,1,0.49999987500003124,0.6666664481163025,0.5000001249999375,0.3999999165534973,0.9999998211860657,0.19999995827674866
2,1,0.49999987500003124,0.9999997615814209,0.5000001249999375,0.0,0.0,0.0
2,1,0.0,0.9999995231628418,1.0,0.0,0.0,0.0
2,1,0.0,0.9999995231628418,1.0,0.8571427464485168,0.5714284777641296,0.2857142388820648
3,1,0.0,0.9999995231628418,1.0,0.0,0.0,0.0
2,1,0.9999997500000625,0.49999988079071045,0.5000000624999844,0.4999997615814209,0.9999995231628418,0.4999997615814209
2,1,0.49999987500003124,0.6666664481163025,0.2500001249999375,0.0,0.0,0.0
2,1,0.0,0.9999995231628418,1.0,0.5714284777641296,0.4285713732242584,0.1428571194410324
2,1,0.0,0.9999995231628418,1.0,0.8571427464485168,0.4285713732242584,0.5714284777641296
2,1,0.49999987500003124,0.0,0.2500001249999375,0.9999995231628418,0.4999997615814209,0.9999995231628418
3,1,0.7499998125000469,0.7499998211860657,0.5000000456214295,0.0,0.0,0.0
1,2,0.49999987500003124,0.6666664481163025,0.2500001249999375,0.4999999403953552,0.7499999403953552,0.3749999701976776
1,2,0.9999997500000625,0.49999988079071045,0.3750000624999844,0.9999998807907104,0.666666567325592,0.555555522441864
1,2,0.49999987500003124,0.9999997615814209,0.2500001249999375,0.7999999523162842,0.3999999761581421,0.3999999761581421
1,2,0.49999987500003124,0.6666664481163025,0.5000001249999375,0.7777776718139648,0.555555522441864,0.2222221940755844
2,1,0.49999987500003124,0.6666664481163025,0.2500001249999375,0.7499998211860657,0.49999988079071045,0.49999988079071045
1,2,0.0,0.9999995231628418,1.0,0.7777776718139648,0.666666567325592,0.555555522441864
2,1,0.7499998125000469,0.7499998211860657,0.6666667172551499,0.49999988079071045,0.7499998211860657,0.49999988079071045
2,1,0.49999987500003124,0.6666664481163025,0.2500001249999375,0.7142856121063232,0.7142856121063232,0.5714284777641296
1,2,0.7499998125000469,0.33333322405815125,0.6666667172551499,0.8749998807907104,0.7499999403953552,0.6249999403953552
2,1,0.0,0.9999995231628418,1.0,0.9999990463256836,0.0,0.9999990463256836
3,1,0.49999987500003124,0.9999997615814209,0.5000001249999375,0.0,0.0,0.0
4,1,0.49999987500003124,0.33333322405815125,0.5000001249999375,0.0,0.0,0.0
1,1,0.0,0.9999997019767761,1.0,0.9999998807907104,0.7499999403953552,0.4999999403953552
2,1,0.49999987500003124,0.7499998211860657,0.2500001249999375,0.49999988079071045,0.49999988079071045,0.24999994039535522
1,2,0.0,0.9999997019767761,1.0,0.7142856121063232,0.5714284777641296,0.5714284777641296
1,2,0.49999987500003124,0.33333322405815125,0.2500001249999375,0.9999998211860657,0.666666567325592,0.666666567325592
6,1,0.49999987500003124,0.6666664481163025,0.5000001249999375,0.0,0.0,0.0
2,1,0.0,0.9999995231628418,1.0,0.9999998211860657,0.7999998331069946,0.9999998211860657
2,1,0.0,0.9999995231628418,1.0,0.7499998211860657,0.49999988079071045,0.24999994039535522
2,1,0.9999997500000625,0.49999988079071045,0.7500000312499921,0.0,0.9999990463256836,0.0
1,2,0.0,0.9999995231628418,1.0,0.7499999403953552,0.6249999403953552,0.4999999403953552
2,1,0.0,0.9999995231628418,1.0,0.49999988079071045,0.49999988079071045,0.24999994039535522
3,1,0.0,0.9999995231628418,1.0,0.0,0.0,0.0
2,1,0.49999987500003124,0.6666664481163025,0.2500001249999375,0.8333331942558289,0.49999991059303284,0.333333283662796
2,1,0.49999987500003124,0.6666664481163025,0.5000001249999375,0.7777776718139648,0.555555522441864,0.4444443881511688
2,1,0.49999987500003124,0.9999997615814209,0.2500001249999375,0.0,0.0,0.0
2,1,0.0,0.9999995231628418,1.0,0.9999998211860657,0.666666567325592,0.333333283662796
2,1,0.9999997500000625,0.49999988079071045,0.3750000624999844,0.7499999403953552,0.2499999850988388,0.4166666269302368
2,1,0.49999987500003124,0.0,0.5000001249999375,0.9999998211860657,0.666666567325592,0.8333331942558289
2,1,0.0,0.9999995231628418,1.0,0.9999995231628418,0.4999997615814209,0.4999997615814209
2,1,0.0,0.9999995231628418,1.0,0.0,0.0,0.0
2,1,0.49999987500003124,0.6666664481163025,0.2500001249999375,0.9999990463256836,0.9999990463256836,0.9999990463256836
2,1,0.9999997500000625,0.49999988079071045,0.5000000624999844,0.9999990463256836,0.9999990463256836,0.9999990463256836
2,1,0.0,0.9999995231628418,1.0,0.4285713732242584,0.7142856121063232,0.1428571194410324
2,1,0.7499998125000469,0.7499998211860657,0.3333333888888703,0.4444443881511688,0.9999998807907104,0.333333283662796
3,1,0.7499998125000469,0.33333322405815125,0.6666667172551499,0.0,0.0,0.0
2,1,0.49999987500003124,0.0,0.2500001249999375,0.8749998807907104,0.7499999403953552,0.4999999403953552
2,1,0.49999987500003124,0.9999997615814209,0.5000001249999375,0.9999998807907104,0.4999999403953552,0.7499999403953552
2,1,0.49999987500003124,0.6666664481163025,0.2500001249999375,0.49999988079071045,0.7499998211860657,0.49999988079071045
2,1,0.9999997500000625,0.49999988079071045,0.5000000624999844,0.9999995231628418,0.9999995231628418,0.9999995231628418
2,1,0.0,0.9999995231628418,1.0,0.7499998211860657,0.24999994039535522,0.7499998211860657
2,1,0.49999987500003124,0.6666664481163025,0.2500001249999375,0.9999998807907104,0.6249999403953552,0.6249999403953552
2,1,0.49999987500003124,0.0,0.2500001249999375,0.7499999403953552,0.6249999403953552,0.3749999701976776
1,2,0.49999987500003124,0.6666664481163025,0.5000001249999375,0.5714284777641296,0.7142856121063232,0.5714284777641296
2,1,0.49999987500003124,0.0,0.5000001249999375,0.4999997615814209,0.4999997615814209,0.9999995231628418
2,1,0.0,0.9999995231628418,1.0,0.8749998807907104,0.3749999701976776,0.6249999403953552
2,1,0.0,0.9999997615814209,1.0,0.8749998807907104,0.6249999403953552,0.4999999403953552
2,1,0.49999987500003124,0.49999988079071045,0.5000001249999375,0.6249999403953552,0.9999998807907104,0.0
2,1,0.0,0.9999997615814209,1.0,0.7499999403953552,0.8749998807907104,0.1249999850988388
2,1,0.0,0.9999997615814209,1.0,0.7999998331069946,0.5999999046325684,0.5999999046325684
2,1,0.7499998125000469,0.24999994039535522,0.6666667172551499,0.9999990463256836,0.0,0.9999990463256836
3,1,0.49999987500003124,0.6666664481163025,0.2500001249999375,0.0,0.0,0.0
1,2,0.0,0.9999995231628418,1.0,0.8695651292800903,0.4782608151435852,0.7391303777694702
2,1,0.49999987500003124,0.9999997615814209,0.5000001249999375,0.0,0.0,0.0
1,2,0.0,0.9999995231628418,1.0,0.8124998807907104,0.7499999403953552,0.5624999403953552
1,2,0.49999987500003124,0.6666664481163025,0.5000001249999375,0.6999999284744263,0.6999999284744263,0.19999998807907104
1,2,0.49999987500003124,0.6666664481163025,0.5000001249999375,0.7142856121063232,0.5714284777641296,0.4285713732242584
2,1,0.49999987500003124,0.6666664481163025,0.2500001249999375,0.4999997615814209,0.4999997615814209,0.9999995231628418
2,1,0.7499998125000469,0.7499998211860657,0.6666667172551499,0.9999990463256836,0.9999990463256836,0.9999990463256836
1,2,0.49999987500003124,0.6666664481163025,0.2500001249999375,0.2857142388820648,0.7142856121063232,0.1428571194410324
1,2,0.7499998125000469,0.7499998211860657,0.6666667172551499,0.8571427464485168,0.4285713732242584,0.7142856121063232
2,1,0.9999997500000625,0.49999988079071045,0.3750000624999844,0.9374998807907104,0.6249999403953552,0.6249999403953552
2,1,0.49999987500003124,0.0,0.2500001249999375,0.7499999403953552,0.3749999701976776,0.7499999403953552
1,2,0.0,0.9999995231628418,1.0,0.7499999403953552,0.4999999403953552,0.6499999165534973
1,2,0.7499998125000469,0.7499998211860657,0.6666667172551499,0.684210479259491,0.9999998807907104,0.6315788626670837
4,1,0.9999997500000625,0.49999988079071045,0.5000000624999844,0.0,0.0,0.0
1,1,0.0,0.9999995231628418,1.0,0.4166666269302368,0.7499999403953552,0.4166666269302368
2,1,0.49999987500003124,0.6666664481163025,0.5000001249999375,0.6363635659217834,0.6363635659217834,0.5454545021057129
2,1,0.0,0.9999995231628418,1.0,0.666666567325592,0.666666567325592,0.8333331942558289
1,2,0.49999987500003124,0.6666664481163025,0.2500001249999375,0.9090908169746399,0.45454540848731995,0.6363635659217834
1,2,0.49999987500003124,0.6666664481163025,0.5000001249999375,0.7272726893424988,0.5454545021057129,0.3636363446712494
1,2,0.0,0.9999995231628418,1.0,0.6666666269302368,0.5333333015441895,0.5999999642372131
1,2,0.49999987500003124,0.9999997615814209,0.5000001249999375,0.7999999523162842,0.5999999642372131,0.3999999761581421
2,1,0.49999987500003124,0.6666664481163025,0.5000001249999375,0.7999998331069946,0.3999999165534973,0.7999998331069946
1,2,0.7499998125000469,0.33333322405815125,0.5000000456214295,0.7368420362472534,0.5263157486915588,0.6315788626670837
2,1,0.0,0.9999995231628418,1.0,0.8888887763023376,0.4444443881511688,0.7777776718139648
2,1,0.9999997500000625,0.49999988079071045,0.7500000312499921,0.9999999403953552,0.6428570747375488,0.9999999403953552
3,1,0.49999987500003124,0.6666664481163025,0.2500001249999375,0.0,0.0,0.0
1,2,0.9999997500000625,0.49999988079071045,0.5000000624999844,0.6666666269302368,0.6666666269302368,0.4999999701976776
2,1,0.7499998125000469,0.7499998211860657,0.6666667172551499,0.46666663885116577,0.7999999523162842,0.46666663885116577
2,1,0.7499998125000469,0.33333322405815125,0.3333333888888703,0.7857142090797424,0.5714285373687744,0.6428570747375488
2,1,0.9999997500000625,0.49999988079071045,0.3750000624999844,0.8666666150093079,0.8666666150093079,0.5999999642372131
2,1,0.7499998125000469,0.7499998211860657,0.6666667172551499,0.0,0.9999995231628418,0.0
3,1,0.9999997500000625,0.49999988079071045,0.5000000624999844,0.0,0.0,0.0
1,2,0.9999997500000625,0.49999988079071045,0.5000000624999844,0.7333332896232605,0.3333333134651184,0.7333332896232605
2,1,0.0,0.9999995231628418,1.0,0.666666567325592,0.49999991059303284,0.333333283662796
2,1,0.0,0.9999995231628418,1.0,0.33333322405815125,0.6666664481163025,0.0
2,1,0.9999997500000625,0.49999988079071045,0.5000000624999844,0.7272726893424988,0.6363635659217834,0.9999999403953552
2,1,0.9999997500000625,0.49999988079071045,0.5000000624999844,0.0,0.0,0.0
2,1,0.49999987500003124,0.6666664481163025,0.5000001249999375,0.7727271914482117,0.5454545021057129,0.6818181276321411
1,2,0.49999987500003124,0.6666664481163025,0.2500001249999375,0.9047618508338928,0.8571428060531616,0.714285671710968
2,1,0.49999987500003124,0.49999988079071045,0.2500001249999375,0.7999998331069946,0.7999998331069946,0.5999999046325684
1,2,0.0,0.9999997615814209,1.0,0.7499999403953552,0.7499999403953552,0.7499999403953552
2,1,0.49999987500003124,0.49999988079071045,0.5000001249999375,0.9999998211860657,0.666666567325592,0.666666567325592
2,1,0.49999987500003124,0.49999988079071045,0.5000001249999375,0.0,0.0,0.0
1,2,0.49999987500003124,0.49999988079071045,0.5000001249999375,0.4444443881511688,0.9999998807907104,0.333333283662796
2,1,0.49999987500003124,0.49999988079071045,0.5000001249999375,0.0,0.0,0.0
2,1,0.49999987500003124,0.49999988079071045,0.2500001249999375,0.9999995231628418,0.4999997615814209,0.9999995231628418
2,1,0.0,0.9999997615814209,1.0,0.9999995231628418,0.0,0.9999995231628418
1,2,0.0,0.9999997615814209,1.0,0.8333331942558289,0.49999991059303284,0.666666567325592
1,2,0.49999987500003124,0.49999988079071045,0.2500001249999375,0.666666567325592,0.8333331942558289,0.166666641831398
2,1,0.0,0.9999995231628418,1.0,0.5999999046325684,0.7999998331069946,0.5999999046325684
1,2,0.49999987500003124,0.0,0.5000001249999375,0.7999998331069946,0.3999999165534973,0.7999998331069946
1,2,0.49999987500003124,0.6666664481163025,0.5000001249999375,0.5999999046325684,0.5999999046325684,0.3999999165534973
1,3,0.0,0.9999995231628418,1.0,0.0,0.0,0.0
1,2,0.49999987500003124,0.6666664481163025,0.5000001249999375,0.6666664481163025,0.9999997019767761,0.33333322405815125
1,2,0.49999987500003124,0.49999988079071045,0.5000001249999375,0.6249999403953552,0.6249999403953552,0.3749999701976776
2,1,0.49999987500003124,0.49999988079071045,0.2500001249999375,0.5999999046325684,0.5999999046325684,0.19999995827674866
5,1,0.49999987500003124,0.49999988079071045,0.2500001249999375,0.0,0.0,0.0
2,1,0.7499998125000469,0.24999994039535522,0.6666667172551499,0.555555522441864,0.555555522441864,0.4444443881511688
2,1,0.49999987500003124,0.49999988079071045,0.5000001249999375,0.7142856121063232,0.5714284777641296,0.5714284777641296
2,1,0.49999987500003124,0.6666664481163025,0.2500001249999375,0.7999998331069946,0.3999999165534973,0.19999995827674866
2,1,0.0,0.9999995231628418,1.0,0.6923076510429382,0.615384578704834,0.4615384340286255
2,1,0.49999987500003124,0.6666664481163025,0.2500001249999375,0.9999998807907104,0.4285713732242584,0.5714284777641296
2,1,0.0,0.9999995231628418,1.0,0.8461537957191467,0.7692307233810425,0.7692307233810425
2,1,0.7499998125000469,0.7499998211860657,0.6666667172551499,0.7368420362472534,0.473684161901474,0.42105257511138916
2,1,0.0,0.9999997019767761,1.0,0.7999998331069946,0.5999999046325684,0.19999995827674866
1,2,0.49999987500003124,0.33333322405815125,0.5000001249999375,0.49999988079071045,0.49999988079071045,0.49999988079071045
2,1,0.49999987500003124,0.7499998211860657,0.2500001249999375,0.5999999046325684,0.19999995827674866,0.3999999165534973
5,1,0.49999987500003124,0.7499998211860657,0.2500001249999375,0.0,0.0,0.0
2,1,0.0,0.9999997019767761,1.0,0.9999997615814209,0.7499998211860657,0.7499998211860657
1,2,0.49999987500003124,0.0,0.2500001249999375,0.8333331942558289,0.8333331942558289,0.666666567325592
1,2,0.49999987500003124,0.6666664481163025,0.2500001249999375,0.49999991059303284,0.8333331942558289,0.49999991059303284
1,2,0.9999997500000625,0.49999988079071045,0.3750000624999844,0.9999998211860657,0.666666567325592,0.666666567325592
2,1,0.49999987500003124,0.6666664481163025,0.5000001249999375,0.5999999046325684,0.9999998211860657,0.19999995827674866
2,1,0.49999987500003124,0.9999997615814209,0.5000001249999375,0.24999994039535522,0.7499998211860657,0.7499998211860657
2,1,0.0,0.9999995231628418,1.0,0.7499998211860657,0.24999994039535522,0.49999988079071045
2,1,0.49999987500003124,0.6666664481163025,0.5000001249999375,0.9999990463256836,0.9999990463256836,0.0
2,1,0.0,0.9999995231628418,1.0,0.5999999046325684,0.19999995827674866,0.3999999165534973
1,2,0.49999987500003124,0.6666664481163025,0.5000001249999375,0.7142856121063232,0.5714284777641296,0.7142856121063232
1,2,0.0,0.9999995231628418,1.0,0.666666567325592,0.333333283662796,0.333333283662796
2,1,0.0,0.0,1.0,0.8181817531585693,0.6363635659217834,0.6363635659217834
2,1,0.0,0.0,1.0,0.0,0.0,0.0
2,1,0.49999987500003124,0.9999995231628418,0.5000001249999375,0.6363635659217834,0.6363635659217834,0.27272725105285645
1,2,0.49999987500003124,0.9999995231628418,0.5000001249999375,0.8999999165534973,0.6999999284744263,0.3999999761581421
1,2,0.49999987500003124,0.9999995231628418,0.2500001249999375,0.6666666269302368,0.4166666269302368,0.3333333134651184
2,1,0.49999987500003124,0.6666664481163025,0.2500001249999375,0.7499998211860657,0.9999997615814209,0.24999994039535522
2,1,0.0,0.9999995231628418,1.0,0.7999998331069946,0.19999995827674866,0.19999995827674866
2,1,0.49999987500003124,0.0,0.5000001249999375,0.8333331942558289,0.8333331942558289,0.333333283662796
1,2,0.49999987500003124,0.6666664481163025,0.2500001249999375,0.9999998807907104,0.1428571194410324,0.7142856121063232
1,2,0.49999987500003124,0.6666664481163025,0.2500001249999375,0.4285713732242584,0.4285713732242584,0.4285713732242584
1,2,0.0,0.9999997615814209,1.0,0.8333331942558289,0.666666567325592,0.49999991059303284
2,1,0.49999987500003124,0.49999988079071045,0.2500001249999375,0.7999998331069946,0.5999999046325684,0.3999999165534973
2,1,0.49999987500003124,0.49999988079071045,0.2500001249999375,0.7999998331069946,0.19999995827674866,0.5999999046325684
2,1,0.49999987500003124,0.49999988079071045,0.5000001249999375,0.7142856121063232,0.7142856121063232,0.4285713732242584
1,1,0.49999987500003124,0.49999988079071045,0.5000001249999375,0.7142856121063232,0.7142856121063232,0.4285713732242584
2,1,0.49999987500003124,0.33333322405815125,0.5000001249999375,0.9999998211860657,0.49999991059303284,0.666666567325592
1,2,0.49999987500003124,0.7499998211860657,0.2500001249999375,0.7499999403953552,0.4166666269302368,0.2499999850988388
2,1,0.49999987500003124,0.33333322405815125,0.2500001249999375,0.7692307233810425,0.615384578704834,0.4615384340286255
2,1,0.49999987500003124,0.33333322405815125,0.5000001249999375,0.615384578704834,0.7692307233810425,0.4615384340286255
2,1,0.49999987500003124,0.33333322405815125,0.2500001249999375,0.9999990463256836,0.0,0.9999990463256836
1,2,0.0,0.9999995231628418,1.0,0.6666664481163025,0.6666664481163025,0.33333322405815125
1,1,0.0,0.9999995231628418,1.0,0.333333283662796,0.9999998211860657,0.333333283662796
1,2,0.49999987500003124,0.0,0.2500001249999375,0.7999998331069946,0.5999999046325684,0.3999999165534973
1,2,0.49999987500003124,0.6666664481163025,0.5000001249999375,0.0,0.0,0.0
1,2,0.49999987500003124,0.9999997615814209,0.2500001249999375,0.7999998331069946,0.3999999165534973,0.3999999165534973
1,2,0.0,0.9999997019767761,1.0,0.9999998211860657,0.7999998331069946,0.7999998331069946
2,1,0.49999987500003124,0.33333322405815125,0.5000001249999375,0.9999995231628418,0.0,0.9999995231628418
2,1,0.9999997500000625,0.24999994039535522,0.5000000624999844,0.9999998211860657,0.5999999046325684,0.5999999046325684
1,2,0.49999987500003124,0.33333322405815125,0.2500001249999375,0.5999999046325684,0.7999998331069946,0.3999999165534973
1,2,0.49999987500003124,0.33333322405815125,0.5000001249999375,0.9999997019767761,0.6666664481163025,0.9999997019767761
2,1,0.49999987500003124,0.33333322405815125,0.2500001249999375,0.4444443881511688,0.666666567325592,0.666666567325592
2,1,0.0,0.9999997019767761,1.0,0.7499999403953552,0.8749998807907104,0.2499999701976776
1,2,0.9999997500000625,0.24999994039535522,0.2500000624999844,0.666666567325592,0.4444443881511688,0.555555522441864
1,2,0.49999987500003124,0.33333322405815125,0.2500001249999375,0.666666567325592,0.666666567325592,0.1111110970377922
1,2,0.9999997500000625,0.24999994039535522,0.2500000624999844,0.7777776718139648,0.555555522441864,0.4444443881511688
1,2,0.0,0.9999995231628418,1.0,0.4999997615814209,0.0,0.4999997615814209
1,3,0.0,0.9999995231628418,1.0,0.0,0.0,0.0
1,2,0.49999987500003124,0.6666664481163025,0.5000001249999375,0.5999999046325684,0.5999999046325684,0.19999995827674866
1,2,0.0,0.9999995231628418,1.0,0.9999997615814209,0.7499998211860657,0.49999988079071045
1,2,0.9999997500000625,0.49999988079071045,0.2500000624999844,0.6666664481163025,0.6666664481163025,0.9999997019767761
1,2,0.0,0.9999995231628418,1.0,0.8333331942558289,0.49999991059303284,0.49999991059303284
1,2,0.0,0.9999995231628418,1.0,0.6666664481163025,0.9999997019767761,0.6666664481163025
1,2,0.49999987500003124,0.6666664481163025,0.2500001249999375,0.5999999046325684,0.7999998331069946,0.3999999165534973
2,1,0.49999987500003124,0.6666664481163025,0.2500001249999375,0.8333331942558289,0.49999991059303284,0.666666567325592
2,1,0.0,0.9999995231628418,1.0,0.9999995231628418,0.0,0.9999995231628418
2,1,0.0,0.9999997615814209,1.0,0.9999997615814209,0.49999988079071045,0.7499998211860657
2,1,0.9999997500000625,0.0,0.7500000312499921,0.0,0.9999997019767761,0.0
1,2,0.9999997500000625,0.0,0.3750000624999844,0.9999998211860657,0.49999991059303284,0.666666567325592
2,1,0.0,0.9999997615814209,1.0,0.7999998331069946,0.5999999046325684,0.5999999046325684
2,1,0.7499998125000469,0.24999994039535522,0.6666667172551499,0.49999991059303284,0.8333331942558289,0.666666567325592
2,1,0.0,0.9999995231628418,1.0,0.9999995231628418,0.4999997615814209,0.9999995231628418
2,1,0.49999987500003124,0.6666664481163025,0.2500001249999375,0.555555522441864,0.555555522441864,0.2222221940755844
2,1,0.0,0.9999995231628418,1.0,0.0,0.0,0.0
2,1,0.0,0.9999995231628418,1.0,0.7999998331069946,0.5999999046325684,0.5999999046325684
1,2,0.9999997500000625,0.49999988079071045,0.3750000624999844,0.7777776718139648,0.7777776718139648,0.666666567325592
2,1,0.0,0.9999995231628418,1.0,0.7499998211860657,0.24999994039535522,0.7499998211860657
2,1,0.49999987500003124,0.6666664481163025,0.2500001249999375,0.7499998211860657,0.49999988079071045,0.49999988079071045
7,1,0.49999987500003124,0.6666664481163025,0.5000001249999375,0.0,0.0,0.0
2,1,0.49999987500003124,0.9999997615814209,0.5000001249999375,0.4999997615814209,0.9999995231628418,0.4999997615814209
2,1,0.0,0.9999995231628418,1.0,0.49999991059303284,0.49999991059303284,0.333333283662796
2,1,0.49999987500003124,0.49999988079071045,0.5000001249999375,0.8999999165534973,0.7999999523162842,0.6999999284744263
2,1,0.49999987500003124,0.49999988079071045,0.5000001249999375,0.7499998211860657,0.9999997615814209,0.7499998211860657
2,1,0.49999987500003124,0.49999988079071045,0.5000001249999375,0.7999999523162842,0.7999999523162842,0.29999998211860657
2,1,0.49999987500003124,0.49999988079071045,0.5000001249999375,0.49999988079071045,0.7499998211860657,0.7499998211860657
2,1,0.0,0.9999997615814209,1.0,0.49999988079071045,0.49999988079071045,0.49999988079071045
1,2,0.0,0.9999997019767761,1.0,0.9999998211860657,0.666666567325592,0.8333331942558289
1,2,0.49999987500003124,0.33333322405815125,0.2500001249999375,0.8333331942558289,0.49999991059303284,0.333333283662796
2,1,0.9999997500000625,0.24999994039535522,0.5000000624999844,0.7999998331069946,0.3999999165534973,0.5999999046325684
1,1,0.0,0.9999997019767761,1.0,0.9999998807907104,0.6249999403953552,0.4999999403953552
2,1,0.0,0.9999997019767761,1.0,0.49999988079071045,0.7499998211860657,0.0
1,2,0.7499998125000469,0.49999988079071045,0.5000000456214295,0.7999998331069946,0.9999998211860657,0.7999998331069946
1,2,0.0,0.9999997019767761,1.0,0.7999998331069946,0.5999999046325684,0.3999999165534973
1,2,0.0,0.9999997019767761,1.0,0.5999999046325684,0.5999999046325684,0.19999995827674866
1,3,0.0,0.9999997019767761,1.0,0.0,0.0,0.0
1,2,0.0,0.9999997019767761,1.0,0.6666664481163025,0.6666664481163025,0.33333322405815125
2,1,0.7499998125000469,0.24999994039535522,0.6666667172551499,0.666666567325592,0.8333331942558289,0.49999991059303284
1,2,0.49999987500003124,0.49999988079071045,0.2500001249999375,0.7499998211860657,0.7499998211860657,0.7499998211860657
4,1,0.0,0.9999997615814209,1.0,0.0,0.0,0.0
3,1,0.0,0.9999997615814209,1.0,0.0,0.0,0.0
1,2,0.49999987500003124,0.49999988079071045,0.5000001249999375,0.666666567325592,0.666666567325592,0.666666567325592
2,1,0.49999987500003124,0.9999997615814209,0.5000001249999375,0.7999999523162842,0.3999999761581421,0.5999999642372131
1,2,0.0,0.9999995231628418,1.0,0.7692307233810425,0.615384578704834,0.615384578704834
2,1,0.0,0.9999995231628418,1.0,0.9999990463256836,0.9999990463256836,0.0
4,1,0.49999987500003124,0.9999997615814209,0.5000001249999375,0.0,0.0,0.0
2,1,0.49999987500003124,0.6666664481163025,0.2500001249999375,0.9999998211860657,0.666666567325592,0.49999991059303284
1,2,0.7499998125000469,0.49999988079071045,0.6666667172551499,0.4999997615814209,0.4999997615814209,0.4999997615814209
1,2,0.49999987500003124,0.33333322405815125,0.2500001249999375,0.5999999046325684,0.9999998211860657,0.7999998331069946
1,2,0.49999987500003124,0.7499998211860657,0.2500001249999375,0.33333322405815125,0.9999997019767761,0.33333322405815125
1,2,0.0,0.9999997019767761,1.0,0.9999997019767761,0.33333322405815125,0.33333322405815125
1,2,0.49999987500003124,0.7499998211860657,0.5000001249999375,0.9999998211860657,0.7999998331069946,0.7999998331069946
1,2,0.49999987500003124,0.33333322405815125,0.2500001249999375,0.9999995231628418,0.0,0.4999997615814209
1,2,0.0,0.9999997019767761,1.0,0.8333331942558289,0.49999991059303284,0.49999991059303284
1,2,0.0,0.9999997019767761,1.0,0.8571427464485168,0.8571427464485168,0.4285713732242584
1,2,0.49999987500003124,0.33333322405815125,0.2500001249999375,0.7999998331069946,0.3999999165534973,0.5999999046325684
2,1,0.49999987500003124,0.7499998211860657,0.2500001249999375,0.9999990463256836,0.9999990463256836,0.9999990463256836
2,1,0.0,0.0,1.0,0.7999998331069946,0.7999998331069946,0.5999999046325684
2,1,0.49999987500003124,0.9999995231628418,0.2500001249999375,0.9999998211860657,0.666666567325592,0.666666567325592
1,2,0.49999987500003124,0.9999995231628418,0.5000001249999375,0.8333331942558289,0.49999991059303284,0.333333283662796
2,1,0.49999987500003124,0.9999995231628418,0.5000001249999375,0.9999990463256836,0.0,0.0
1,2,0.49999987500003124,0.9999995231628418,0.2500001249999375,0.666666567325592,0.666666567325592,0.49999991059303284
2,1,0.0,0.9999997019767761,1.0,0.666666567325592,0.555555522441864,0.4444443881511688
1,2,0.49999987500003124,0.7499998211860657,0.5000001249999375,0.7142856121063232,0.5714284777641296,0.5714284777641296
1,2,0.0,0.9999997019767761,1.0,0.8571427464485168,0.8571427464485168,0.7142856121063232
2,1,0.0,0.9999997019767761,1.0,0.24999994039535522,0.7499998211860657,0.24999994039535522
2,1,0.49999987500003124,0.33333322405815125,0.2500001249999375,0.0,0.9999990463256836,0.0
2,1,0.7499998125000469,0.49999988079071045,0.5000000456214295,0.0,0.0,0.0
1,2,0.0,0.9999997019767761,1.0,0.6666664481163025,0.33333322405815125,0.33333322405815125
1,2,0.49999987500003124,0.33333322405815125,0.2500001249999375,0.0,0.0,0.0
2,1,0.0,0.9999997019767761,1.0,0.7999998331069946,0.19999995827674866,0.5999999046325684
1,2,0.49999987500003124,0.33333322405815125,0.2500001249999375,0.7499998211860657,0.7499998211860657,0.49999988079071045
3,1,0.49999987500003124,0.9999995231628418,0.2500001249999375,0.0,0.0,0.0
8,1,0.49999987500003124,0.9999995231628418,0.2500001249999375,0.0,0.0,0.0
3,1,0.7499998125000469,0.9999997019767761,0.6666667172551499,0.0,0.0,0.0
3,1,0.0,0.0,1.0,0.0,0.0,0.0
2,1,0.49999987500003124,0.9999995231628418,0.2500001249999375,0.8333332538604736,0.6666666269302368,0.4166666269302368
2,1,0.49999987500003124,0.7499998211860657,0.5000001249999375,0.9999998211860657,0.5999999046325684,0.3999999165534973
2,1,0.0,0.9999997019767761,1.0,0.6363635659217834,0.45454540848731995,0.3636363446712494
2,1,0.49999987500003124,0.33333322405815125,0.5000001249999375,0.5714284777641296,0.7142856121063232,0.2857142388820648
1,2,0.0,0.9999997019767761,1.0,0.9090908169746399,0.6363635659217834,0.6363635659217834
3,1,0.0,0.9999997019767761,1.0,0.0,0.0,0.0
2,1,0.49999987500003124,0.6666664481163025,0.5000001249999375,0.9999998211860657,0.9999998211860657,0.5999999046325684
2,1,0.49999987500003124,0.6666664481163025,0.2500001249999375,0.0,0.0,0.0
1,2,0.9999997500000625,0.49999988079071045,0.5000000624999844,0.4444443881511688,0.666666567325592,0.555555522441864
2,1,0.0,0.9999995231628418,1.0,0.0,0.0,0.0
2,1,0.49999987500003124,0.6666664481163025,0.2500001249999375,0.8749998807907104,0.4999999403953552,0.6249999403953552
2,1,0.0,0.9999997019767761,1.0,0.9999995231628418,0.4999997615814209,0.4999997615814209
3,1,0.0,0.9999997019767761,1.0,0.0,0.0,0.0
1,2,0.49999987500003124,0.7499998211860657,0.5000001249999375,0.666666567325592,0.7777776718139648,0.1111110970377922
2,1,0.9999997500000625,0.24999994039535522,0.5000000624999844,0.7499998211860657,0.49999988079071045,0.0
2,1,0.49999987500003124,0.7499998211860657,0.2500001249999375,0.9999995231628418,0.9999995231628418,0.4999997615814209
2,1,0.7499998125000469,0.7499998211860657,0.5000000456214295,0.0,0.0,0.0
2,1,0.0,0.9999995231628418,1.0,0.9999997019767761,0.33333322405815125,0.6666664481163025
2,1,0.0,0.9999995231628418,1.0,0.7999998331069946,0.3999999165534973,0.5999999046325684
2,1,0.0,0.9999995231628418,1.0,0.8749998807907104,0.9999998807907104,0.3749999701976776
2,1,0.0,0.9999995231628418,1.0,0.9999997019767761,0.33333322405815125,0.6666664481163025
1,2,0.9999997500000625,0.49999988079071045,0.5000000624999844,0.666666567325592,0.7777776718139648,0.4444443881511688
2,1,0.0,0.9999995231628418,1.0,0.9999995231628418,0.4999997615814209,0.9999995231628418
1,2,0.0,0.9999995231628418,1.0,0.8571427464485168,0.4285713732242584,0.7142856121063232
2,1,0.0,0.9999995231628418,1.0,0.8333331942558289,0.666666567325592,0.333333283662796
1,2,0.49999987500003124,0.6666664481163025,0.2500001249999375,0.8571427464485168,0.4285713732242584,0.7142856121063232
1,2,0.49999987500003124,0.33333322405815125,0.2500001249999375,0.9999998211860657,0.666666567325592,0.666666567325592
2,1,0.0,0.9999997019767761,1.0,0.9999995231628418,0.4999997615814209,0.9999995231628418
2,1,0.9999997500000625,0.24999994039535522,0.5000000624999844,0.5714284777641296,0.7142856121063232,0.5714284777641296
1,2,0.49999987500003124,0.33333322405815125,0.2500001249999375,0.3999999165534973,0.7999998331069946,0.3999999165534973
1,2,0.49999987500003124,0.33333322405815125,0.5000001249999375,0.8571427464485168,0.5714284777641296,0.8571427464485168
2,1,0.9999997500000625,0.49999988079071045,0.2500000624999844,0.6999999284744263,0.6999999284744263,0.3999999761581421
2,1,0.0,0.9999995231628418,1.0,0.8571427464485168,0.4285713732242584,0.7142856121063232
3,1,0.9999997500000625,0.49999988079071045,0.5000000624999844,0.0,0.0,0.0
2,1,0.0,0.9999995231628418,1.0,0.6249999403953552,0.6249999403953552,0.2499999701976776
3,1,0.49999987500003124,0.0,0.5000001249999375,0.0,0.0,0.0
2,1,0.0,0.9999995231628418,1.0,0.7499998211860657,0.7499998211860657,0.49999988079071045
1,2,0.0,0.9999995231628418,1.0,0.8181817531585693,0.7272726893424988,0.6363635659217834
2,1,0.9999997500000625,0.49999988079071045,0.5000000624999844,0.7499998211860657,0.7499998211860657,0.7499998211860657
1,1,0.49999987500003124,0.0,0.5000001249999375,0.7272726893424988,0.6363635659217834,0.45454540848731995
2,1,0.9999997500000625,0.49999988079071045,0.2500000624999844,0.9999990463256836,0.0,0.9999990463256836
2,1,0.9999997500000625,0.9999997615814209,0.2500000624999844,0.8749998807907104,0.8749998807907104,0.7499999403953552
2,1,0.49999987500003124,0.9999995231628418,0.2500001249999375,0.9999990463256836,0.9999990463256836,0.9999990463256836
2,1,0.49999987500003124,0.9999995231628418,0.2500001249999375,0.33333322405815125,0.6666664481163025,0.0
3,1,0.49999987500003124,0.9999995231628418,0.5000001249999375,0.0,0.0,0.0
3,1,0.49999987500003124,0.9999995231628418,0.2500001249999375,0.0,0.0,0.0
2,1,0.0,0.9999995231628418,1.0,0.0,0.0,0.0
3,1,0.9999997500000625,0.49999988079071045,0.7500000312499921,0.0,0.0,0.0
2,1,0.49999987500003124,0.6666664481163025,0.2500001249999375,0.9999997019767761,0.33333322405815125,0.9999997019767761
2,1,0.49999987500003124,0.6666664481163025,0.5000001249999375,0.8333331942558289,0.666666567325592,0.8333331942558289
2,1,0.0,0.9999995231628418,1.0,0.0,0.9999990463256836,0.0
2,1,0.49999987500003124,0.9999995231628418,0.2500001249999375,0.9999998211860657,0.8333331942558289,0.49999991059303284
2,1,0.0,0.0,1.0,0.7499999403953552,0.6249999403953552,0.7499999403953552
2,1,0.0,0.0,1.0,0.7499999403953552,0.3749999701976776,0.4999999403953552
2,1,0.49999987500003124,0.9999995231628418,0.2500001249999375,0.0,0.0,0.0
2,1,0.49999987500003124,0.9999995231628418,0.2500001249999375,0.9999990463256836,0.0,0.9999990463256836
2,1,0.0,0.9999997615814209,1.0,0.9999990463256836,0.9999990463256836,0.9999990463256836
1,2,0.0,0.9999997615814209,1.0,0.7142856121063232,0.4285713732242584,0.5714284777641296
2,1,0.0,0.9999997615814209,1.0,0.8571427464485168,0.5714284777641296,0.7142856121063232
1,2,0.49999987500003124,0.49999988079071045,0.5000001249999375,0.5999999046325684,0.5999999046325684,0.19999995827674866
2,1,0.7499998125000469,0.24999994039535522,0.5000000456214295,0.9999997019767761,0.33333322405815125,0.6666664481163025
1,2,0.9999997500000625,0.49999988079071045,0.3750000624999844,0.7999998331069946,0.3999999165534973,0.7999998331069946
1,2,0.7499998125000469,0.33333322405815125,0.6666667172551499,0.7999999523162842,0.4999999403953552,0.6999999284744263
1,2,0.49999987500003124,0.9999997615814209,0.5000001249999375,0.8749998807907104,0.7499999403953552,0.4999999403953552
1,2,0.49999987500003124,0.6666664481163025,0.2500001249999375,0.9999998211860657,0.666666567325592,0.8333331942558289
1,2,0.9999997500000625,0.49999988079071045,0.5000000624999844,0.9999998211860657,0.7999998331069946,0.5999999046325684
1,2,0.0,0.9999997019767761,1.0,0.9999997615814209,0.7499998211860657,0.9999997615814209
1,2,0.0,0.9999997019767761,1.0,0.6666664481163025,0.33333322405815125,0.6666664481163025
3,1,0.49999987500003124,0.7499998211860657,0.2500001249999375,0.0,0.0,0.0
2,1,0.49999987500003124,0.7499998211860657,0.5000001249999375,0.9999995231628418,0.0,0.0
1,2,0.9999997500000625,0.24999994039535522,0.3750000624999844,0.33333322405815125,0.0,0.0
2,1,0.9999997500000625,0.0,0.5000000624999844,0.9999997019767761,0.6666664481163025,0.33333322405815125
1,2,0.49999987500003124,0.49999988079071045,0.5000001249999375,0.9999997615814209,0.7499998211860657,0.24999994039535522
3,1,0.7499998125000469,0.24999994039535522,0.5000000456214295,0.0,0.0,0.0
2,1,0.9999997500000625,0.0,0.5000000624999844,0.8333331942558289,0.333333283662796,0.333333283662796
2,1,0.7499998125000469,0.24999994039535522,0.5000000456214295,0.9999997615814209,0.49999988079071045,0.49999988079071045
1,2,0.49999987500003124,0.6666664481163025,0.5000001249999375,0.7499998211860657,0.9999997615814209,0.24999994039535522
5,1,0.49999987500003124,0.6666664481163025,0.2500001249999375,0.0,0.0,0.0
2,1,0.0,0.9999995231628418,1.0,0.8333331942558289,0.49999991059303284,0.49999991059303284
2,1,0.49999987500003124,0.6666664481163025,0.2500001249999375,0.4999997615814209,0.9999995231628418,0.0
2,1,0.49999987500003124,0.6666664481163025,0.5000001249999375,0.6249999403953552,0.3749999701976776,0.4999999403953552
2,1,0.7499998125000469,0.33333322405815125,0.6666667172551499,0.7499999403953552,0.7499999403953552,0.6249999403953552
1,2,0.49999987500003124,0.0,0.5000001249999375,0.7272726893424988,0.8181817531585693,0.1818181723356247
2,1,0.49999987500003124,0.6666664481163025,0.5000001249999375,0.8749998807907104,0.7499999403953552,0.6249999403953552
2,1,0.49999987500003124,0.6666664481163025,0.5000001249999375,0.9999997019767761,0.9999997019767761,0.6666664481163025
1,2,0.49999987500003124,0.6666664481163025,0.5000001249999375,0.5999999642372131,0.5999999642372131,0.29999998211860657
2,1,0.7499998125000469,0.0,0.3333333888888703,0.4999997615814209,0.4999997615814209,0.4999997615814209
1,2,0.0,0.9999997019767761,1.0,0.7142856121063232,0.5714284777641296,0.4285713732242584
1,2,0.49999987500003124,0.33333322405815125,0.2500001249999375,0.5999999046325684,0.5999999046325684,0.5999999046325684
1,2,0.49999987500003124,0.7499998211860657,0.2500001249999375,0.8571427464485168,0.2857142388820648,0.1428571194410324
1,2,0.49999987500003124,0.33333322405815125,0.5000001249999375,0.9999998211860657,0.3999999165534973,0.19999995827674866
1,2,0.7499998125000469,0.24999994039535522,0.6666667172551499,0.0,0.9999990463256836,0.9999990463256836
1,2,0.0,0.9999997615814209,1.0,0.9999998211860657,0.7999998331069946,0.5999999046325684
1,2,0.9999997500000625,0.0,0.3750000624999844,0.9999997019767761,0.6666664481163025,0.6666664481163025
1,2,0.0,0.9999997615814209,1.0,0.7499998211860657,0.7499998211860657,0.7499998211860657
1,2,0.0,0.9999997615814209,1.0,0.9999990463256836,0.9999990463256836,0.9999990463256836
3,1,0.0,0.9999995231628418,1.0,0.0,0.0,0.0
4,1,0.49999987500003124,0.6666664481163025,0.2500001249999375,0.0,0.0,0.0
2,1,0.49999987500003124,0.6666664481163025,0.2500001249999375,0.7999998331069946,0.3999999165534973,0.5999999046325684
1,1,0.0,0.9999995231628418,1.0,0.7777776718139648,0.555555522441864,0.666666567325592
2,1,0.49999987500003124,0.0,0.2500001249999375,0.3999999165534973,0.7999998331069946,0.7999998331069946
2,1,0.7499998125000469,0.49999988079071045,0.6666667172551499,0.49999991059303284,0.49999991059303284,0.333333283662796
1,2,0.0,0.9999997019767761,1.0,0.49999988079071045,0.7499998211860657,0.49999988079071045
2,1,0.49999987500003124,0.7499998211860657,0.2500001249999375,0.8571427464485168,0.7142856121063232,0.5714284777641296
2,1,0.0,0.9999997019767761,1.0,0.9999997019767761,0.33333322405815125,0.6666664481163025
1,2,0.7499998125000469,0.0,0.6666667172551499,0.7999998331069946,0.19999995827674866,0.5999999046325684
1,2,0.0,0.9999997019767761,1.0,0.666666567325592,0.4444443881511688,0.555555522441864
2,1,0.0,0.9999997019767761,1.0,0.3999999165534973,0.7999998331069946,0.7999998331069946
2,1,0.49999987500003124,0.7499998211860657,0.5000001249999375,0.5999999046325684,0.7999998331069946,0.19999995827674866
2,1,0.0,0.9999997019767761,1.0,0.7499998211860657,0.9999997615814209,0.24999994039535522
2,1,0.0,0.9999997019767761,1.0,0.5714284777641296,0.5714284777641296,0.1428571194410324
2,1,0.7499998125000469,0.49999988079071045,0.6666667172551499,0.4999997615814209,0.9999995231628418,0.9999995231628418
2,1,0.0,0.9999997019767761,1.0,0.666666567325592,0.166666641831398,0.333333283662796
2,1,0.7499998125000469,0.49999988079071045,0.6666667172551499,0.49999991059303284,0.9999998211860657,0.8333331942558289
2,1,0.49999987500003124,0.7499998211860657,0.5000001249999375,0.666666567325592,0.49999991059303284,0.8333331942558289
2,1,0.0,0.9999997019767761,1.0,0.49999988079071045,0.49999988079071045,0.49999988079071045
1,2,0.49999987500003124,0.49999988079071045,0.2500001249999375,0.49999991059303284,0.49999991059303284,0.49999991059303284
2,1,0.0,0.9999997615814209,1.0,0.9999997019767761,0.6666664481163025,0.9999997019767761
2,1,0.9999997500000625,0.0,0.5000000624999844,0.8749998807907104,0.3749999701976776,0.6249999403953552
1,2,0.0,0.9999997615814209,1.0,0.7999999523162842,0.5999999642372131,0.4999999403953552
4,1,0.49999987500003124,0.49999988079071045,0.2500001249999375,0.0,0.0,0.0
1,2,0.49999987500003124,0.6666664481163025,0.2500001249999375,0.7999998331069946,0.9999998211860657,0.3999999165534973
1,2,0.9999997500000625,0.49999988079071045,0.5000000624999844,0.666666567325592,0.333333283662796,0.333333283662796
2,1,0.49999987500003124,0.6666664481163025,0.5000001249999375,0.9999995231628418,0.4999997615814209,0.9999995231628418
1,2,0.49999987500003124,0.6666664481163025,0.5000001249999375,0.9999997615814209,0.49999988079071045,0.49999988079071045
1,2,0.7499998125000469,0.7499998211860657,0.6666667172551499,0.8333331942558289,0.333333283662796,0.49999991059303284
2,1,0.49999987500003124,0.49999988079071045,0.2500001249999375,0.49999991059303284,0.666666567325592,0.49999991059303284
2,1,0.49999987500003124,0.49999988079071045,0.5000001249999375,0.9999998211860657,0.666666567325592,0.49999991059303284
1,2,0.49999987500003124,0.49999988079071045,0.5000001249999375,0.49999991059303284,0.666666567325592,0.666666567325592
2,1,0.0,0.9999997615814209,1.0,0.666666567325592,0.0,0.666666567325592
1,2,0.0,0.9999997615814209,1.0,0.5999999046325684,0.3999999165534973,0.7999998331069946
2,1,0.49999987500003124,0.6666664481163025,0.5000001249999375,0.8749998807907104,0.3749999701976776,0.6249999403953552
2,1,0.7499998125000469,0.33333322405815125,0.5000000456214295,0.8333331942558289,0.49999991059303284,0.8333331942558289
1,2,0.0,0.9999995231628418,1.0,0.9999997615814209,0.49999988079071045,0.9999997615814209
2,1,0.0,0.9999995231628418,1.0,0.9999995231628418,0.9999995231628418,0.9999995231628418
1,2,0.0,0.9999995231628418,1.0,0.8571427464485168,0.2857142388820648,0.5714284777641296
1,2,0.7499998125000469,0.33333322405815125,0.3333333888888703,0.7857142090797424,0.357142835855484,0.357142835855484
2,1,0.0,0.9999995231628418,1.0,0.7777776718139648,0.7777776718139648,0.555555522441864
2,1,0.0,0.9999995231628418,1.0,0.8333332538604736,0.7499999403953552,0.5833333134651184
2,1,0.9999997500000625,0.49999988079071045,0.5000000624999844,0.7777776718139648,0.7777776718139648,0.555555522441864
1,2,0.49999987500003124,0.6666664481163025,0.5000001249999375,0.928571343421936,0.714285671710968,0.6428570747375488
1,2,0.7499998125000469,0.7499998211860657,0.6666667172551499,0.5999999642372131,0.7999999523162842,0.4999999403953552
1,2,0.49999987500003124,0.0,0.2500001249999375,0.9999997019767761,0.9999997019767761,0.9999997019767761
2,1,0.0,0.9999995231628418,1.0,0.9999995231628418,0.9999995231628418,0.9999995231628418
1,2,0.0,0.9999995231628418,1.0,0.8571427464485168,0.7142856121063232,0.2857142388820648
1,2,0.9999997500000625,0.49999988079071045,0.6250000312499921,0.7272726893424988,0.5454545021057129,0.5454545021057129
2,1,0.0,0.9999995231628418,1.0,0.8181817531585693,0.8181817531585693,0.45454540848731995
1,2,0.0,0.9999995231628418,1.0,0.7499999403953552,0.6666666269302368,0.4999999701976776
3,1,0.7499998125000469,0.33333322405815125,0.5000000456214295,0.0,0.0,0.0
1,2,0.49999987500003124,0.9999997615814209,0.2500001249999375,0.9999998807907104,0.6249999403953552,0.3749999701976776
1,2,0.0,0.9999995231628418,1.0,0.8333332538604736,0.4166666269302368,0.4999999701976776
2,1,0.0,0.9999997615814209,1.0,0.6666666269302368,0.5833333134651184,0.3333333134651184
2,1,0.7499998125000469,0.24999994039535522,0.5000000456214295,0.0,0.0,0.0
2,1,0.49999987500003124,0.49999988079071045,0.5000001249999375,0.7499999403953552,0.4999999701976776,0.4166666269302368
1,2,0.0,0.9999997615814209,1.0,0.6923076510429382,0.5384615063667297,0.7692307233810425
1,2,0.9999997500000625,0.0,0.3750000624999844,0.7333332896232605,0.7333332896232605,0.6666666269302368
2,1,0.49999987500003124,0.49999988079071045,0.5000001249999375,0.8749998807907104,0.4999999403953552,0.3749999701976776
2,1,0.0,0.9999997615814209,1.0,0.6249999403953552,0.4999999403953552,0.4999999403953552
2,1,0.0,0.9999997615814209,1.0,0.8999999165534973,0.6999999284744263,0.5999999642372131
2,1,0.49999987500003124,0.49999988079071045,0.5000001249999375,0.5624999403953552,0.5624999403953552,0.3124999701976776
2,1,0.49999987500003124,0.49999988079071045,0.2500001249999375,0.6874999403953552,0.8124998807907104,0.4374999403953552
2,1,0.7499998125000469,0.33333322405815125,0.5000000456214295,0.8571427464485168,0.2857142388820648,0.5714284777641296
2,1,0.0,0.9999995231628418,1.0,0.9999997019767761,0.33333322405815125,0.33333322405815125
1,2,0.9999997500000625,0.49999988079071045,0.5000000312499921,0.6249999403953552,0.8749998807907104,0.6249999403953552
3,1,0.49999987500003124,0.6666664481163025,0.5000001249999375,0.0,0.0,0.0
1,2,0.0,0.9999995231628418,1.0,0.8571427464485168,0.7142856121063232,0.1428571194410324
2,1,0.9999997500000625,0.24999994039535522,0.3750000624999844,0.9999998211860657,0.666666567325592,0.8333331942558289
2,1,0.49999987500003124,0.33333322405815125,0.2500001249999375,0.8181817531585693,0.3636363446712494,0.5454545021057129
2,1,0.49999987500003124,0.33333322405815125,0.2500001249999375,0.8333331942558289,0.8333331942558289,0.666666567325592
2,1,0.7499998125000469,0.49999988079071045,0.5000000456214295,0.7499999403953552,0.4999999403953552,0.4999999403953552
2,1,0.0,0.9999997019767761,1.0,0.9999995231628418,0.4999997615814209,0.4999997615814209
2,1,0.49999987500003124,0.33333322405815125,0.5000001249999375,0.9999998807907104,0.3749999701976776,0.7499999403953552
1,2,0.49999987500003124,0.33333322405815125,0.2500001249999375,0.8124998807907104,0.4374999403953552,0.3124999701976776
3,1,0.49999987500003124,0.33333322405815125,0.5000001249999375,0.0,0.0,0.0
1,2,0.9999997500000625,0.24999994039535522,0.5000000624999844,0.4999999701976776,0.7857142090797424,0.357142835855484
1,1,0.49999987500003124,0.7499998211860657,0.2500001249999375,0.9499999284744263,0.44999995827674866,0.5999999642372131
2,1,0.49999987500003124,0.49999988079071045,0.5000001249999375,0.9999997615814209,0.0,0.7499998211860657
3,1,0.9999997500000625,0.0,0.3750000624999844,0.0,0.0,0.0
2,1,0.49999987500003124,0.49999988079071045,0.2500001249999375,0.9999990463256836,0.9999990463256836,0.9999990463256836
2,1,0.9999997500000625,0.0,0.3750000624999844,0.6249999403953552,0.3749999701976776,0.3749999701976776
2,1,0.49999987500003124,0.49999988079071045,0.5000001249999375,0.33333322405815125,0.9999997019767761,0.33333322405815125
2,1,0.0,0.9999995231628418,1.0,0.7499998211860657,0.7499998211860657,0.49999988079071045
2,1,0.0,0.9999995231628418,1.0,0.6249999403953552,0.7499999403953552,0.3749999701976776
1,2,0.9999997500000625,0.49999988079071045,0.3750000624999844,0.8571427464485168,0.7142856121063232,0.5714284777641296
2,1,0.49999987500003124,0.6666664481163025,0.5000001249999375,0.9999998211860657,0.49999991059303284,0.666666567325592
2,1,0.49999987500003124,0.6666664481163025,0.2500001249999375,0.9999998807907104,0.7142856121063232,0.7142856121063232
2,1,0.49999987500003124,0.9999995231628418,0.5000001249999375,0.9999998211860657,0.5999999046325684,0.3999999165534973
2,1,0.49999987500003124,0.9999995231628418,0.5000001249999375,0.6666664481163025,0.6666664481163025,0.6666664481163025
1,2,0.0,0.0,1.0,0.666666567325592,0.666666567325592,0.49999991059303284
6,1,0.0,0.0,1.0,0.0,0.0,0.0
2,1,0.0,0.0,1.0,0.8571427464485168,0.5714284777641296,0.8571427464485168
2,1,0.49999987500003124,0.6666664481163025,0.5000001249999375,0.8999999165534973,0.7999999523162842,0.4999999403953552
2,1,0.9999997500000625,0.49999988079071045,0.3750000624999844,0.9999998211860657,0.8333331942558289,0.666666567325592
2,1,0.49999987500003124,0.9999997615814209,0.5000001249999375,0.5999999642372131,0.5999999642372131,0.4999999403953552
3,1,0.49999987500003124,0.6666664481163025,0.5000001249999375,0.0,0.0,0.0
2,1,0.0,0.9999995231628418,1.0,0.9999990463256836,0.9999990463256836,0.9999990463256836
2,1,0.49999987500003124,0.33333322405815125,0.2500001249999375,0.7777776718139648,0.666666567325592,0.4444443881511688
1,2,0.0,0.9999997019767761,1.0,0.7777776718139648,0.666666567325592,0.555555522441864
2,1,0.49999987500003124,0.33333322405815125,0.2500001249999375,0.6666664481163025,0.9999997019767761,0.33333322405815125
2,1,0.49999987500003124,0.33333322405815125,0.5000001249999375,0.666666567325592,0.4444443881511688,0.4444443881511688
2,1,0.0,0.9999997019767761,1.0,0.6666664481163025,0.6666664481163025,0.6666664481163025
2,1,0.49999987500003124,0.9999995231628418,0.2500001249999375,0.7499999403953552,0.6249999403953552,0.3749999701976776
2,1,0.7499998125000469,0.9999997019767761,0.5000000456214295,0.7999999523162842,0.6999999284744263,0.4999999403953552
2,1,0.0,0.0,1.0,0.7777776718139648,0.666666567325592,0.4444443881511688
1,1,0.0,0.0,1.0,0.7499999403953552,0.4999999701976776,0.3333333134651184
2,1,0.0,0.0,1.0,0.0,0.0,0.0
4,1,0.49999987500003124,0.7499998211860657,0.5000001249999375,0.0,0.0,0.0
1,2,0.49999987500003124,0.7499998211860657,0.5000001249999375,0.9999997615814209,0.49999988079071045,0.7499998211860657
1,2,0.7499998125000469,0.0,0.6666667172551499,0.9999990463256836,0.9999990463256836,0.9999990463256836
2,1,0.0,0.9999997019767761,1.0,0.9999990463256836,0.9999990463256836,0.9999990463256836
1,1,0.49999987500003124,0.7499998211860657,0.5000001249999375,0.9999998211860657,0.166666641831398,0.166666641831398
2,1,0.49999987500003124,0.6666664481163025,0.2500001249999375,0.7999998331069946,0.5999999046325684,0.5999999046325684
2,1,0.49999987500003124,0.6666664481163025,0.5000001249999375,0.9999999403953552,0.3636363446712494,0.7272726893424988
2,1,0.0,0.9999995231628418,1.0,0.9999997019767761,0.33333322405815125,0.6666664481163025
4,1,0.49999987500003124,0.6666664481163025,0.2500001249999375,0.0,0.0,0.0
2,1,0.49999987500003124,0.6666664481163025,0.5000001249999375,0.9999998807907104,0.2499999701976776,0.6249999403953552
2,1,0.49999987500003124,0.0,0.5000001249999375,0.9999997019767761,0.6666664481163025,0.33333322405815125
2,1,0.49999987500003124,0.0,0.2500001249999375,0.666666567325592,0.9999998211860657,0.666666567325592
2,1,0.7499998125000469,0.7499998211860657,0.6666667172551499,0.49999991059303284,0.49999991059303284,0.49999991059303284
3,1,0.7499998125000469,0.33333322405815125,0.6666667172551499,0.0,0.0,0.0
2,1,0.7499998125000469,0.33333322405815125,0.6666667172551499,0.9999995231628418,0.4999997615814209,0.9999995231628418
1,3,0.0,0.9999995231628418,1.0,0.0,0.0,0.0
1,2,0.49999987500003124,0.6666664481163025,0.2500001249999375,0.9999990463256836,0.0,0.9999990463256836
1,3,0.0,0.9999995231628418,1.0,0.0,0.0,0.0
1,2,0.0,0.9999995231628418,1.0,0.0,0.0,0.0
1,1,0.7499998125000469,0.7499998211860657,0.5000000456214295,0.9999997615814209,0.49999988079071045,0.9999997615814209
2,1,0.0,0.9999995231628418,1.0,0.666666567325592,0.555555522441864,0.333333283662796
1,2,0.9999997500000625,0.49999988079071045,0.3750000624999844,0.5999999046325684,0.3999999165534973,0.19999995827674866
2,1,0.49999987500003124,0.6666664481163025,0.2500001249999375,0.9999998807907104,0.555555522441864,0.666666567325592
2,1,0.49999987500003124,0.6666664481163025,0.2500001249999375,0.0,0.9999990463256836,0.0
2,1,0.7499998125000469,0.33333322405815125,0.5000000456214295,0.9999990463256836,0.9999990463256836,0.9999990463256836
1,2,0.7499998125000469,0.33333322405815125,0.5000000456214295,0.7999998331069946,0.5999999046325684,0.3999999165534973
1,2,0.7499998125000469,0.33333322405815125,0.3333333888888703,0.7499998211860657,0.7499998211860657,0.0
1,2,0.7499998125000469,0.7499998211860657,0.6666667172551499,0.666666567325592,0.333333283662796,0.333333283662796
2,1,0.49999987500003124,0.6666664481163025,0.2500001249999375,0.3749999701976776,0.6249999403953552,0.2499999701976776
1,2,0.49999987500003124,0.9999997615814209,0.5000001249999375,0.666666567325592,0.666666567325592,0.166666641831398
3,1,0.0,0.9999995231628418,1.0,0.0,0.0,0.0
2,1,0.0,0.9999995231628418,1.0,0.5714284777641296,0.5714284777641296,0.4285713732242584
2,1,0.0,0.9999995231628418,1.0,0.6666664481163025,0.6666664481163025,0.0
2,1,0.0,0.9999995231628418,1.0,0.666666567325592,0.8333331942558289,0.333333283662796
1,2,0.9999997500000625,0.49999988079071045,0.7500000312499921,0.9999997615814209,0.9999997615814209,0.9999997615814209
2,1,0.7499998125000469,0.33333322405815125,0.3333333888888703,0.7499999403953552,0.4999999403953552,0.4999999403953552
1,2,0.49999987500003124,0.6666664481163025,0.2500001249999375,0.555555522441864,0.333333283662796,0.333333283662796
1,2,0.0,0.9999995231628418,1.0,0.8571427464485168,0.8571427464485168,0.8571427464485168
1,2,0.7499998125000469,0.33333322405815125,0.5000000456214295,0.8571427464485168,0.2857142388820648,0.5714284777641296
2,1,0.0,0.9999995231628418,1.0,0.666666567325592,0.8333331942558289,0.166666641831398
2,1,0.0,0.9999995231628418,1.0,0.6666666269302368,0.5833333134651184,0.7499999403953552
1,2,0.9999997500000625,0.49999988079071045,0.5000000624999844,0.9999998807907104,0.4999999403953552,0.6999999284744263
1,2,0.49999987500003124,0.6666664481163025,0.2500001249999375,0.7999998331069946,0.7999998331069946,0.3999999165534973
1,2,0.49999987500003124,0.6666664481163025,0.5000001249999375,0.5999999046325684,0.3999999165534973,0.3999999165534973
1,1,0.0,0.9999995231628418,1.0,0.916666567325592,0.5833333134651184,0.5833333134651184
2,1,0.49999987500003124,0.6666664481163025,0.5000001249999375,0.8181817531585693,0.3636363446712494,0.5454545021057129
2,1,0.7499998125000469,0.7499998211860657,0.6666667172551499,0.6666664481163025,0.9999997019767761,0.33333322405815125
2,1,0.7499998125000469,0.7499998211860657,0.5000000456214295,0.3749999701976776,0.6249999403953552,0.3749999701976776
4,1,0.49999987500003124,0.0,0.5000001249999375,0.0,0.0,0.0
3,1,0.0,0.9999995231628418,1.0,0.0,0.0,0.0
2,1,0.49999987500003124,0.9999995231628418,0.5000001249999375,0.6363635659217834,0.6363635659217834,0.5454545021057129
2,1,0.9999997500000625,0.9999997615814209,0.2500000624999844,0.6666664481163025,0.9999997019767761,0.33333322405815125
2,1,0.49999987500003124,0.9999995231628418,0.2500001249999375,0.9999998807907104,0.5999999642372131,0.5999999642372131
2,1,0.9999997500000625,0.9999997615814209,0.5000000624999844,0.8571427464485168,0.7142856121063232,0.4285713732242584
2,1,0.7499998125000469,0.9999997019767761,0.6666667172551499,0.7142856121063232,0.7142856121063232,0.5714284777641296
2,1,0.0,0.0,1.0,0.9090908169746399,0.27272725105285645,0.3636363446712494
4,1,0.49999987500003124,0.9999995231628418,0.2500001249999375,0.0,0.0,0.0
1,2,0.49999987500003124,0.9999995231628418,0.2500001249999375,0.8888887763023376,0.2222221940755844,0.7777776718139648
2,1,0.9999997500000625,0.9999997615814209,0.3750000624999844,0.9999995231628418,0.4999997615814209,0.4999997615814209
2,1,0.0,0.0,1.0,0.8181817531585693,0.6363635659217834,0.3636363446712494
2,1,0.0,0.9999997019767761,1.0,0.6666666269302368,0.6666666269302368,0.4999999701976776
6,1,0.49999987500003124,0.7499998211860657,0.5000001249999375,0.0,0.0,0.0
3,1,0.0,0.9999997019767761,1.0,0.0,0.0,0.0
2,1,0.49999987500003124,0.33333322405815125,0.5000001249999375,0.9999990463256836,0.9999990463256836,0.0
2,1,0.49999987500003124,0.7499998211860657,0.5000001249999375,0.49999988079071045,0.7499998211860657,0.7499998211860657
2,1,0.0,0.9999997615814209,1.0,0.7142856121063232,0.2857142388820648,0.5714284777641296
3,1,0.49999987500003124,0.49999988079071045,0.5000001249999375,0.0,0.0,0.0
3,1,0.0,0.9999997615814209,1.0,0.0,0.0,0.0
3,1,0.0,0.9999997615814209,1.0,0.0,0.0,0.0
2,1,0.9999997500000625,0.0,0.2500000624999844,0.666666567325592,0.666666567325592,0.555555522441864
1,2,0.0,0.0,1.0,0.7499999403953552,0.6249999403953552,0.4999999403953552
2,1,0.0,0.0,1.0,0.7999998331069946,0.5999999046325684,0.7999998331069946
2,1,0.0,0.0,1.0,0.7999998331069946,0.7999998331069946,0.7999998331069946
2,1,0.0,0.0,1.0,0.0,0.0,0.0
2,1,0.9999997500000625,0.9999997615814209,0.5000000624999844,0.7999998331069946,0.5999999046325684,0.7999998331069946
3,1,0.49999987500003124,0.6666664481163025,0.2500001249999375,0.0,0.0,0.0
2,1,0.0,0.9999995231628418,1.0,0.0,0.0,0.0
3,1,0.49999987500003124,0.6666664481163025,0.2500001249999375,0.0,0.0,0.0
2,1,0.49999987500003124,0.6666664481163025,0.5000001249999375,0.33333322405815125,0.9999997019767761,0.6666664481163025
3,1,0.49999987500003124,0.6666664481163025,0.5000001249999375,0.0,0.0,0.0
2,1,0.49999987500003124,0.33333322405815125,0.5000001249999375,0.9999997019767761,0.0,0.6666664481163025
3,1,0.7499998125000469,0.0,0.6666667172551499,0.0,0.0,0.0
2,1,0.49999987500003124,0.33333322405815125,0.5000001249999375,0.49999988079071045,0.24999994039535522,0.49999988079071045
2,1,0.49999987500003124,0.33333322405815125,0.2500001249999375,0.7499998211860657,0.7499998211860657,0.49999988079071045
2,1,0.0,0.9999997019767761,1.0,0.0,0.9999990463256836,0.0
2,1,0.49999987500003124,0.33333322405815125,0.5000001249999375,0.8666666150093079,0.9333332777023315,0.7999999523162842
2,1,0.0,0.9999997019767761,1.0,0.7999998331069946,0.9999998211860657,0.7999998331069946
3,1,0.0,0.9999997019767761,1.0,0.0,0.0,0.0
2,1,0.0,0.9999997019767761,1.0,0.9999998211860657,0.3999999165534973,0.3999999165534973
2,1,0.7499998125000469,0.49999988079071045,0.6666667172551499,0.7499998211860657,0.49999988079071045,0.9999997615814209
2,1,0.49999987500003124,0.0,0.2500001249999375,0.4999999701976776,0.8333332538604736,0.2499999850988388
2,1,0.7499998125000469,0.7499998211860657,0.5000000456214295,0.7499999403953552,0.5833333134651184,0.4999999701976776
2,1,0.0,0.9999995231628418,1.0,0.7499998211860657,0.7499998211860657,0.49999988079071045
2,1,0.49999987500003124,0.0,0.5000001249999375,0.9999997615814209,0.7499998211860657,0.24999994039535522
2,1,0.49999987500003124,0.0,0.5000001249999375,0.916666567325592,0.5833333134651184,0.8333332538604736
2,1,0.49999987500003124,0.6666664481163025,0.5000001249999375,0.9999997615814209,0.7499998211860657,0.49999988079071045
2,1,0.0,0.9999995231628418,1.0,0.4999997615814209,0.9999995231628418,0.4999997615814209
1,2,0.0,0.9999995231628418,1.0,0.9999998807907104,0.4285713732242584,0.9999998807907104
2,1,0.0,0.9999995231628418,1.0,0.7999998331069946,0.5999999046325684,0.5999999046325684
2,1,0.0,0.9999995231628418,1.0,0.9999998807907104,0.5714284777641296,0.5714284777641296
2,1,0.49999987500003124,0.33333322405815125,0.5000001249999375,0.7999998331069946,0.9999998211860657,0.0
2,1,0.9999997500000625,0.24999994039535522,0.5000000624999844,0.7999998331069946,0.3999999165534973,0.5999999046325684
2,1,0.0,0.9999997019767761,1.0,0.7999998331069946,0.5999999046325684,0.3999999165534973
2,1,0.0,0.9999997019767761,1.0,0.9999990463256836,0.0,0.9999990463256836
2,1,0.0,0.9999997019767761,1.0,0.9999998211860657,0.9999998211860657,0.666666567325592
2,1,0.0,0.9999995231628418,1.0,0.9999990463256836,0.9999990463256836,0.9999990463256836
2,1,0.49999987500003124,0.6666664481163025,0.5000001249999375,0.7142856121063232,0.4285713732242584,0.5714284777641296
2,1,0.49999987500003124,0.6666664481163025,0.5000001249999375,0.8999999165534973,0.3999999761581421,0.5999999642372131
2,1,0.49999987500003124,0.6666664481163025,0.2500001249999375,0.5714284777641296,0.5714284777641296,0.2857142388820648
2,1,0.49999987500003124,0.6666664481163025,0.2500001249999375,0.9090908169746399,0.6363635659217834,0.8181817531585693
2,1,0.9999997500000625,0.0,0.2500000624999844,0.923076868057251,0.42307689785957336,0.6923076510429382
2,1,0.49999987500003124,0.49999988079071045,0.5000001249999375,0.7999999523162842,0.6999999284744263,0.7999999523162842
2,1,0.49999987500003124,0.49999988079071045,0.2500001249999375,0.0,0.0,0.0
2,1,0.49999987500003124,0.49999988079071045,0.2500001249999375,0.8571428060531616,0.5714285373687744,0.7857142090797424
2,1,0.49999987500003124,0.49999988079071045,0.5000001249999375,0.6666666269302368,0.5833333134651184,0.4999999701976776
2,1,0.7499998125000469,0.24999994039535522,0.6666667172551499,0.0,0.9999990463256836,0.9999990463256836
3,1,0.0,0.9999997615814209,1.0,0.0,0.0,0.0
3,1,0.49999987500003124,0.49999988079071045,0.2500001249999375,0.0,0.0,0.0
2,1,0.49999987500003124,0.49999988079071045,0.5000001249999375,0.8749998807907104,0.2499999701976776,0.6249999403953552
3,1,0.49999987500003124,0.49999988079071045,0.2500001249999375,0.0,0.0,0.0
2,1,0.7499998125000469,0.24999994039535522,0.6666667172551499,0.6666664481163025,0.9999997019767761,0.9999997019767761
2,1,0.9999997500000625,0.0,0.3750000624999844,0.9999995231628418,0.9999995231628418,0.4999997615814209
2,1,0.49999987500003124,0.49999988079071045,0.2500001249999375,0.9999995231628418,0.0,0.9999995231628418
2,1,0.0,0.9999997615814209,1.0,0.9999997019767761,0.9999997019767761,0.0
2,1,0.0,0.9999997615814209,1.0,0.9999990463256836,0.0,0.9999990463256836
1,2,0.7499998125000469,0.7499998211860657,0.6666667172551499,0.7999998331069946,0.3999999165534973,0.7999998331069946
1,1,0.0,0.9999995231628418,1.0,0.6249999403953552,0.8749998807907104,0.3749999701976776
1,2,0.49999987500003124,0.9999997615814209,0.5000001249999375,0.9999998211860657,0.5999999046325684,0.5999999046325684
3,1,0.49999987500003124,0.6666664481163025,0.2500001249999375,0.0,0.0,0.0
1,2,0.0,0.9999995231628418,1.0,0.9999998211860657,0.166666641831398,0.8333331942558289
1,1,0.49999987500003124,0.9999997615814209,0.5000001249999375,0.8181817531585693,0.27272725105285645,0.5454545021057129
2,1,0.0,0.9999995231628418,1.0,0.7999998331069946,0.5999999046325684,0.3999999165534973
2,1,0.0,0.9999995231628418,1.0,0.166666641831398,0.8333331942558289,0.0
2,1,0.0,0.9999995231628418,1.0,0.0,0.0,0.0
2,1,0.49999987500003124,0.9999997615814209,0.5000001249999375,0.8999999165534973,0.6999999284744263,0.5999999642372131
2,1,0.0,0.0,1.0,0.7499998211860657,0.49999988079071045,0.7499998211860657
2,1,0.9999997500000625,0.9999997615814209,0.5000000624999844,0.9999990463256836,0.9999990463256836,0.0
1,2,0.49999987500003124,0.9999995231628418,0.2500001249999375,0.9999997615814209,0.7499998211860657,0.7499998211860657
1,2,0.0,0.0,1.0,0.9999998211860657,0.3999999165534973,0.9999998211860657
2,1,0.0,0.0,1.0,0.49999988079071045,0.49999988079071045,0.49999988079071045
1,2,0.0,0.9999995231628418,1.0,0.5882351994514465,0.47058817744255066,0.3529411256313324
1,1,0.49999987500003124,0.6666664481163025,0.2500001249999375,0.6190475821495056,0.7619047164916992,0.476190447807312
1,2,0.0,0.9999995231628418,1.0,0.6470587253570557,0.8823528289794922,0.3529411256313324
2,1,0.0,0.9999995231628418,1.0,0.9999990463256836,0.9999990463256836,0.9999990463256836
1,2,0.0,0.9999995231628418,1.0,0.7647057771682739,0.5294117331504822,0.5882351994514465
2,1,0.7499998125000469,0.9999997019767761,0.5000000456214295,0.33333322405815125,0.6666664481163025,0.33333322405815125
5,1,0.49999987500003124,0.9999995231628418,0.2500001249999375,0.0,0.0,0.0
2,1,0.0,0.0,1.0,0.7142856121063232,0.5714284777641296,0.5714284777641296
2,1,0.49999987500003124,0.9999995231628418,0.2500001249999375,0.8181817531585693,0.7272726893424988,0.8181817531585693
2,1,0.0,0.0,1.0,0.9090908169746399,0.5454545021057129,0.8181817531585693
2,1,0.0,0.9999995231628418,1.0,0.33333322405815125,0.6666664481163025,0.33333322405815125
2,1,0.0,0.9999995231628418,1.0,0.9999990463256836,0.0,0.9999990463256836
2,1,0.0,0.9999995231628418,1.0,0.0,0.0,0.0
2,1,0.49999987500003124,0.6666664481163025,0.2500001249999375,0.9999990463256836,0.0,0.9999990463256836
1,2,0.7499998125000469,0.7499998211860657,0.5000000456214295,0.7999998331069946,0.3999999165534973,0.5999999046325684
1,2,0.0,0.0,1.0,0.7999998331069946,0.19999995827674866,0.3999999165534973
2,1,0.49999987500003124,0.9999995231628418,0.5000001249999375,0.9999998211860657,0.49999991059303284,0.666666567325592
2,1,0.0,0.0,1.0,0.9999997615814209,0.49999988079071045,0.7499998211860657
2,1,0.0,0.0,1.0,0.7142856121063232,0.8571427464485168,0.1428571194410324
2,1,0.49999987500003124,0.9999995231628418,0.5000001249999375,0.7999998331069946,0.7999998331069946,0.5999999046325684
2,1,0.7499998125000469,0.7499998211860657,0.6666667172551499,0.611111044883728,0.7777776718139648,0.4444443881511688
2,1,0.49999987500003124,0.6666664481163025,0.5000001249999375,0.7647057771682739,0.5882351994514465,0.3529411256313324
2,1,0.49999987500003124,0.6666664481163025,0.5000001249999375,0.8888887763023376,0.666666567325592,0.666666567325592
3,1,0.49999987500003124,0.6666664481163025,0.2500001249999375,0.0,0.0,0.0
3,1,0.0,0.9999995231628418,1.0,0.0,0.0,0.0
1,2,0.49999987500003124,0.9999995231628418,0.5000001249999375,0.7333332896232605,0.6666666269302368,0.46666663885116577
2,1,0.0,0.0,1.0,0.8235293030738831,0.6470587253570557,0.5882351994514465
2,1,0.9999997500000625,0.9999997615814209,0.7500000312499921,0.0,0.9999997019767761,0.0
2,1,0.0,0.0,1.0,0.4285714030265808,0.928571343421936,0.1428571343421936
2,1,0.7499998125000469,0.9999997019767761,0.3333333888888703,0.714285671710968,0.6190475821495056,0.6190475821495056
3,1,0.49999987500003124,0.7499998211860657,0.2500001249999375,0.0,0.0,0.0
3,1,0.49999987500003124,0.7499998211860657,0.5000001249999375,0.0,0.0,0.0
3,1,0.49999987500003124,0.33333322405815125,0.5000001249999375,0.0,0.0,0.0
1,1,0.49999987500003124,0.33333322405815125,0.2500001249999375,0.615384578704834,0.7692307233810425,0.38461536169052124
1,2,0.0,0.9999997019767761,1.0,0.8888887763023376,0.555555522441864,0.7777776718139648
2,1,0.7499998125000469,0.7499998211860657,0.5000000456214295,0.7142856121063232,0.7142856121063232,0.4285713732242584
2,1,0.0,0.9999995231628418,1.0,0.5999999046325684,0.5999999046325684,0.5999999046325684
1,2,0.49999987500003124,0.6666664481163025,0.5000001249999375,0.6249999403953552,0.2499999701976776,0.4999999403953552
1,2,0.9999997500000625,0.49999988079071045,0.3750000624999844,0.3749999701976776,0.6249999403953552,0.3749999701976776
3,1,0.49999987500003124,0.6666664481163025,0.5000001249999375,0.0,0.0,0.0
1,2,0.49999987500003124,0.6666664481163025,0.2500001249999375,0.8749998807907104,0.6249999403953552,0.4999999403953552
2,1,0.0,0.9999995231628418,1.0,0.9999998211860657,0.49999991059303284,0.666666567325592
1,2,0.49999987500003124,0.6666664481163025,0.5000001249999375,0.8333331942558289,0.8333331942558289,0.49999991059303284
1,2,0.0,0.9999995231628418,1.0,0.666666567325592,0.4444443881511688,0.555555522441864
2,1,0.49999987500003124,0.6666664481163025,0.5000001249999375,0.9999990463256836,0.9999990463256836,0.9999990463256836
3,1,0.49999987500003124,0.6666664481163025,0.2500001249999375,0.0,0.0,0.0
3,1,0.49999987500003124,0.6666664481163025,0.5000001249999375,0.0,0.0,0.0
2,1,0.7499998125000469,0.33333322405815125,0.6666667172551499,0.5384615063667297,0.615384578704834,0.4615384340286255
2,1,0.49999987500003124,0.6666664481163025,0.5000001249999375,0.8333331942558289,0.9999998211860657,0.666666567325592
2,1,0.49999987500003124,0.6666664481163025,0.2500001249999375,0.666666567325592,0.611111044883728,0.166666641831398
2,1,0.49999987500003124,0.9999995231628418,0.5000001249999375,0.7499998211860657,0.7499998211860657,0.9999997615814209
1,2,0.49999987500003124,0.9999995231628418,0.2500001249999375,0.8749998807907104,0.7499999403953552,0.2499999701976776
1,2,0.49999987500003124,0.9999995231628418,0.5000001249999375,0.9999998807907104,0.8571427464485168,0.9999998807907104
2,1,0.7499998125000469,0.9999997019767761,0.5000000456214295,0.5714284777641296,0.5714284777641296,0.5714284777641296
2,1,0.49999987500003124,0.9999995231628418,0.5000001249999375,0.666666567325592,0.9999998211860657,0.333333283662796
2,1,0.0,0.9999995231628418,1.0,0.7499998211860657,0.24999994039535522,0.0
1,2,0.49999987500003124,0.6666664481163025,0.5000001249999375,0.49999991059303284,0.49999991059303284,0.666666567325592
1,1,0.49999987500003124,0.6666664481163025,0.5000001249999375,0.666666567325592,0.555555522441864,0.555555522441864
1,1,0.49999987500003124,0.6666664481163025,0.2500001249999375,0.7777776718139648,0.555555522441864,0.4444443881511688
2,1,0.49999987500003124,0.6666664481163025,0.5000001249999375,0.7142856121063232,0.7142856121063232,0.2857142388820648
1,2,0.0,0.9999997019767761,1.0,0.7499999403953552,0.2499999701976776,0.0
1,2,0.0,0.9999997019767761,1.0,0.8749998807907104,0.7499999403953552,0.6249999403953552
1,2,0.0,0.9999997019767761,1.0,0.7999998331069946,0.3999999165534973,0.5999999046325684
2,1,0.49999987500003124,0.7499998211860657,0.2500001249999375,0.9999995231628418,0.9999995231628418,0.4999997615814209
2,1,0.7499998125000469,0.49999988079071045,0.6666667172551499,0.4999997615814209,0.4999997615814209,0.4999997615814209
