multi-notes,multi-sylphones,rhyme density,rhyme distance,rhyme strength,longnote-stress,longnote-nonstop,longnote-longvowel
2,1,0.8333332638888947,0.09090908616781235,0.7541666667325582,0.7272726893424988,0.45454540848731995,0.8181817531585693
2,1,0.6666666111111158,0.4166666269302368,0.31250003124999604,0.8333332538604736,0.6333332657814026,0.6333332657814026
2,1,0.7499999375000053,0.3333333134651184,0.3194444592016923,0.7083332538604736,0.7499999403953552,0.4999999701976776
2,1,0.9999999166666736,0.0833333283662796,0.9166666688971252,0.78125,0.65625,0.6875
2,1,0.9166665902777842,0.0,0.589015163077022,0.9999999403953552,0.46666663885116577,0.46666663885116577
2,1,0.5833332847222263,0.4166666269302368,0.3412698685707126,0.7499999403953552,0.6249999403953552,0.6249999403953552
2,1,0.7499999375000053,0.2499999850988388,0.6567460355767601,0.928571343421936,0.4999999701976776,0.5714285373687744
2,1,0.5833332847222263,0.4166666269302368,0.5446428775510175,0.7058822512626648,0.7647057771682739,0.3529411256313324
1,2,0.4999999583333368,0.4999999701976776,0.4166666983992189,0.7222221493721008,0.4999999403953552,0.4444443881511688
2,1,0.9166665902777842,0.0833333283662796,0.7247474805214296,0.9999998807907104,0.7499999403953552,0.7499999403953552
1,2,0.41666663194444736,0.5454545021057129,0.5083333534651104,0.9259258508682251,0.555555522441864,0.7407407164573669
2,1,0.9999999166666736,0.0833333283662796,0.7250000193573625,0.8571427464485168,0.4285713732242584,0.5714284777641296
2,1,0.41666663194444736,0.6666666269302368,0.42500003999999203,0.8333332538604736,0.4999999701976776,0.5666666030883789
3,1,0.8333332638888947,0.2499999850988388,0.712500009999999,0.0,0.0,0.0
2,1,0.6666666111111158,0.4166666269302368,0.43750003124999604,0.5999999642372131,0.7999999523162842,0.3999999761581421
2,1,0.41666663194444736,0.666666567325592,0.6000000080790671,0.7826086282730103,0.6521738767623901,0.4782608151435852
1,2,0.8333332638888947,0.45454540848731995,0.4875000199999979,0.7894735932350159,0.5789473056793213,0.5263157486915588
2,1,0.9999999166666736,0.4166666269302368,0.6666666820503862,0.9999998807907104,0.5714284777641296,0.9999998807907104
1,2,0.9166665902777842,0.4999999701976776,0.6969697043993364,0.9333332777023315,0.5999999642372131,0.7333332896232605
2,1,0.6666666111111158,0.4999999403953552,0.43750003124999604,0.7727271914482117,0.6363635659217834,0.4999999701976776
2,1,0.6666666111111158,0.3636363446712494,0.31250002343749705,0.8124998807907104,0.4999999403953552,0.3749999701976776
2,1,0.9166665902777842,0.2499999850988388,0.5785984914433016,0.666666567325592,0.555555522441864,0.333333283662796
2,1,0.9999999166666736,0.1666666567325592,0.4166666775658908,0.6923076510429382,0.7692307233810425,0.7692307233810425
3,1,0.8333332638888947,0.3333333134651184,0.712500009999999,0.0,0.0,0.0
2,1,0.9999999166666736,0.1666666567325592,0.44166668998824077,0.6666666269302368,0.4999999701976776,0.3333333134651184
2,1,0.8333332638888947,0.3636363446712494,0.5187500199999979,0.923076868057251,0.615384578704834,0.6923076510429382
1,2,0.5833332847222263,0.4999999403953552,0.5446428775510175,0.615384578704834,0.5384615063667297,0.4615384340286255
1,2,0.7499999375000053,0.5833333134651184,0.3194444592016923,0.6999999284744263,0.8999999165534973,0.5999999642372131
2,1,0.7499999375000053,0.45454540848731995,0.4500000264658024,0.6923076510429382,0.615384578704834,0.5384615063667297
1,2,0.6666666111111158,0.5454545021057129,0.25000003124999604,0.5999999642372131,0.5999999642372131,0.4999999403953552
1,2,0.41666663194444736,0.5833333134651184,0.6000000080790671,0.7058822512626648,0.5294117331504822,0.5294117331504822
1,2,0.4999999583333368,0.4999999701976776,0.2500000416666597,0.6923076510429382,0.38461536169052124,0.38461536169052124
1,2,0.8333332638888947,0.1666666567325592,0.46666667673255713,0.684210479259491,0.473684161901474,0.3684210181236267
2,1,0.6666666111111158,0.3333333134651184,0.6666666723575572,0.9999990463256836,0.9999990463256836,0.9999990463256836
1,2,0.7499999375000053,0.2499999850988388,0.3402778024691331,0.8095237612724304,0.5238094925880432,0.5238094925880432
3,1,0.5833332847222263,0.7499999403953552,0.4801587640823398,0.0,0.0,0.0
1,2,0.9166665902777842,0.7272726893424988,0.45606063069540415,0.8863636255264282,0.3181818127632141,0.5227272510528564
2,1,0.6666666111111158,0.7777776718139648,0.39583336670493785,0.8275861740112305,0.4827585816383362,0.4827585816383362
2,1,0.8333332638888947,0.6999999284744263,0.6444444567953476,0.8648648858070374,0.5405405163764954,0.7297297120094299
2,1,0.6666666111111158,0.7777776718139648,0.39583336670493785,0.6666666865348816,0.7435897588729858,0.41025641560554504
1,2,0.5833332847222263,0.3636363446712494,0.42460318203583103,0.8749998807907104,0.3749999701976776,0.6249999403953552
1,2,0.5833332847222263,0.4999999701976776,0.2857143163265262,0.7857142090797424,0.6428570747375488,0.4999999701976776
1,2,0.9166665902777842,0.1666666567325592,0.5577651481758608,0.6666664481163025,0.6666664481163025,0.33333322405815125
1,2,0.9166665902777842,0.1666666567325592,0.6636363730528245,0.7142856121063232,0.7142856121063232,0.7142856121063232
1,2,0.7499999375000053,0.1818181723356247,0.5555555608285954,0.4999999403953552,0.3749999701976776,0.1249999850988388
2,1,0.4999999583333368,0.4999999403953552,0.2500000416666597,0.7777777314186096,0.5185185074806213,0.37037035822868347
1,2,0.7499999375000053,0.3636363446712494,0.3402778024691331,0.6296296119689941,0.7407407164573669,0.4814814329147339
3,1,0.7499999375000053,0.3636363446712494,0.8333333386783299,0.0,0.0,0.0
1,2,0.41666663194444736,0.7272726893424988,0.38333335346511044,0.76666659116745,0.46666663885116577,0.6333332657814026
1,2,0.8333332638888947,0.27272725105285645,0.44583333346511633,0.75,0.6875,0.625
2,1,0.6666666111111158,0.45454540848731995,0.39583336670493785,0.7619047164916992,0.5238094925880432,0.5714285373687744
2,1,0.5833332847222263,0.6666666269302368,0.369047659593967,0.714285671710968,0.5714285373687744,0.3809523582458496
1,2,0.9166665902777842,0.3333333134651184,0.4893939322395936,0.714285671710968,0.2857142686843872,0.6666666269302368
2,1,0.5833332847222263,0.5454545021057129,0.4196428775510175,0.9999999403953552,0.714285671710968,0.714285671710968
1,2,0.9166665902777842,0.1818181723356247,0.5160984914433016,0.9090908169746399,0.8181817531585693,0.45454540848731995
2,1,0.8333332638888947,0.3636363446712494,0.3625000199999979,0.8461537957191467,0.615384578704834,0.4615384340286255
2,1,0.8333332638888947,0.3636363446712494,0.5187500199999979,0.6999999284744263,0.4999999701976776,0.43333330750465393
1,2,0.7499999375000053,0.45454540848731995,0.3819444592016923,0.7777777314186096,0.5925925374031067,0.555555522441864
2,1,0.5833332847222263,0.4999999403953552,0.457142871590553,0.4999999403953552,0.4999999403953552,0.2499999701976776
3,1,0.6666666111111158,0.3999999761581421,0.43750002343749705,0.0,0.0,0.0
2,1,0.6666666111111158,0.45454540848731995,0.5083333410110453,0.7272726893424988,0.7272726893424988,0.45454540848731995
1,2,0.9999999166666736,0.2499999850988388,0.5416666840277763,0.6315788626670837,0.5789473056793213,0.42105257511138916
1,2,0.8333332638888947,0.4166666269302368,0.3937500199999979,0.8181817531585693,0.6363635659217834,0.5454545021057129
1,2,0.8333332638888947,0.4166666269302368,0.5500000199999979,0.7368420362472534,0.5789473056793213,0.5789473056793213
1,2,0.9166665902777842,0.3333333134651184,0.48484852124562394,0.6923076510429382,0.8461537957191467,0.4615384340286255
1,2,0.41666663194444736,0.6363635659217834,0.38333335346511044,0.8095237612724304,0.714285671710968,0.476190447807312
1,2,0.6666666111111158,0.19999998807907104,0.7083333439912776,0.7391303777694702,0.6521738767623901,0.43478256464004517
2,1,0.9999999166666736,0.1666666567325592,0.5416666606873395,0.8399999141693115,0.47999995946884155,0.6399999260902405
1,2,0.7499999375000053,0.27272725105285645,0.3194444592016923,0.7391303777694702,0.7391303777694702,0.5652173161506653
2,1,0.7499999375000053,0.27272725105285645,0.5486111308354127,0.333333283662796,0.7777776718139648,0.2222221940755844
1,2,0.5833332847222263,0.45454540848731995,0.42460318203583103,0.8333332538604736,0.555555522441864,0.4444443881511688
2,1,0.8333332638888947,0.3333333134651184,0.5000000209604629,0.8124998807907104,0.5624999403953552,0.6249999403953552
2,1,0.9166665902777842,0.2499999850988388,0.5473484914433016,0.666666567325592,0.666666567325592,0.49999991059303284
1,2,0.6666666111111158,0.3636363446712494,0.31250003124999604,0.6923076510429382,0.5384615063667297,0.307692289352417
2,1,0.5833332847222263,0.45454540848731995,0.3412698685707126,0.0,0.0,0.0
1,2,0.4999999583333368,0.6363635659217834,0.33333336111110645,0.6666666269302368,0.5999999642372131,0.46666663885116577
3,1,0.8333332638888947,0.4166666269302368,0.5611111135279068,0.0,0.0,0.0
1,2,0.7499999375000053,0.4999999701976776,0.3402778024691331,0.9999998807907104,0.8749998807907104,0.8749998807907104
1,2,0.7499999375000053,0.4999999701976776,0.48611111307278176,0.7222221493721008,0.555555522441864,0.333333283662796
1,2,0.7499999375000053,0.3636363446712494,0.2777778024691331,0.6923076510429382,0.4615384340286255,0.4615384340286255
1,3,0.6666666111111158,0.3999999761581421,0.42361109812354747,0.0,0.0,0.0
1,2,0.9999999166666736,0.3333333134651184,0.44166668998824077,0.9999999403953552,0.7272726893424988,0.6363635659217834
2,1,0.7499999375000053,0.1111110970377922,0.7222222296008461,0.9999998211860657,0.666666567325592,0.666666567325592
1,2,0.6666666111111158,0.6666666269302368,0.25000003124999604,0.9999998211860657,0.666666567325592,0.9999998211860657
1,2,0.41666663194444736,0.555555522441864,0.5083333534651104,0.3749999701976776,0.7499999403953552,0.2499999701976776
2,1,0.7499999375000053,0.45454540848731995,0.47222221756115457,0.6428570747375488,0.4999999701976776,0.357142835855484
2,1,0.7499999375000053,0.29999998211860657,0.3194444592016923,0.8749998807907104,0.4999999403953552,0.4999999403953552
2,1,0.7499999375000053,0.45454540848731995,0.3194444592016923,0.9999998807907104,0.5882351994514465,0.8235293030738831
1,2,0.7499999375000053,0.45454540848731995,0.6924603340634697,0.8333332538604736,0.666666567325592,0.4999999403953552
2,1,0.9999999166666736,0.3333333134651184,0.6249999806143434,0.5384615063667297,0.7692307233810425,0.5384615063667297
1,2,0.5833332847222263,0.45454540848731995,0.40714288947194643,0.8571427464485168,0.7142856121063232,0.7142856121063232
1,2,0.7499999375000053,0.27272725105285645,0.5666666712774326,0.49999988079071045,0.0,0.49999988079071045
1,2,0.4999999583333368,0.3999999761581421,0.2500000416666597,0.0,0.0,0.0
1,2,0.8333332638888947,0.3333333134651184,0.48888888070930325,0.8571427464485168,0.5714284777641296,0.5714284777641296
1,3,0.41666663194444736,0.6363635659217834,0.42500003999999203,0.0,0.0,0.0
1,2,0.6666666111111158,0.5833333134651184,0.35416668017005626,0.9999998211860657,0.19999995827674866,0.5999999046325684
1,2,0.9166665902777842,0.3333333134651184,0.48484849144330155,0.7857142090797424,0.5714285373687744,0.2857142686843872
1,2,0.8333332638888947,0.27272725105285645,0.5500000199999979,0.6999999284744263,0.4999999403953552,0.6999999284744263
1,2,0.5833332847222263,0.3999999761581421,0.42460318203583103,0.555555522441864,0.555555522441864,0.555555522441864
2,1,0.8333332638888947,0.27272725105285645,0.7541666667325582,0.9999998211860657,0.7999998331069946,0.5999999046325684
2,1,0.6666666111111158,0.3636363446712494,0.31250002343749705,0.7857142090797424,0.5714285373687744,0.4285714030265808
2,1,0.7499999375000053,0.27272725105285645,0.2777778024691331,0.714285671710968,0.4999999701976776,0.5714285373687744
1,1,0.4999999583333368,0.5454545021057129,0.41666667457622486,0.8461537957191467,0.7692307233810425,0.5384615063667297
2,1,0.5833332847222263,0.5833333134651184,0.5654761910161359,0.26923075318336487,0.8846153020858765,0.19230768084526062
2,1,0.6666666111111158,0.19999998807907104,0.5625000078124991,0.6363635659217834,0.5454545021057129,0.5454545021057129
2,1,0.6666666111111158,0.4166666269302368,0.35416668017005626,0.6799999475479126,0.559999942779541,0.559999942779541
2,1,0.7499999375000053,0.1818181723356247,0.6924603340634697,0.8571428060531616,0.714285671710968,0.5238094925880432
2,1,0.9166665902777842,0.0,0.45359849144330155,0.9999998807907104,0.8571427464485168,0.7142856121063232
1,2,0.9166665902777842,0.1666666567325592,0.4893939322395936,0.863636314868927,0.45454540848731995,0.4999999701976776
2,1,0.5833332847222263,0.4999999701976776,0.2857143163265262,0.5384615063667297,0.8461537957191467,0.5384615063667297
2,1,0.8333332638888947,0.09090908616781235,0.3625000199999979,0.8846153020858765,0.6538460850715637,0.5769230127334595
2,1,0.8333332638888947,0.2499999850988388,0.34166667673255713,0.8214285373687744,0.464285671710968,0.6071428060531616
2,1,0.6666666111111158,0.27272725105285645,0.35416668017005626,0.7499999403953552,0.7499999403953552,0.5833333134651184
2,1,0.8333332638888947,0.2499999850988388,0.5166666717325576,0.8333331942558289,0.333333283662796,0.49999991059303284
4,1,0.8333332638888947,0.2499999850988388,0.5611111135279068,0.0,0.0,0.0
1,1,0.8333332638888947,0.3333333134651184,0.34166667673255713,0.7499999403953552,0.3333333134651184,0.5416666269302368
1,2,0.41666663194444736,0.6363635659217834,0.5083333534651104,0.7727271914482117,0.6363635659217834,0.45454540848731995
2,1,0.9166665902777842,0.2499999850988388,0.5785984914433016,0.4999999403953552,0.5999999642372131,0.3999999761581421
2,1,0.6666666111111158,0.3636363446712494,0.35416668017005626,0.555555522441864,0.666666567325592,0.2222221940755844
2,1,0.9166665902777842,0.2499999850988388,0.48484849144330155,0.7777776718139648,0.7777776718139648,0.611111044883728
1,1,0.9166665902777842,0.27272725105285645,0.6969697043993364,0.7586206197738647,0.6896551251411438,0.5517240762710571
2,1,0.6666666111111158,0.3999999761581421,0.43750001562499796,0.7272726893424988,0.45454540848731995,0.3636363446712494
2,1,0.9166665902777842,0.4166666269302368,0.6136363760330568,0.9999999403953552,0.4999999701976776,0.5833333134651184
2,1,0.9999999166666736,0.3333333134651184,0.5416666840277763,0.5714285373687744,0.6428570747375488,0.3928571045398712
2,1,0.5833332847222263,0.7499999403953552,0.3412698685707126,0.7777776718139648,0.611111044883728,0.3888888359069824
1,2,0.5833332847222263,0.333333283662796,0.5321428894719464,0.863636314868927,0.4999999701976776,0.45454540848731995
2,1,0.8333332638888947,0.19999998807907104,0.3625000199999979,0.863636314868927,0.6818181276321411,0.45454540848731995
1,2,0.7499999375000053,0.5833333134651184,0.500000008584409,0.8181817531585693,0.6818181276321411,0.6363635659217834
2,1,0.9999999166666736,0.3333333134651184,0.7250000193573625,0.7333332896232605,0.7999999523162842,0.3999999761581421
1,2,0.9999999166666736,0.3333333134651184,0.7222222342945726,0.9999998807907104,0.6666666269302368,0.952380895614624
3,1,0.4999999583333368,0.45454540848731995,0.33333336111110645,0.0,0.0,0.0
2,1,0.8333332638888947,0.09090908616781235,0.48888888070930325,0.8947367668151855,0.3684210181236267,0.684210479259491
1,1,0.5833332847222263,0.4999999701976776,0.5029761910161359,0.7619047164916992,0.5714285373687744,0.5238094925880432
3,1,0.7499999375000053,0.3333333134651184,0.7222222296008461,0.0,0.0,0.0
1,2,0.6666666111111158,0.27272725105285645,0.31250003124999604,0.7894735932350159,0.684210479259491,0.684210479259491
1,2,0.7499999375000053,0.4166666269302368,0.5694444563402226,0.8461537957191467,0.6923076510429382,0.615384578704834
2,1,0.8333332638888947,0.1818181723356247,0.3625000199999979,0.714285671710968,0.6428570747375488,0.5714285373687744
2,1,0.9166665902777842,0.09090908616781235,0.48484849144330155,0.7142856121063232,0.7142856121063232,0.5714284777641296
3,1,0.6666666111111158,0.3636363446712494,0.43750002343749705,0.0,0.0,0.0
1,2,0.9999999166666736,0.1666666567325592,0.3749999974928947,0.6874999403953552,0.4374999403953552,0.3749999701976776
2,1,0.9166665902777842,0.2499999850988388,0.45359849144330155,0.9999998807907104,0.666666567325592,0.7777776718139648
1,2,0.7499999375000053,0.4166666269302368,0.3819444592016923,0.6999999284744263,0.6999999284744263,0.19999998807907104
1,2,0.7499999375000053,0.27272725105285645,0.3402778024691331,0.8260868787765503,0.6521738767623901,0.3913043141365051
1,2,0.41666663194444736,0.6363635659217834,0.5083333534651104,0.8235293030738831,0.5882351994514465,0.5882351994514465
2,1,0.4999999583333368,0.3999999761581421,0.39583336111110645,0.8333332538604736,0.7499999403953552,0.6666666269302368
3,1,0.6666666111111158,0.27272725105285645,0.43750002343749705,0.0,0.0,0.0
1,2,0.5833332847222263,0.3636363446712494,0.4801587640823398,0.8124998807907104,0.6249999403953552,0.5624999403953552
2,1,0.8333332638888947,0.09090908616781235,0.38333333346511633,0.9999999403953552,0.38461536169052124,0.5384615063667297
2,1,0.6666666111111158,0.4166666269302368,0.43750003124999604,0.7857142090797424,0.5714285373687744,0.4285714030265808
1,2,0.6666666111111158,0.4166666269302368,0.42361109812354747,0.8749998807907104,0.4999999403953552,0.3749999701976776
1,2,0.7499999375000053,0.2499999850988388,0.4444444592016923,0.684210479259491,0.5263157486915588,0.42105257511138916
1,2,0.8333332638888947,0.1666666567325592,0.5500000199999979,0.7368420362472534,0.42105257511138916,0.3684210181236267
1,2,0.9166665902777842,0.0833333283662796,0.6969697043993364,0.8333331942558289,0.333333283662796,0.666666567325592
1,2,0.7499999375000053,0.2499999850988388,0.3194444592016923,0.5384615063667297,0.4615384340286255,0.38461536169052124
1,2,0.7499999375000053,0.2499999850988388,0.3611111159342515,0.6818181276321411,0.7727271914482117,0.45454540848731995
1,2,0.7499999375000053,0.3333333134651184,0.5166666891588261,0.7777776718139648,0.555555522441864,0.555555522441864
1,2,0.7499999375000053,0.1818181723356247,0.4027778024691331,0.7777776718139648,0.555555522441864,0.666666567325592
1,2,0.8333332638888947,0.2499999850988388,0.30000003692092647,0.8823528289794922,0.47058817744255066,0.5882351994514465
1,2,0.5833332847222263,0.3636363446712494,0.3412698685707126,0.5333333015441895,0.6666666269302368,0.3999999761581421
2,1,0.7499999375000053,0.1818181723356247,0.5486111308354127,0.7647057771682739,0.47058817744255066,0.3529411256313324
1,2,0.6666666111111158,0.29999998211860657,0.562500023437497,0.7906976938247681,0.6511628031730652,0.5813953280448914
1,2,0.6666666111111158,0.5833333134651184,0.31250003124999604,0.7727272510528564,0.5454545617103577,0.34090909361839294
2,1,0.4999999583333368,0.6363635659217834,0.3333333849341005,0.7826086282730103,0.6086956262588501,0.5652173161506653
2,1,0.5833332847222263,0.5454545021057129,0.40714288947194643,0.9374998807907104,0.4999999403953552,0.4374999403953552
2,1,0.6666666111111158,0.45454540848731995,0.43750002343749705,0.774193525314331,0.5161290168762207,0.4516128897666931
3,1,0.5833332847222263,0.4166666269302368,0.3412698685707126,0.0,0.0,0.0
2,1,0.7499999375000053,0.2499999850988388,0.6924603340634697,0.9999990463256836,0.9999990463256836,0.9999990463256836
2,1,0.8333332638888947,0.1666666567325592,0.30000003692092647,0.8947367668151855,0.42105257511138916,0.3684210181236267
2,1,0.9166665902777842,0.0833333283662796,0.7191919252970109,0.9999998807907104,0.5714284777641296,0.5714284777641296
2,1,0.6666666111111158,0.3333333134651184,0.39583336670493785,0.9090908169746399,0.7272726893424988,0.8181817531585693
2,1,0.6666666111111158,0.4999999701976776,0.39583336670493785,0.7499999403953552,0.5833333134651184,0.6666666269302368
2,1,0.6666666111111158,0.3636363446712494,0.25000003124999604,0.730769157409668,0.4999999701976776,0.5384615063667297
1,2,0.6666666111111158,0.3636363446712494,0.43750002343749705,0.6666666269302368,0.6999999284744263,0.46666663885116577
2,1,0.9166665902777842,0.2499999850988388,0.45359849144330155,0.7999999523162842,0.6999999284744263,0.5999999642372131
2,1,0.8333332638888947,0.3333333134651184,0.3625000199999979,0.8148147463798523,0.4444444179534912,0.5925925374031067
2,1,0.7499999375000053,0.2499999850988388,0.3194444592016923,0.8064515590667725,0.7096773982048035,0.5483870506286621
2,1,0.4999999583333368,0.4999999701976776,0.3333333849341005,0.8999999165534973,0.4999999403953552,0.3999999761581421
2,1,0.5833332847222263,0.4166666269302368,0.4196428775510175,0.7999999523162842,0.4999999403953552,0.6999999284744263
2,1,0.8333332638888947,0.1666666567325592,0.3937500199999979,0.7333332896232605,0.6999999284744263,0.46666663885116577
2,1,0.7499999375000053,0.2499999850988388,0.5486111308354127,0.8999999165534973,0.5999999642372131,0.3999999761581421
2,1,0.6666666111111158,0.4166666269302368,0.39583336670493785,0.8461537957191467,0.5384615063667297,0.5384615063667297
2,1,0.8333332638888947,0.2499999850988388,0.5861111194883712,0.947368323802948,0.3684210181236267,0.3684210181236267
2,1,0.9166665902777842,0.1666666567325592,0.5056818347107424,0.7894735932350159,0.42105257511138916,0.31578943133354187
1,2,0.9166665902777842,0.0,0.5577651481758608,0.5833333134651184,0.6666666269302368,0.4166666269302368
2,1,0.5833332847222263,0.3636363446712494,0.2857143163265262,0.9444443583488464,0.4444443881511688,0.4444443881511688
2,1,0.6666666111111158,0.5833333134651184,0.37500003124999604,0.6666666269302368,0.5925925374031067,0.40740737318992615
1,2,0.8333332638888947,0.4166666269302368,0.5500000199999979,0.8333332538604736,0.555555522441864,0.611111044883728
2,1,0.41666663194444736,0.4444443881511688,0.42500003999999203,0.714285671710968,0.6428570747375488,0.4285714030265808
1,2,0.6666666111111158,0.45454540848731995,0.25000003124999604,0.6551723480224609,0.7241379022598267,0.41379308700561523
1,2,0.8333332638888947,0.4166666269302368,0.3937500199999979,0.714285671710968,0.6428570747375488,0.3928571045398712
1,2,0.7499999375000053,0.3333333134651184,0.5166666891588261,0.9374998807907104,0.6874999403953552,0.6874999403953552
1,2,0.6666666111111158,0.27272725105285645,0.31250002343749705,0.6521738767623901,0.5652173161506653,0.30434781312942505
1,1,0.9999999166666736,0.0833333283662796,0.7250000193573625,0.7199999690055847,0.559999942779541,0.4399999678134918
1,2,0.9166665902777842,0.1666666567325592,0.5886363700725923,0.7692307233810425,0.5384615063667297,0.38461536169052124
1,2,0.41666663194444736,0.6666666269302368,0.5083333534651104,0.8181817531585693,0.7272726893424988,0.7272726893424988
1,2,0.41666663194444736,0.5833333134651184,0.5083333534651104,0.7499999403953552,0.4999999403953552,0.5624999403953552
2,1,0.6666666111111158,0.3333333134651184,0.500000015624998,0.9999998807907104,0.9999998807907104,0.4999999403953552
2,1,0.8333332638888947,0.1666666567325592,0.6976190547807302,0.7499999403953552,0.6874999403953552,0.4374999403953552
2,1,0.9999999166666736,0.0,0.6666666820503862,0.7999999523162842,0.5999999642372131,0.3999999761581421
1,2,0.8333332638888947,0.1666666567325592,0.40416667673255713,0.9047618508338928,0.6190475821495056,0.476190447807312
1,2,0.6666666111111158,0.45454540848731995,0.25000003124999604,0.8157894611358643,0.5,0.4736842215061188
1,1,0.5833332847222263,0.5454545021057129,0.3412698685707126,0.7179487347602844,0.6153846383094788,0.43589743971824646
2,1,0.7499999375000053,0.3636363446712494,0.5666666712774326,0.8285714387893677,0.4285714328289032,0.6000000238418579
2,1,0.6666666111111158,0.45454540848731995,0.43750001562499796,0.6923076510429382,0.42307689785957336,0.4615384340286255
1,2,0.8333332638888947,0.4166666269302368,0.5187500199999979,0.7142857313156128,0.6571428775787354,0.5428571701049805
1,2,0.9999999166666736,0.3333333134651184,0.6250000104166658,0.8913043737411499,0.43478259444236755,0.6739130616188049
3,1,0.6666666111111158,0.3999999761581421,0.31250003124999604,0.0,0.0,0.0
1,2,0.3333333055555579,0.666666567325592,0.2500000624999844,0.7906976938247681,0.6511628031730652,0.5581395626068115
1,2,0.5833332847222263,0.6363635659217834,0.3412698685707126,0.7727272510528564,0.6136363744735718,0.3636363744735718
2,1,0.7499999375000053,0.29999998211860657,0.603174602747857,0.5517240762710571,0.7586206197738647,0.4827585816383362
1,2,0.9999999166666736,0.2499999850988388,0.3749999974928947,0.8695651888847351,0.5,0.45652174949645996
1,2,0.4999999583333368,0.6363635659217834,0.41666667457622486,0.7777777910232544,0.6888889074325562,0.5555555820465088
2,1,0.6666666111111158,0.5833333134651184,0.35416668017005626,0.7727271914482117,0.6363635659217834,0.45454540848731995
2,1,0.6666666111111158,0.45454540848731995,0.43750003124999604,0.8666666150093079,0.5333333015441895,0.6666666269302368
2,1,0.7499999375000053,0.3636363446712494,0.611111127973943,0.6071428060531616,0.714285671710968,0.4285714030265808
3,1,0.6666666111111158,0.4166666269302368,0.43750002343749705,0.0,0.0,0.0
2,1,0.5833332847222263,0.4999999701976776,0.2857143163265262,0.8461537957191467,0.5384615063667297,0.38461536169052124
3,1,0.5833332847222263,0.3636363446712494,0.2857143163265262,0.0,0.0,0.0
2,1,0.5833332847222263,0.4999999701976776,0.42460318203583103,0.8076922297477722,0.3461538255214691,0.38461536169052124
2,1,0.4999999583333368,0.45454540848731995,0.3333333849341005,0.8571428060531616,0.8095237612724304,0.6190475821495056
1,2,0.9166665902777842,0.2499999850988388,0.4893939322395936,0.7631579041481018,0.5,0.6315789222717285
1,2,0.7499999375000053,0.09999999403953552,0.4861111159342515,0.6600000262260437,0.699999988079071,0.5
1,2,0.8333332638888947,0.1818181723356247,0.6111111105476745,0.7551020383834839,0.6530612111091614,0.5510203838348389
1,2,0.6666666111111158,0.4999999701976776,0.37500003124999604,0.7105262875556946,0.5789473652839661,0.5263158082962036
1,2,0.7499999375000053,0.4166666269302368,0.4444444592016923,0.8703703880310059,0.5740740895271301,0.6111111044883728
1,2,0.8333332638888947,0.2499999850988388,0.6111111105476745,0.6190475821495056,0.714285671710968,0.5238094925880432
2,1,0.7499999375000053,0.3333333134651184,0.7222222296008461,0.9999998211860657,0.7999998331069946,0.7999998331069946
1,2,0.9999999166666736,0.0833333283662796,0.9166666688971252,0.6470587253570557,0.6470587253570557,0.5294117331504822
1,2,0.6666666111111158,0.27272725105285645,0.37500003124999604,0.7333332896232605,0.7999999523162842,0.3999999761581421
1,2,0.9999999166666736,0.0833333283662796,0.7222222342945726,0.5499999523162842,0.5999999642372131,0.4999999403953552
2,1,0.5833332847222263,0.45454540848731995,0.2857143163265262,0.666666567325592,0.4444443881511688,0.555555522441864
2,1,0.6666666111111158,0.3636363446712494,0.45138888914680186,0.8235294222831726,0.5882353186607361,0.6176470518112183
2,1,0.5833332847222263,0.45454540848731995,0.40714288947194643,0.8536585569381714,0.5121951103210449,0.5365853905677795
2,1,0.8333332638888947,0.1818181723356247,0.5187500199999979,0.8500000238418579,0.550000011920929,0.75
2,1,0.7499999375000053,0.4166666269302368,0.4500000264658024,0.699999988079071,0.574999988079071,0.4000000059604645
1,2,0.41666663194444736,0.6666666269302368,0.42500003999999203,0.7999999523162842,0.7999999523162842,0.8999999165534973
1,2,0.4999999583333368,0.5833333134651184,0.45833336111110645,0.5999999046325684,0.7999998331069946,0.3999999165534973
1,2,0.5833332847222263,0.4999999701976776,0.3412698685707126,0.9999998807907104,0.4999999403953552,0.29999998211860657
1,2,0.7499999375000053,0.1818181723356247,0.2777778024691331,0.666666567325592,0.555555522441864,0.333333283662796
1,2,0.6666666111111158,0.4166666269302368,0.43750003124999604,0.0,0.0,0.0
2,1,0.6666666111111158,0.4999999701976776,0.45833332909011637,0.9999998211860657,0.666666567325592,0.8333331942558289
2,1,0.4999999583333368,0.6666666269302368,0.39583336111110645,0.8333332538604736,0.4999999701976776,0.6666666269302368
3,1,0.4999999583333368,0.5454545021057129,0.5833333611111065,0.0,0.0,0.0
2,1,0.8333332638888947,0.1818181723356247,0.47500001499999844,0.8124998807907104,0.7499999403953552,0.4999999403953552
2,1,0.6666666111111158,0.4999999701976776,0.25000003124999604,0.8823528289794922,0.5294117331504822,0.47058817744255066
2,1,0.6666666111111158,0.3636363446712494,0.43750002343749705,0.666666567325592,0.333333283662796,0.3888888359069824
2,1,0.7499999375000053,0.4166666269302368,0.47222221756115457,0.7619047164916992,0.714285671710968,0.5714285373687744
2,1,0.6666666111111158,0.3636363446712494,0.500000015624998,0.6666664481163025,0.9999997019767761,0.6666664481163025
1,2,0.9166665902777842,0.2499999850988388,0.817424248701883,0.5833333134651184,0.7916666269302368,0.7083332538604736
2,1,0.8333332638888947,0.3333333134651184,0.6976190547807302,0.4999999403953552,0.6249999403953552,0.4999999403953552
2,1,0.5833332847222263,0.5454545021057129,0.3412698685707126,0.611111044883728,0.7222221493721008,0.277777761220932
1,2,0.7499999375000053,0.4999999701976776,0.38888890409603616,0.8749998807907104,0.5624999403953552,0.5624999403953552
1,2,0.9999999166666736,0.2499999850988388,0.6567460402704866,0.6923076510429382,0.8461537957191467,0.615384578704834
1,2,0.6666666111111158,0.45454540848731995,0.5208333667049379,0.7647057771682739,0.41176465153694153,0.5294117331504822
1,2,0.9999999166666736,0.2499999850988388,0.49166667210684734,0.7857142090797424,0.6428570747375488,0.4285714030265808
2,1,0.7499999375000053,0.1818181723356247,0.3402778024691331,0.8235293030738831,0.5294117331504822,0.5294117331504822
2,1,0.41666663194444736,0.5454545021057129,0.42500003999999203,0.6363635659217834,0.6363635659217834,0.45454540848731995
2,1,0.8333332638888947,0.2499999850988388,0.6916666667325582,0.6999999284744263,0.19999998807907104,0.3999999761581421
5,1,0.4999999583333368,0.5833333134651184,0.33333336111110645,0.0,0.0,0.0
2,1,0.6666666111111158,0.4166666269302368,0.625000015624998,0.8235293030738831,0.47058817744255066,0.47058817744255066
1,2,0.6666666111111158,0.4166666269302368,0.43750002343749705,0.9999997615814209,0.49999988079071045,0.49999988079071045
1,3,0.9999999166666736,0.0833333283662796,0.5666666899882408,0.0,0.0,0.0
1,2,0.8333332638888947,0.2499999850988388,0.3937500199999979,0.4999997615814209,0.4999997615814209,0.4999997615814209
1,2,0.9166665902777842,0.1666666567325592,0.48484849144330155,0.4999997615814209,0.9999995231628418,0.0
1,3,0.5833332847222263,0.3636363446712494,0.3412698685707126,0.0,0.0,0.0
2,1,0.8333332638888947,0.4166666269302368,0.712500009999999,0.6956521272659302,0.4782608151435852,0.6956521272659302
3,1,0.6666666111111158,0.45454540848731995,0.6083333350505808,0.0,0.0,0.0
1,2,0.8333332638888947,0.27272725105285645,0.4250000199999979,0.7647057771682739,0.41176465153694153,0.23529408872127533
1,2,0.41666663194444736,0.7272726893424988,0.5083333534651104,0.7499999403953552,0.6249999403953552,0.6249999403953552
2,1,0.9166665902777842,0.1818181723356247,0.6969697043993364,0.9130433797836304,0.6521738767623901,0.6086956262588501
1,2,0.41666663194444736,0.555555522441864,0.42500003999999203,0.666666567325592,0.666666567325592,0.4444443881511688
1,2,0.7499999375000053,0.45454540848731995,0.37500000858440896,0.9999997019767761,0.6666664481163025,0.9999997019767761
1,2,0.6666666111111158,0.3999999761581421,0.42361109812354747,0.8333331942558289,0.49999991059303284,0.8333331942558289
2,1,0.9166665902777842,0.4166666269302368,0.6636363730528245,0.9999995231628418,0.9999995231628418,0.9999995231628418
1,3,0.7499999375000053,0.45454540848731995,0.3611111457365739,0.0,0.0,0.0
1,2,0.4999999583333368,0.5454545021057129,0.2500000416666597,0.8571428060531616,0.357142835855484,0.4285714030265808
1,3,0.9166665902777842,0.09090908616781235,0.5580808237888704,0.0,0.0,0.0
1,2,0.7499999375000053,0.27272725105285645,0.4444444265379002,0.5999999046325684,0.19999995827674866,0.3999999165534973
1,2,0.7499999375000053,0.4166666269302368,0.500000008584409,0.7777776718139648,0.4444443881511688,0.7777776718139648
1,2,0.5833332847222263,0.45454540848731995,0.2857143163265262,0.916666567325592,0.7499999403953552,0.6666666269302368
1,2,0.7499999375000053,0.5833333134651184,0.5277777996076634,0.666666567325592,0.4444443881511688,0.555555522441864
2,1,0.5833332847222263,0.4999999403953552,0.3412698685707126,0.666666567325592,0.49999991059303284,0.49999991059303284
1,2,0.41666663194444736,0.6999999284744263,0.42500003999999203,0.7857142090797424,0.5714285373687744,0.2857142686843872
1,2,0.41666663194444736,0.8181817531585693,0.42500003999999203,0.666666567325592,0.2222221940755844,0.666666567325592
3,1,0.41666663194444736,0.555555522441864,0.42500003999999203,0.0,0.0,0.0
1,3,0.9999999166666736,0.2499999850988388,0.5555555626608522,0.0,0.0,0.0
1,2,0.5833332847222263,0.5454545021057129,0.5079365253032718,0.9999995231628418,0.4999997615814209,0.9999995231628418
1,3,0.6666666111111158,0.5833333134651184,0.35416668017005626,0.0,0.0,0.0
1,3,0.7499999375000053,0.3636363446712494,0.48333335781231423,0.0,0.0,0.0
1,2,0.7499999375000053,0.19999998807907104,0.2777778024691331,0.555555522441864,0.7777776718139648,0.1111110970377922
1,2,0.6666666111111158,0.45454540848731995,0.47916668017005626,0.8333331942558289,0.8333331942558289,0.333333283662796
1,2,0.4999999583333368,0.4999999403953552,0.2500000416666597,0.7499998211860657,0.24999994039535522,0.49999988079071045
1,2,0.7499999375000053,0.3636363446712494,0.4000000443471958,0.9999997615814209,0.49999988079071045,0.49999988079071045
1,2,0.9166665902777842,0.3333333134651184,0.4893939322395936,0.9999995231628418,0.4999997615814209,0.9999995231628418
1,3,0.5833332847222263,0.5454545021057129,0.42460318203583103,0.0,0.0,0.0
1,2,0.6666666111111158,0.45454540848731995,0.35416668017005626,0.5999999046325684,0.3999999165534973,0.5999999046325684
1,2,0.7499999375000053,0.19999998807907104,0.38888890409603616,0.6666664481163025,0.9999997019767761,0.6666664481163025
1,2,0.6666666111111158,0.5833333134651184,0.43750003124999604,0.4444443881511688,0.666666567325592,0.4444443881511688
1,2,0.7499999375000053,0.19999998807907104,0.4500000264658024,0.5384615063667297,0.6923076510429382,0.38461536169052124
1,2,0.4999999583333368,0.4999999403953552,0.2500000416666597,0.7499999403953552,0.5833333134651184,0.5833333134651184
1,2,0.7499999375000053,0.4999999701976776,0.3819444592016923,0.666666567325592,0.9999998807907104,0.555555522441864
1,2,0.7499999375000053,0.3636363446712494,0.4444444592016923,0.7142856121063232,0.4285713732242584,0.5714284777641296
1,3,0.3333333055555579,0.6999999284744263,0.2500000624999844,0.0,0.0,0.0
1,3,0.4999999583333368,0.6363635659217834,0.3333333849341005,0.0,0.0,0.0
1,2,0.8333332638888947,0.4166666269302368,0.6444444567953476,0.8333332538604736,0.6666666269302368,0.6666666269302368
1,2,0.8333332638888947,0.2499999850988388,0.48888888070930325,0.9999998807907104,0.555555522441864,0.666666567325592
1,2,0.9166665902777842,0.1666666567325592,0.4893939322395936,0.9999997019767761,0.6666664481163025,0.33333322405815125
1,2,0.6666666111111158,0.4166666269302368,0.37500003124999604,0.9999998211860657,0.5999999046325684,0.3999999165534973
1,2,0.9166665902777842,0.1666666567325592,0.45359849144330155,0.8888887763023376,0.555555522441864,0.666666567325592
1,2,0.6666666111111158,0.27272725105285645,0.31250003124999604,0.9999990463256836,0.9999990463256836,0.9999990463256836
2,1,0.8333332638888947,0.2499999850988388,0.38333333346511633,0.714285671710968,0.8571428060531616,0.357142835855484
1,3,0.8333332638888947,0.09090908616781235,0.3625000199999979,0.0,0.0,0.0
1,2,0.8333332638888947,0.2499999850988388,0.48888888070930325,0.9999998211860657,0.666666567325592,0.666666567325592
2,1,0.7499999375000053,0.1818181723356247,0.6388889012345665,0.9999999403953552,0.714285671710968,0.8571428060531616
1,3,0.8333332638888947,0.2499999850988388,0.44583333346511633,0.0,0.0,0.0
1,3,0.6666666111111158,0.3636363446712494,0.43750003124999604,0.0,0.0,0.0
1,3,0.9999999166666736,0.1666666567325592,0.5416666606873395,0.0,0.0,0.0
1,2,0.7499999375000053,0.27272725105285645,0.6000000175251057,0.9999997019767761,0.33333322405815125,0.9999997019767761
2,1,0.9166665902777842,0.2499999850988388,0.6969697043993364,0.7999999523162842,0.5999999642372131,0.3999999761581421
1,3,0.9166665902777842,0.2499999850988388,0.44318183471074235,0.0,0.0,0.0
2,1,0.7499999375000053,0.0,0.8333333386783299,0.9999998807907104,0.9999998807907104,0.7999999523162842
1,2,0.5833332847222263,0.5454545021057129,0.5079365253032718,0.9999995231628418,0.0,0.9999995231628418
1,2,0.9999999166666736,0.2499999850988388,0.3749999974928947,0.0,0.0,0.0
1,2,0.5833332847222263,0.5454545021057129,0.39682539101257663,0.7499998211860657,0.24999994039535522,0.9999997615814209
1,2,0.6666666111111158,0.45454540848731995,0.47916668017005626,0.0,0.0,0.0
2,1,0.7499999375000053,0.2499999850988388,0.4000000443471958,0.8799999356269836,0.5199999809265137,0.559999942779541
2,1,0.6666666111111158,0.3333333134651184,0.39583336670493785,0.7999999523162842,0.7333332896232605,0.3999999761581421
2,1,0.41666663194444736,0.5833333134651184,0.38333335346511044,0.8214285373687744,0.5357142686843872,0.5357142686843872
3,1,0.7499999375000053,0.2499999850988388,0.7222222296008461,0.0,0.0,0.0
2,1,0.5833332847222263,0.4166666269302368,0.2857143163265262,0.8666666150093079,0.3999999761581421,0.7333332896232605
2,1,0.6666666111111158,0.19999998807907104,0.35416668017005626,0.6935483813285828,0.5967742204666138,0.4516128897666931
1,2,0.8333332638888947,0.3333333134651184,0.34166667673255713,0.703125,0.546875,0.421875
2,1,0.9999999166666736,0.1666666567325592,0.6416666696280362,0.859375,0.65625,0.703125
2,1,0.8333332638888947,0.3333333134651184,0.6444444567953476,0.8409090638160706,0.5909090638160706,0.6818181872367859
2,1,0.6666666111111158,0.4999999701976776,0.500000015624998,0.6071428060531616,0.5714285373687744,0.464285671710968
1,2,0.6666666111111158,0.5454545021057129,0.562500023437497,0.8888888359069824,0.7777777314186096,0.6666666269302368
1,2,0.7499999375000053,0.29999998211860657,0.4027778024691331,0.71875,0.53125,0.5625
2,1,0.8333332638888947,0.4999999701976776,0.4250000199999979,0.7857142090797424,0.5357142686843872,0.6428570747375488
2,1,0.9166665902777842,0.4166666269302368,0.794507581538511,0.6969696879386902,0.5757575631141663,0.4848484992980957
1,2,0.4999999583333368,0.7272726893424988,0.45833336111110645,0.7586206197738647,0.41379308700561523,0.5517240762710571
1,2,0.7499999375000053,0.2222221940755844,0.3819444592016923,0.6818181276321411,0.7272726893424988,0.3636363446712494
2,1,0.9166665902777842,0.4999999701976776,0.38068183471074235,0.6470587253570557,0.8235293030738831,0.47058817744255066
2,1,0.7499999375000053,0.5454545021057129,0.4444444592016923,0.7058822512626648,0.5882351994514465,0.47058817744255066
2,1,0.5833332847222263,0.4444443881511688,0.5321428894719464,0.6874999403953552,0.4999999403953552,0.5624999403953552
1,2,0.7499999375000053,0.3999999761581421,0.2777778024691331,0.684210479259491,0.5789473056793213,0.31578943133354187
2,1,0.7499999375000053,0.5454545021057129,0.4027778024691331,0.666666567325592,0.555555522441864,0.333333283662796
1,2,0.6666666111111158,0.6363635659217834,0.43750003124999604,0.8421051502227783,0.5263157486915588,0.42105257511138916
2,1,0.7499999375000053,0.3999999761581421,0.8333333386783299,0.9999995231628418,0.9999995231628418,0.9999995231628418
1,2,0.4999999583333368,0.555555522441864,0.2500000416666597,0.7647057771682739,0.7647057771682739,0.41176465153694153
2,1,0.8333332638888947,0.29999998211860657,0.38333333346511633,0.7272726893424988,0.5454545021057129,0.6363635659217834
2,1,0.41666663194444736,0.555555522441864,0.38333335346511044,0.7272726893424988,0.4999999701976776,0.4999999701976776
2,1,0.6666666111111158,0.2222221940755844,0.47916668017005626,0.7894735932350159,0.5263157486915588,0.473684161901474
2,1,0.6666666111111158,0.5454545021057129,0.43750003124999604,0.9333332777023315,0.5333333015441895,0.5999999642372131
2,1,0.6666666111111158,0.5454545021057129,0.5083333410110453,0.7142856121063232,0.9999998807907104,0.4285713732242584
2,1,0.7499999375000053,0.45454540848731995,0.603174602747857,0.5454545021057129,0.9090908169746399,0.5454545021057129
1,2,0.6666666111111158,0.29999998211860657,0.35416668017005626,0.5789473056793213,0.7368420362472534,0.42105257511138916
2,1,0.6666666111111158,0.5833333134651184,0.43750003124999604,0.611111044883728,0.555555522441864,0.4444443881511688
2,1,0.9166665902777842,0.3333333134651184,0.7247474805214296,0.9999999403953552,0.5833333134651184,0.5833333134651184
1,2,0.7499999375000053,0.4999999701976776,0.4444444265379002,0.8666666150093079,0.5999999642372131,0.3333333134651184
1,1,0.7499999375000053,0.4999999701976776,0.3402778024691331,0.7894735932350159,0.6315788626670837,0.5263157486915588
2,1,0.7499999375000053,0.4999999701976776,0.48611111307278176,0.7499999403953552,0.4999999403953552,0.6249999403953552
2,1,0.8333332638888947,0.27272725105285645,0.6777777732406982,0.947368323802948,0.473684161901474,0.684210479259491
2,1,0.5833332847222263,0.6666666269302368,0.369047659593967,0.6470587253570557,0.7647057771682739,0.41176465153694153
2,1,0.5833332847222263,0.3999999761581421,0.2857143163265262,0.923076868057251,0.7692307233810425,0.4615384340286255
2,1,0.41666663194444736,0.4444443881511688,0.30000003999999203,0.7692307233810425,0.4615384340286255,0.23076921701431274
1,2,0.6666666111111158,0.3636363446712494,0.31250003124999604,0.8181817531585693,0.4999999701976776,0.40909087657928467
1,2,0.5833332847222263,0.5833333134651184,0.369047659593967,0.7222221493721008,0.4999999403953552,0.611111044883728
1,2,0.8333332638888947,0.3333333134651184,0.4875000199999979,0.7727271914482117,0.5454545021057129,0.45454540848731995
2,1,0.9166665902777842,0.2499999850988388,0.50568180490842,0.9047618508338928,0.5714285373687744,0.5238094925880432
2,1,0.7499999375000053,0.4166666269302368,0.3819444592016923,0.8749998807907104,0.6249999403953552,0.3749999701976776
2,1,0.5833332847222263,0.6999999284744263,0.2857143163265262,0.8421051502227783,0.5789473056793213,0.6315788626670837
2,1,0.7499999375000053,0.7499999403953552,0.4444444592016923,0.8333332538604736,0.333333283662796,0.611111044883728
2,1,0.6666666111111158,0.5999999642372131,0.625000015624998,0.7727271914482117,0.6363635659217834,0.5909090638160706
2,1,0.6666666111111158,0.5999999642372131,0.43750002343749705,0.6874999403953552,0.6249999403953552,0.6249999403953552
1,2,0.8333332638888947,0.5454545021057129,0.4875000199999979,0.7916666269302368,0.2499999850988388,0.3749999701976776
1,2,0.41666663194444736,0.3749999701976776,0.38333335346511044,0.7027027010917664,0.5135135054588318,0.5135135054588318
1,1,0.6666666111111158,0.3999999761581421,0.31250002343749705,0.8571428656578064,0.6666666865348816,0.6190476417541504
2,1,0.8333332638888947,0.3636363446712494,0.5500000199999979,0.9333332777023315,0.5999999642372131,0.6999999284744263
1,2,0.6666666111111158,0.6666666269302368,0.43750002343749705,0.7999999523162842,0.5666666030883789,0.4999999701976776
1,2,0.5833332847222263,0.4999999403953552,0.2857143163265262,0.8275861740112305,0.5517240762710571,0.58620685338974
1,2,0.8333332638888947,0.09090908616781235,0.48888888070930325,0.8461537957191467,0.38461536169052124,0.615384578704834
1,2,0.5833332847222263,0.4999999701976776,0.5654761910161359,0.1249999850988388,0.8749998807907104,0.2499999701976776
1,2,0.7499999375000053,0.3333333134651184,0.3402778024691331,0.8461537957191467,0.307692289352417,0.4615384340286255
1,2,0.9999999166666736,0.0833333283662796,0.6567460402704866,0.8749998807907104,0.4999999403953552,0.7499999403953552
1,2,0.41666663194444736,0.5454545021057129,0.5083333534651104,0.9999998807907104,0.4285713732242584,0.7142856121063232
2,1,0.6666666111111158,0.4999999403953552,0.31250003124999604,0.7307692170143127,0.5192307829856873,0.38461539149284363
1,1,0.41666663194444736,0.4999999403953552,0.30000003999999203,0.7962962985038757,0.5925925970077515,0.6481481194496155
2,1,0.6666666111111158,0.333333283662796,0.37500003124999604,0.6756756901741028,0.4324324429035187,0.5135135054588318
2,1,0.7499999375000053,0.6666666269302368,0.5555555608285954,0.6388888955116272,0.5,0.3888888955116272
2,1,0.9999999166666736,0.4166666269302368,0.6567460402704866,0.8205128312110901,0.6153846383094788,0.6410256624221802
1,2,0.7499999375000053,0.1818181723356247,0.5694444563402226,0.8333332538604736,0.6666666269302368,0.5333333015441895
1,2,0.7499999375000053,0.3333333134651184,0.5138889040960362,0.7499999403953552,0.5714285373687744,0.4999999701976776
1,2,0.9166665902777842,0.1666666567325592,0.48484849144330155,0.6896551251411438,0.6551723480224609,0.3448275625705719
2,1,0.7499999375000053,0.1818181723356247,0.5694444563402226,0.7058822512626648,0.7647057771682739,0.5294117331504822
1,2,0.7499999375000053,0.3333333134651184,0.47222221469968495,0.8387096524238586,0.6129031777381897,0.7096773982048035
2,1,0.6666666111111158,0.3333333134651184,0.5083333410110453,0.8571427464485168,0.5714284777641296,0.2857142388820648
2,1,0.8333332638888947,0.1666666567325592,0.3000000199999979,0.8749998807907104,0.8749998807907104,0.3749999701976776
1,2,0.7499999375000053,0.2499999850988388,0.3194444592016923,0.5714285373687744,0.8095237612724304,0.3809523582458496
2,1,0.8333332638888947,0.1666666567325592,0.5166666717325576,0.8333331942558289,0.666666567325592,0.49999991059303284
4,1,0.9166665902777842,0.0833333283662796,0.6636363730528245,0.0,0.0,0.0
2,1,0.5833332847222263,0.5454545021057129,0.42460318203583103,0.7894735932350159,0.6315788626670837,0.3684210181236267
2,1,0.7499999375000053,0.4999999701976776,0.4027778024691331,0.5833333134651184,0.5416666269302368,0.4166666269302368
2,1,0.5833332847222263,0.6666666269302368,0.369047659593967,0.8333332538604736,0.4166666269302368,0.4999999701976776
2,1,0.5833332847222263,0.5454545021057129,0.5079365253032718,0.7368420362472534,0.7368420362472534,0.684210479259491
2,1,0.8333332638888947,0.27272725105285645,0.4250000199999979,0.774193525314331,0.6451612710952759,0.4838709235191345
2,1,0.2499999791666684,0.7142856121063232,0.3333333888888703,0.9999990463256836,0.9999990463256836,0.0
2,1,0.6666666111111158,0.7272726893424988,0.5083333410110453,0.0,0.0,0.0
2,1,0.7499999375000053,0.4999999403953552,0.3819444592016923,0.5833333134651184,0.4999999701976776,0.4166666269302368
2,1,0.9166665902777842,0.5833333134651184,0.7191919252970109,0.0,0.9999990463256836,0.9999990463256836
2,1,0.5833332847222263,0.6999999284744263,0.5654761910161359,0.47058817744255066,0.7647057771682739,0.23529408872127533
1,2,0.9166665902777842,0.3333333134651184,0.5858585850098024,0.7575757503509521,0.6363636255264282,0.42424243688583374
1,2,0.7499999375000053,0.3636363446712494,0.5166666891588261,0.7352941036224365,0.6764705777168274,0.529411792755127
2,1,0.6666666111111158,0.29999998211860657,0.43750002343749705,0.7499999403953552,0.6874999403953552,0.4999999403953552
2,1,0.9166665902777842,0.3333333134651184,0.7191919252970109,0.6249999403953552,0.4999999403953552,0.7499999403953552
2,1,0.9166665902777842,0.3333333134651184,0.6636363730528245,0.6129031777381897,0.5483870506286621,0.4838709235191345
2,1,0.5833332847222263,0.4166666269302368,0.42460318203583103,0.923076868057251,0.4615384340286255,0.38461536169052124
3,1,0.6666666111111158,0.3333333134651184,0.6666666723575572,0.0,0.0,0.0
1,1,0.7499999375000053,0.2499999850988388,0.4861111159342515,0.615384578704834,0.6538460850715637,0.5769230127334595
2,1,0.5833332847222263,0.4166666269302368,0.3412698685707126,0.714285671710968,0.5714285373687744,0.4285714030265808
1,2,0.6666666111111158,0.3333333134651184,0.25000003124999604,0.6666666269302368,0.7619047164916992,0.476190447807312
1,2,0.8333332638888947,0.4999999701976776,0.40416667673255713,0.6428570747375488,0.714285671710968,0.357142835855484
1,2,0.5833332847222263,0.4999999403953552,0.3412698685707126,0.6666666269302368,0.6666666269302368,0.5833333134651184
1,2,0.4999999583333368,0.4444443881511688,0.4166666983992189,0.4166666269302368,0.4999999701976776,0.2499999850988388
1,2,0.8333332638888947,0.4999999701976776,0.47500001499999844,0.7499999403953552,0.5833333134651184,0.4999999701976776
1,2,0.9166665902777842,0.4166666269302368,0.5056818347107424,0.714285671710968,0.4285714030265808,0.4999999701976776
2,1,0.6666666111111158,0.5833333134651184,0.39583336670493785,0.7407407164573669,0.4814814329147339,0.555555522441864
2,1,0.9999999166666736,0.2499999850988388,0.6249999806143434,0.5652173161506653,0.6086956262588501,0.5652173161506653
1,2,0.5833332847222263,0.3999999761581421,0.2857143163265262,0.795918345451355,0.5510203838348389,0.5306122303009033
2,1,0.5833332847222263,0.6666666269302368,0.4196428775510175,0.8048780560493469,0.5853658318519592,0.46341463923454285
1,2,0.6666666111111158,0.5833333134651184,0.43750003124999604,0.8974359035491943,0.5897436141967773,0.6666666865348816
2,1,0.7499999375000053,0.19999998807907104,0.611111127973943,0.7368420958518982,0.6842105388641357,0.6052631735801697
2,1,0.6666666111111158,0.29999998211860657,0.43750001562499796,0.75,0.5,0.40625
1,2,0.7499999375000053,0.3636363446712494,0.3402778024691331,0.7804877758026123,0.6097561120986938,0.4878048896789551
2,1,0.8333332638888947,0.4166666269302368,0.6416666866337188,0.75,0.6944444179534912,0.4722222089767456
3,1,0.41666663194444736,0.5999999642372131,0.42500003999999203,0.0,0.0,0.0
1,2,0.8333332638888947,0.27272725105285645,0.40416667673255713,0.8461537957191467,0.923076868057251,0.615384578704834
1,2,0.7499999375000053,0.4999999701976776,0.3819444592016923,0.9374998807907104,0.7499999403953552,0.5624999403953552
1,2,0.6666666111111158,0.45454540848731995,0.31250003124999604,0.8461537957191467,0.8461537957191467,0.615384578704834
2,1,0.5833332847222263,0.3999999761581421,0.2857143163265262,0.5882351994514465,0.5882351994514465,0.5294117331504822
1,2,0.5833332847222263,0.5454545021057129,0.5321428894719464,0.7222221493721008,0.611111044883728,0.555555522441864
1,2,0.7499999375000053,0.4166666269302368,0.4027778024691331,0.8648648858070374,0.5945945978164673,0.6081081032752991
2,1,0.4999999583333368,0.3999999761581421,0.3333333849341005,0.841269850730896,0.6666666865348816,0.5555555820465088
1,2,0.4999999583333368,0.5454545021057129,0.41666667457622486,0.7571428418159485,0.6571428775787354,0.4571428596973419
4,1,0.41666663194444736,0.6363635659217834,0.42500003999999203,0.0,0.0,0.0
2,1,0.8333332638888947,0.3333333134651184,0.48888888070930325,0.8974359035491943,0.6153846383094788,0.5897436141967773
1,2,0.7499999375000053,0.3636363446712494,0.5166666891588261,0.7499999403953552,0.6666666269302368,0.5833333134651184
2,1,0.5833332847222263,0.5454545021057129,0.42460318203583103,0.666666567325592,0.555555522441864,0.555555522441864
1,2,0.7499999375000053,0.3636363446712494,0.500000008584409,0.8260868787765503,0.5652173161506653,0.5652173161506653
2,1,0.41666663194444736,0.8333332538604736,0.46666669673255123,0.7499999403953552,0.6999999284744263,0.5499999523162842
1,2,0.8333332638888947,0.4166666269302368,0.42499999019767554,0.8461537957191467,0.615384578704834,0.4615384340286255
2,1,0.5833332847222263,0.5833333134651184,0.3412698685707126,0.6923076510429382,0.615384578704834,0.5384615063667297
1,2,0.6666666111111158,0.3636363446712494,0.625000015624998,0.8571428060531616,0.5357142686843872,0.464285671710968
1,2,0.7499999375000053,0.4166666269302368,0.6805555579671257,0.7499999403953552,0.8214285373687744,0.5357142686843872
2,1,0.8333332638888947,0.1818181723356247,0.6111111105476745,0.7586206197738647,0.6551723480224609,0.5517240762710571
1,2,0.5833332847222263,0.5833333134651184,0.369047659593967,0.8499999046325684,0.44999995827674866,0.5999999642372131
2,1,0.9999999166666736,0.4166666269302368,0.6666666820503862,0.666666567325592,0.4444443881511688,0.333333283662796
3,1,0.7499999375000053,0.3999999761581421,0.4500000264658024,0.0,0.0,0.0
1,2,0.4999999583333368,0.555555522441864,0.2500000416666597,0.6666666269302368,0.6666666269302368,0.3999999761581421
1,2,0.6666666111111158,0.4999999403953552,0.39583336670493785,0.8333332538604736,0.666666567325592,0.666666567325592
1,2,0.7499999375000053,0.2222221940755844,0.5694444563402226,0.7499999403953552,0.7499999403953552,0.5999999642372131
1,2,0.7499999375000053,0.3333333134651184,0.4444444592016923,0.7599999904632568,0.4399999976158142,0.5199999809265137
2,1,0.8333332638888947,0.09090908616781235,0.30000003692092647,0.7777777910232544,0.5185185074806213,0.37037035822868347
3,1,0.41666663194444736,0.6666666269302368,0.42500003999999203,0.0,0.0,0.0
2,1,0.7499999375000053,0.3333333134651184,0.5138889040960362,0.7254902124404907,0.47058823704719543,0.45098039507865906
3,1,0.5833332847222263,0.4999999701976776,0.3412698685707126,0.0,0.0,0.0
1,2,0.8333332638888947,0.1666666567325592,0.5000000209604629,0.9333332777023315,0.3999999761581421,0.8666666150093079
1,2,0.3333333055555579,0.6666666269302368,0.2500000624999844,0.9999998807907104,0.3749999701976776,0.6249999403953552
1,2,0.6666666111111158,0.3333333134651184,0.36805557568168346,0.923076868057251,0.5384615063667297,0.307692289352417
1,2,0.8333332638888947,0.1666666567325592,0.4250000199999979,0.6666666269302368,0.5333333015441895,0.46666663885116577
1,2,0.7499999375000053,0.2499999850988388,0.3819444592016923,0.7499999403953552,0.4999999403953552,0.6249999403953552
1,1,0.6666666111111158,0.3333333134651184,0.45833332909011637,0.7647057771682739,0.6470587253570557,0.6470587253570557
1,2,0.8333332638888947,0.1666666567325592,0.6916666667325582,0.4999999403953552,0.3749999701976776,0.2499999701976776
1,2,0.6666666111111158,0.3333333134651184,0.31250003124999604,0.4444443881511688,0.4444443881511688,0.2222221940755844
1,2,0.41666663194444736,0.5833333134651184,0.30000003999999203,0.8181817531585693,0.7272726893424988,0.7272726893424988
1,2,0.8333332638888947,0.1666666567325592,0.42499999019767554,0.8333331942558289,0.666666567325592,0.49999991059303284
2,1,0.6666666111111158,0.5833333134651184,0.36805557568168346,0.6499999165534973,0.6499999165534973,0.3999999761581421
2,1,0.5833332847222263,0.5454545021057129,0.4196428775510175,0.7999998331069946,0.19999995827674866,0.5999999046325684
2,1,0.9166665902777842,0.3333333134651184,0.5577651481758608,0.6956521272659302,0.6086956262588501,0.3913043141365051
3,1,0.7499999375000053,0.3636363446712494,0.8333333386783299,0.0,0.0,0.0
2,1,0.6666666111111158,0.45454540848731995,0.43750002343749705,0.611111044883728,0.555555522441864,0.333333283662796
2,1,0.9166665902777842,0.1666666567325592,0.7247474805214296,0.9999998807907104,0.5714284777641296,0.8571427464485168
2,1,0.9999999166666736,0.0833333283662796,0.8055555616721571,0.7499999403953552,0.7499999403953552,0.6249999403953552
2,1,0.7499999375000053,0.3333333134651184,0.6388889012345665,0.8999999165534973,0.6999999284744263,0.44999995827674866
2,1,0.41666663194444736,0.5454545021057129,0.30000003999999203,0.7999999523162842,0.5999999642372131,0.3999999761581421
2,1,0.41666663194444736,0.5454545021057129,0.30000003999999203,0.916666567325592,0.7499999403953552,0.5833333134651184
1,2,0.8333332638888947,0.27272725105285645,0.5500000199999979,0.6470587253570557,0.5294117331504822,0.5882351994514465
2,1,0.5833332847222263,0.5454545021057129,0.5321428894719464,0.7499999403953552,0.5499999523162842,0.44999995827674866
1,2,0.4999999583333368,0.4999999403953552,0.41666667457622486,0.8235293030738831,0.6470587253570557,0.6470587253570557
1,2,0.7499999375000053,0.4999999701976776,0.3819444592016923,0.6666666269302368,0.5714285373687744,0.5238094925880432
1,2,0.7499999375000053,0.3636363446712494,0.47222221756115457,0.714285671710968,0.4999999701976776,0.4285714030265808
1,2,0.6666666111111158,0.45454540848731995,0.37500003124999604,0.8421051502227783,0.473684161901474,0.7894735932350159
2,1,0.6666666111111158,0.45454540848731995,0.562500023437497,0.714285671710968,0.3809523582458496,0.476190447807312
1,2,0.6666666111111158,0.29999998211860657,0.37500003124999604,0.7826086282730103,0.3913043141365051,0.5217390656471252
2,1,0.9999999166666736,0.2499999850988388,0.4749999979943158,0.8571427464485168,0.4285713732242584,0.5714284777641296
2,1,0.7499999375000053,0.19999998807907104,0.3666666831983616,0.8260868787765503,0.6086956262588501,0.4782608151435852
2,1,0.41666663194444736,0.7999999523162842,0.30000003999999203,0.7999999523162842,0.4999999403953552,0.5499999523162842
2,1,0.9166665902777842,0.3636363446712494,0.7247474805214296,0.9999998807907104,0.666666567325592,0.7777776718139648
1,2,0.9999999166666736,0.4166666269302368,0.6250000104166658,0.863636314868927,0.5454545021057129,0.5909090638160706
1,2,0.7499999375000053,0.5454545021057129,0.47222221756115457,0.7272726893424988,0.6363635659217834,0.40909087657928467
1,2,0.9166665902777842,0.3636363446712494,0.5577651481758608,0.8499999046325684,0.7499999403953552,0.5999999642372131
1,2,0.9166665902777842,0.4999999701976776,0.48484852124562394,0.4999999403953552,0.5999999642372131,0.19999998807907104
2,1,0.7499999375000053,0.3999999761581421,0.47222221756115457,0.8235293030738831,0.7647057771682739,0.5882351994514465
2,1,0.9999999166666736,0.4166666269302368,0.4166666775658908,0.8181817531585693,0.6363635659217834,0.6363635659217834
2,1,0.9166665902777842,0.4999999701976776,0.43506494320415356,0.8888887763023376,0.4999999403953552,0.555555522441864
3,1,0.9166665902777842,0.4999999701976776,0.6969697043993364,0.0,0.0,0.0
3,1,0.4999999583333368,0.5833333134651184,0.2500000416666597,0.0,0.0,0.0
2,1,0.5833332847222263,0.4999999701976776,0.2857143163265262,0.7499998211860657,0.49999988079071045,0.7499998211860657
2,1,0.4999999583333368,0.45454540848731995,0.45833336111110645,0.7272726893424988,0.5454545021057129,0.45454540848731995
2,1,0.6666666111111158,0.4166666269302368,0.562500023437497,0.8888887763023376,0.7777776718139648,0.7777776718139648
2,1,0.4999999583333368,0.5833333134651184,0.41666667457622486,0.7857142090797424,0.6071428060531616,0.5714285373687744
2,1,0.8333332638888947,0.27272725105285645,0.40416667673255713,0.6578947305679321,0.6315789222717285,0.5263158082962036
2,1,0.7499999375000053,0.3636363446712494,0.6666666802181294,0.7931033968925476,0.41379308700561523,0.517241358757019
1,2,0.4999999583333368,0.4999999403953552,0.3333333849341005,0.8333333134651184,0.4761904776096344,0.4523809552192688
3,1,0.9166665902777842,0.3333333134651184,0.6969697043993364,0.0,0.0,0.0
2,1,0.4999999583333368,0.4999999403953552,0.45833336111110645,0.7631579041481018,0.42105263471603394,0.5
2,1,0.7499999375000053,0.3333333134651184,0.4027778024691331,0.9999998807907104,0.6249999403953552,0.4999999403953552
1,2,0.6666666111111158,0.4166666269302368,0.39583336670493785,0.8235293030738831,0.5294117331504822,0.5882351994514465
1,2,0.7499999375000053,0.1818181723356247,0.3819444592016923,0.8823528289794922,0.7647057771682739,0.6470587253570557
1,2,0.9166665902777842,0.1666666567325592,0.4227272993488923,0.8823528289794922,0.41176465153694153,0.5294117331504822
2,1,0.6666666111111158,0.4166666269302368,0.500000015624998,0.555555522441864,0.555555522441864,0.333333283662796
2,1,0.8333332638888947,0.2499999850988388,0.30000003692092647,0.8124998807907104,0.1874999850988388,0.3749999701976776
2,1,0.9166665902777842,0.1666666567325592,0.4060606187744752,0.5454545021057129,0.8181817531585693,0.27272725105285645
1,2,0.4999999583333368,0.5833333134651184,0.4166666983992189,0.7272726893424988,0.5909090638160706,0.4999999701976776
2,1,0.8333332638888947,0.2499999850988388,0.48888888070930325,0.6818181276321411,0.8181817531585693,0.4999999701976776
2,1,0.7499999375000053,0.3333333134651184,0.6924603340634697,0.8499999046325684,0.5499999523162842,0.5499999523162842
1,2,0.6666666111111158,0.5833333134651184,0.47916668017005626,0.5789473056793213,0.6315788626670837,0.5789473056793213
1,2,0.7499999375000053,0.3636363446712494,0.3611111457365739,0.7647057771682739,0.6470587253570557,0.23529408872127533
1,2,0.7499999375000053,0.3636363446712494,0.3402778024691331,0.9499999284744263,0.6499999165534973,0.5999999642372131
2,1,0.4999999583333368,0.4999999403953552,0.2500000416666597,0.928571343421936,0.4999999701976776,0.7857142090797424
2,1,0.8333332638888947,0.4166666269302368,0.48888888070930325,0.8235293030738831,0.5294117331504822,0.5882351994514465
2,1,0.7499999375000053,0.2499999850988388,0.47222221756115457,0.9411763548851013,0.29411759972572327,0.5882351994514465
1,2,0.9999999166666736,0.0,0.49166667210684734,0.7058822512626648,0.5294117331504822,0.41176465153694153
3,1,0.6666666111111158,0.3333333134651184,0.6083333350505808,0.0,0.0,0.0
2,1,0.7499999375000053,0.2499999850988388,0.47222221756115457,0.8181817531585693,0.5454545021057129,0.45454540848731995
2,1,0.6666666111111158,0.3333333134651184,0.43750003124999604,0.7857142090797424,0.7857142090797424,0.5714285373687744
1,2,0.6666666111111158,0.45454540848731995,0.25000003124999604,0.555555522441864,0.555555522441864,0.4999999403953552
2,1,0.9166665902777842,0.3333333134651184,0.45359849144330155,0.928571343421936,0.5714285373687744,0.5714285373687744
2,1,0.7499999375000053,0.3636363446712494,0.6000000175251057,0.9411763548851013,0.47058817744255066,0.7058822512626648
3,1,0.7499999375000053,0.3636363446712494,0.4500000264658024,0.0,0.0,0.0
2,1,0.8333332638888947,0.4166666269302368,0.5000000209604629,0.7499999403953552,0.5499999523162842,0.6499999165534973
2,1,0.4999999583333368,0.6363635659217834,0.41666667457622486,0.8666666150093079,0.46666663885116577,0.3999999761581421
1,2,0.5833332847222263,0.5454545021057129,0.369047659593967,0.6666666269302368,0.7499999403953552,0.4166666269302368
2,1,0.5833332847222263,0.3999999761581421,0.457142871590553,0.6249999403953552,0.7499999403953552,0.2499999701976776
2,1,0.9166665902777842,0.3333333134651184,0.7247474805214296,0.916666567325592,0.7499999403953552,0.8333332538604736
1,2,0.9166665902777842,0.1818181723356247,0.5431818287502779,0.7499999403953552,0.4999999403953552,0.4999999403953552
1,2,0.7499999375000053,0.4166666269302368,0.47222221756115457,0.8235293030738831,0.6470587253570557,0.47058817744255066
1,2,0.8333332638888947,0.1818181723356247,0.47500001499999844,0.7999999523162842,0.29999998211860657,0.4999999403953552
1,2,0.7499999375000053,0.4166666269302368,0.611111127973943,0.615384578704834,0.615384578704834,0.4615384340286255
1,2,0.7499999375000053,0.4166666269302368,0.6000000175251057,0.9374998807907104,0.4374999403953552,0.6874999403953552
1,2,0.9166665902777842,0.2499999850988388,0.48484849144330155,0.7692307233810425,0.615384578704834,0.4615384340286255
1,2,0.9999999166666736,0.1666666567325592,0.6416666696280362,0.8260868787765503,0.7826086282730103,0.6956521272659302
1,2,0.8333332638888947,0.3333333134651184,0.47500001499999844,0.666666567325592,0.7222221493721008,0.4444443881511688
1,2,0.7499999375000053,0.27272725105285645,0.6666666802181294,0.8571428060531616,0.476190447807312,0.5238094925880432
1,2,0.9166665902777842,0.2499999850988388,0.5160984914433016,0.666666567325592,0.666666567325592,0.555555522441864
1,2,0.41666663194444736,0.4999999403953552,0.5083333534651104,0.8333332538604736,0.4999999701976776,0.4166666269302368
2,1,0.5833332847222263,0.4166666269302368,0.4801587640823398,0.9999997019767761,0.6666664481163025,0.9999997019767761
3,1,0.41666663194444736,0.5833333134651184,0.42500003999999203,0.0,0.0,0.0
1,2,0.8333332638888947,0.1666666567325592,0.5500000199999979,0.666666567325592,0.666666567325592,0.666666567325592
1,2,0.8333332638888947,0.1666666567325592,0.5500000199999979,0.8571428060531616,0.7857142090797424,0.6428570747375488
2,1,0.5833332847222263,0.4166666269302368,0.3412698685707126,0.7499999403953552,0.6249999403953552,0.6249999403953552
1,2,0.7499999375000053,0.4166666269302368,0.33333335185184976,0.8749998807907104,0.4999999403953552,0.5624999403953552
1,2,0.8333332638888947,0.1818181723356247,0.6916666667325582,0.6923076510429382,0.38461536169052124,0.38461536169052124
1,2,0.5833332847222263,0.45454540848731995,0.4196428775510175,0.7368420362472534,0.6315788626670837,0.5789473056793213
1,2,0.4999999583333368,0.5454545021057129,0.2500000416666597,0.9999998211860657,0.9999998211860657,0.666666567325592
2,1,0.6666666111111158,0.3636363446712494,0.500000015624998,0.7499999403953552,0.8333332538604736,0.2499999850988388
2,1,0.6666666111111158,0.5833333134651184,0.5208333667049379,0.7727271914482117,0.863636314868927,0.7272726893424988
2,1,0.6666666111111158,0.45454540848731995,0.8750000078124991,0.357142835855484,0.7857142090797424,0.357142835855484
2,1,0.5833332847222263,0.5454545021057129,0.4801587640823398,0.7826086282730103,0.5652173161506653,0.6086956262588501
2,1,0.8333332638888947,0.27272725105285645,0.47500001499999844,0.7272726893424988,0.6818181276321411,0.3636363446712494
2,1,0.8333332638888947,0.4166666269302368,0.5500000199999979,0.9999998807907104,0.9999998807907104,0.8749998807907104
3,1,0.7499999375000053,0.19999998807907104,0.8333333386783299,0.0,0.0,0.0
2,1,0.6666666111111158,0.5833333134651184,0.37500003124999604,0.6756756901741028,0.45945945382118225,0.5135135054588318
2,1,0.9999999166666736,0.2499999850988388,0.6666666820503862,0.7142856121063232,0.7142856121063232,0.0
2,1,0.9166665902777842,0.1818181723356247,0.48484849144330155,0.8148147463798523,0.5925925374031067,0.6296296119689941
2,1,0.6666666111111158,0.5833333134651184,0.5625000078124991,0.6999999284744263,0.4999999403953552,0.5999999642372131
2,1,0.6666666111111158,0.3999999761581421,0.43750001562499796,0.739130437374115,0.695652186870575,0.5
4,1,0.8333332638888947,0.3636363446712494,0.38333333346511633,0.0,0.0,0.0
2,1,0.7499999375000053,0.29999998211860657,0.5694444563402226,0.6428570747375488,0.4285714030265808,0.357142835855484
2,1,0.9166665902777842,0.4166666269302368,0.5577651481758608,0.7222222089767456,0.6388888955116272,0.3888888955116272
4,1,0.41666663194444736,0.555555522441864,0.42500003999999203,0.0,0.0,0.0
2,1,0.8333332638888947,0.3333333134651184,0.5861111194883712,0.7499999403953552,0.8333332538604736,0.5833333134651184
1,2,0.9166665902777842,0.2499999850988388,0.7111742457216508,0.9117646813392639,0.8823529481887817,0.7058823704719543
2,1,0.6666666111111158,0.4999999701976776,0.31250002343749705,0.6999999284744263,0.29999998211860657,0.3999999761581421
2,1,0.8333332638888947,0.3333333134651184,0.5000000209604629,0.666666567325592,0.333333283662796,0.333333283662796
2,1,0.7499999375000053,0.27272725105285645,0.4444444592016923,0.9999998807907104,0.666666567325592,0.555555522441864
2,1,0.7499999375000053,0.45454540848731995,0.4444444592016923,0.7586206197738647,0.4482758343219757,0.4482758343219757
4,1,0.5833332847222263,0.4999999403953552,0.4801587640823398,0.0,0.0,0.0
2,1,0.4999999583333368,0.7272726893424988,0.4166666983992189,0.7599999308586121,0.559999942779541,0.5199999809265137
2,1,0.6666666111111158,0.5454545021057129,0.31250002343749705,0.8749998807907104,0.6249999403953552,0.4999999403953552
2,1,0.6666666111111158,0.5454545021057129,0.25000003124999604,0.71875,0.5,0.5
2,1,0.8333332638888947,0.09090908616781235,0.5187500199999979,0.7999999523162842,0.5999999642372131,0.4999999403953552
2,1,0.8333332638888947,0.2499999850988388,0.6444444567953476,0.6666666269302368,0.5833333134651184,0.5833333134651184
2,1,0.5833332847222263,0.4999999701976776,0.5079365253032718,0.8399999141693115,0.47999995946884155,0.5999999642372131
2,1,0.8333332638888947,0.2499999850988388,0.3937500199999979,0.916666567325592,0.3333333134651184,0.5833333134651184
1,2,0.7499999375000053,0.3333333134651184,0.38888890409603616,0.8499999046325684,0.4999999403953552,0.5999999642372131
1,2,0.5833332847222263,0.4999999701976776,0.457142871590553,0.8148147463798523,0.7777777314186096,0.5185185074806213
3,1,0.7499999375000053,0.3333333134651184,0.6924603340634697,0.0,0.0,0.0
2,1,0.7499999375000053,0.1818181723356247,0.6000000175251057,0.8333332538604736,0.4999999403953552,0.666666567325592
1,2,0.9999999166666736,0.0833333283662796,0.6567460402704866,0.8571428060531616,0.4999999701976776,0.6428570747375488
1,2,0.9166665902777842,0.1666666567325592,0.817424248701883,0.4999999403953552,0.7777776718139648,0.4444443881511688
1,2,0.6666666111111158,0.45454540848731995,0.35416668017005626,0.7999999523162842,0.5999999642372131,0.44999995827674866
1,2,0.7499999375000053,0.3636363446712494,0.5416666951192906,0.6666666269302368,0.5714285373687744,0.4285714030265808
1,2,0.6666666111111158,0.29999998211860657,0.31250003124999604,0.7199999690055847,0.5999999642372131,0.35999998450279236
2,1,0.8333332638888947,0.27272725105285645,0.3937500199999979,0.7499999403953552,0.7083332538604736,0.3333333134651184
2,1,0.5833332847222263,0.3999999761581421,0.2857143163265262,0.5999999642372131,0.7999999523162842,0.29999998211860657
1,2,0.7499999375000053,0.4999999701976776,0.3402778024691331,0.7619047164916992,0.714285671710968,0.6190475821495056
2,1,0.6666666111111158,0.45454540848731995,0.47916668017005626,0.611111044883728,0.8888887763023376,0.4444443881511688
2,1,0.6666666111111158,0.5833333134651184,0.31250003124999604,0.611111044883728,0.7222221493721008,0.4999999403953552
2,1,0.7499999375000053,0.19999998807907104,0.6666666802181294,0.5999999642372131,0.7999999523162842,0.3999999761581421
2,1,0.9166665902777842,0.1818181723356247,0.5056818347107424,0.5999999642372131,0.4999999403953552,0.29999998211860657
1,2,0.9166665902777842,0.2499999850988388,0.7111742457216508,0.8823528289794922,0.8823528289794922,0.8235293030738831
1,2,0.8333332638888947,0.3333333134651184,0.40416667673255713,0.7391303777694702,0.6521738767623901,0.43478256464004517
2,1,0.7499999375000053,0.4166666269302368,0.611111127973943,0.9999997019767761,0.9999997019767761,0.0
2,1,0.6666666111111158,0.3636363446712494,0.45833332909011637,0.6249999403953552,0.4999999403953552,0.6249999403953552
2,1,0.7499999375000053,0.27272725105285645,0.4444444592016923,0.714285671710968,0.4285714030265808,0.476190447807312
2,1,0.7499999375000053,0.45454540848731995,0.41666669511929055,0.8518518209457397,0.4814814329147339,0.6296296119689941
2,1,0.4999999583333368,0.5999999642372131,0.3333333849341005,0.8695651292800903,0.7391303777694702,0.6086956262588501
2,1,0.5833332847222263,0.333333283662796,0.3412698685707126,0.863636314868927,0.7272726893424988,0.6818181276321411
1,2,0.6666666111111158,0.5454545021057129,0.37500003124999604,0.795918345451355,0.4897959232330322,0.6938775777816772
3,1,0.7499999375000053,0.5833333134651184,0.6924603340634697,0.0,0.0,0.0
2,1,0.6666666111111158,0.19999998807907104,0.25000003124999604,0.7999999523162842,0.7333332896232605,0.3333333134651184
3,1,0.6666666111111158,0.3636363446712494,0.31250003124999604,0.0,0.0,0.0
2,1,0.5833332847222263,0.45454540848731995,0.42460318203583103,0.6956521272659302,0.6956521272659302,0.6521738767623901
2,1,0.9166665902777842,0.09090908616781235,0.5181818227898134,0.7916666269302368,0.6666666269302368,0.6666666269302368
2,1,0.7499999375000053,0.27272725105285645,0.3402778024691331,0.8235293030738831,0.7058822512626648,0.5882351994514465
2,1,0.4999999583333368,0.5999999642372131,0.3333333849341005,0.8333333134651184,0.7222222089767456,0.4722222089767456
2,1,0.7499999375000053,0.45454540848731995,0.5694444563402226,0.7499999403953552,0.44999995827674866,0.5999999642372131
2,1,0.6666666111111158,0.5454545021057129,0.625000015624998,0.8260869383811951,0.6304348111152649,0.5652173757553101
2,1,0.7499999375000053,0.29999998211860657,0.6666666802181294,0.7391303777694702,0.5217390656471252,0.5652173161506653
3,1,0.7499999375000053,0.29999998211860657,0.8333333386783299,0.0,0.0,0.0
2,1,0.41666663194444736,0.5454545021057129,0.42500003999999203,0.6969696879386902,0.6060606241226196,0.42424243688583374
2,1,0.8333332638888947,0.2499999850988388,0.3937500199999979,0.7857142686843872,0.5476190447807312,0.5
1,2,0.41666663194444736,0.5454545021057129,0.42500003999999203,0.8571428656578064,0.5714285969734192,0.6666666865348816
2,1,0.7499999375000053,0.3333333134651184,0.47222221756115457,0.6999999284744263,0.5999999642372131,0.3999999761581421
2,1,0.8333332638888947,0.2499999850988388,0.5861111194883712,0.8499999046325684,0.44999995827674866,0.34999996423721313
2,1,0.41666663194444736,0.5454545021057129,0.6000000080790671,0.49999991059303284,0.49999991059303284,0.166666641831398
2,1,0.6666666111111158,0.27272725105285645,0.25000003124999604,0.8333331942558289,0.333333283662796,0.666666567325592
2,1,0.7499999375000053,0.3333333134651184,0.2777778024691331,0.0,0.9999990463256836,0.0
3,1,0.4999999583333368,0.45454540848731995,0.3333333849341005,0.0,0.0,0.0
2,1,0.6666666111111158,0.4166666269302368,0.31250003124999604,0.8333331942558289,0.8333331942558289,0.49999991059303284
2,1,0.5833332847222263,0.4166666269302368,0.40714288947194643,0.6249999403953552,0.6249999403953552,0.4999999403953552
1,2,0.7499999375000053,0.2499999850988388,0.48611111307278176,0.7727271914482117,0.5909090638160706,0.6363635659217834
2,1,0.5833332847222263,0.4166666269302368,0.42460318203583103,0.7499999403953552,0.6499999165534973,0.5999999642372131
2,1,0.6666666111111158,0.3333333134651184,0.36805557568168346,0.8947367668151855,0.5263157486915588,0.42105257511138916
2,1,0.7499999375000053,0.2499999850988388,0.3402778024691331,0.916666567325592,0.4999999701976776,0.5833333134651184
3,1,0.4999999583333368,0.5833333134651184,0.5833333611111065,0.0,0.0,0.0
2,1,0.41666663194444736,0.6666666269302368,0.6000000080790671,0.6249999403953552,0.7499999403953552,0.3124999701976776
2,1,0.7499999375000053,0.3333333134651184,0.5138889040960362,0.7499999403953552,0.6249999403953552,0.2499999701976776
2,1,0.7499999375000053,0.3333333134651184,0.2777778024691331,0.6923076510429382,0.38461536169052124,0.615384578704834
2,1,0.7499999375000053,0.3333333134651184,0.3402778024691331,0.7272726893424988,0.6363635659217834,0.3636363446712494
2,1,0.4999999583333368,0.4999999701976776,0.33333336111110645,0.863636314868927,0.7272726893424988,0.4999999701976776
3,1,0.8333332638888947,0.1666666567325592,0.7541666667325582,0.0,0.0,0.0
2,1,0.6666666111111158,0.3333333134651184,0.625000015624998,0.8947367668151855,0.7368420362472534,0.684210479259491
2,1,0.6666666111111158,0.3333333134651184,0.37500003124999604,0.8260868787765503,0.3478260636329651,0.6086956262588501
3,1,0.4999999583333368,0.4999999701976776,0.5833333611111065,0.0,0.0,0.0
2,1,0.8333332638888947,0.2499999850988388,0.5500000199999979,0.7083332538604736,0.5833333134651184,0.4166666269302368
2,1,0.4999999583333368,0.5833333134651184,0.3333333849341005,0.8260868787765503,0.6086956262588501,0.5652173161506653
2,1,0.9999999166666736,0.0833333283662796,0.5666666899882408,0.8260868787765503,0.43478256464004517,0.3913043141365051
2,1,0.5833332847222263,0.3636363446712494,0.457142871590553,0.6249999403953552,0.6666666269302368,0.4166666269302368
2,1,0.8333332638888947,0.2499999850988388,0.3625000199999979,0.666666567325592,0.9999998211860657,0.49999991059303284
1,2,0.6666666111111158,0.5454545021057129,0.31250003124999604,0.916666567325592,0.7499999403953552,0.4166666269302368
1,2,0.9166665902777842,0.27272725105285645,0.5056818347107424,0.7857142090797424,0.4999999701976776,0.6428570747375488
2,1,0.7499999375000053,0.5833333134651184,0.4500000264658024,0.4444443881511688,0.4444443881511688,0.4444443881511688
2,1,0.9166665902777842,0.27272725105285645,0.589015163077022,0.9999998807907104,0.5999999642372131,0.4999999403953552
1,2,0.6666666111111158,0.3999999761581421,0.47916668017005626,0.5999999642372131,0.8666666150093079,0.0
2,1,0.5833332847222263,0.3999999761581421,0.2857143163265262,0.8124998807907104,0.4374999403953552,0.6874999403953552
2,1,0.7499999375000053,0.4999999701976776,0.3819444592016923,0.7499999403953552,0.6249999403953552,0.4999999403953552
1,2,0.6666666111111158,0.29999998211860657,0.43750002343749705,0.7999999523162842,0.46666663885116577,0.3999999761581421
2,1,0.9166665902777842,0.3333333134651184,0.6136363760330568,0.9999999403953552,0.1666666567325592,0.4166666269302368
1,2,0.9166665902777842,0.3333333134651184,0.46818184067120683,0.714285671710968,0.4999999701976776,0.357142835855484
2,1,0.9999999166666736,0.3333333134651184,0.44166668998824077,0.7647057771682739,0.5882351994514465,0.41176465153694153
3,1,0.7499999375000053,0.45454540848731995,0.8333333386783299,0.0,0.0,0.0
1,2,0.8333332638888947,0.4999999701976776,0.3937500199999979,0.8571428060531616,0.714285671710968,0.714285671710968
2,1,0.6666666111111158,0.3999999761581421,0.35416668017005626,0.714285671710968,0.5714285373687744,0.6190475821495056
1,2,0.6666666111111158,0.6666666269302368,0.5069444413909883,0.49999991059303284,0.9999998211860657,0.49999991059303284
2,1,0.6666666111111158,0.45454540848731995,0.5625000078124991,0.7058822512626648,0.6470587253570557,0.5882351994514465
1,2,0.7499999375000053,0.3636363446712494,0.47222221756115457,0.6999999284744263,0.5999999642372131,0.34999996423721313
2,1,0.6666666111111158,0.45454540848731995,0.47916668017005626,0.4999999403953552,0.2499999701976776,0.3749999701976776
1,2,0.6666666111111158,0.29999998211860657,0.7083333439912776,0.6999999284744263,0.6999999284744263,0.6499999165534973
1,1,0.9166665902777842,0.1818181723356247,0.64141415215515,0.8148147463798523,0.555555522441864,0.5925925374031067
4,1,0.7499999375000053,0.27272725105285645,0.4500000264658024,0.0,0.0,0.0
2,1,0.6666666111111158,0.19999998807907104,0.5208333667049379,0.8749998807907104,0.6874999403953552,0.7499999403953552
3,1,0.5833332847222263,0.45454540848731995,0.4801587640823398,0.0,0.0,0.0
1,2,0.9166665902777842,0.09090908616781235,0.5160984914433016,0.7916666269302368,0.6666666269302368,0.5416666269302368
2,1,0.6666666111111158,0.4999999701976776,0.43750002343749705,0.7499999403953552,0.6249999403953552,0.4999999403953552
2,1,0.8333332638888947,0.3333333134651184,0.6777777732406982,0.9047618508338928,0.476190447807312,0.5238094925880432
2,1,0.5833332847222263,0.5833333134651184,0.42460318203583103,0.8421051502227783,0.473684161901474,0.5263157486915588
2,1,0.7499999375000053,0.4166666269302368,0.3819444592016923,0.6249999403953552,0.7499999403953552,0.3749999701976776
4,1,0.5833332847222263,0.45454540848731995,0.3412698685707126,0.0,0.0,0.0
1,2,0.8333332638888947,0.1818181723356247,0.5500000199999979,0.9374998807907104,0.5624999403953552,0.6249999403953552
2,1,0.8333332638888947,0.3333333134651184,0.6976190547807302,0.7999999523162842,0.7333332896232605,0.46666663885116577
2,1,0.7499999375000053,0.4166666269302368,0.5666666712774326,0.9374998807907104,0.4374999403953552,0.7499999403953552
1,2,0.6666666111111158,0.4999999701976776,0.7083333439912776,0.7499999403953552,0.6874999403953552,0.4374999403953552
2,1,0.5833332847222263,0.45454540848731995,0.4801587640823398,0.684210479259491,0.7368420362472534,0.5263157486915588
2,1,0.6666666111111158,0.4999999701976776,0.37500003124999604,0.6428570747375488,0.357142835855484,0.4999999701976776
2,1,0.4999999583333368,0.6666666269302368,0.45833336111110645,0.7272726893424988,0.5454545021057129,0.4999999701976776
1,2,0.4999999583333368,0.3999999761581421,0.41666667457622486,0.9130433797836304,0.5217390656471252,0.6086956262588501
1,2,0.8333332638888947,0.3333333134651184,0.4875000199999979,0.714285671710968,0.6785714030265808,0.5714285373687744
1,2,0.7499999375000053,0.4166666269302368,0.5500000205053379,0.714285671710968,0.6785714030265808,0.3214285373687744
2,1,0.6666666111111158,0.19999998807907104,0.37500003124999604,0.7777776718139648,0.4444443881511688,0.4999999403953552
3,1,0.5833332847222263,0.45454540848731995,0.3412698685707126,0.0,0.0,0.0
2,1,0.6666666111111158,0.4999999701976776,0.25000003124999604,0.6551723480224609,0.6896551251411438,0.5517240762710571
2,1,0.8333332638888947,0.3333333134651184,0.48888888070930325,0.8499999046325684,0.34999996423721313,0.5499999523162842
2,1,0.7499999375000053,0.4166666269302368,0.3194444592016923,0.7499998211860657,0.49999988079071045,0.49999988079071045
2,1,0.9999999166666736,0.1666666567325592,0.4749999979943158,0.9999997615814209,0.49999988079071045,0.9999997615814209
1,1,0.8333332638888947,0.3636363446712494,0.6111111105476745,0.6176470518112183,0.7352941036224365,0.47058823704719543
1,2,0.4999999583333368,0.4444443881511688,0.4166666983992189,0.7391303777694702,0.6521738767623901,0.6086956262588501
2,1,0.4999999583333368,0.4444443881511688,0.3333333849341005,0.8064515590667725,0.5806451439857483,0.4838709235191345
2,1,0.4999999583333368,0.4444443881511688,0.5833333611111065,0.0,0.0,0.0
1,2,0.9166665902777842,0.4166666269302368,0.794507581538511,0.8125,0.78125,0.625
1,2,0.8333332638888947,0.4166666269302368,0.4875000199999979,0.8571427464485168,0.7142856121063232,0.7142856121063232
1,2,0.9166665902777842,0.3333333134651184,0.64141415215515,0.7692307233810425,0.307692289352417,0.5384615063667297
1,2,0.7499999375000053,0.4999999701976776,0.47222221756115457,0.7499999403953552,0.6249999403953552,0.2499999701976776
1,2,0.8333332638888947,0.4166666269302368,0.3000000199999979,0.6363635659217834,0.45454540848731995,0.45454540848731995
1,2,0.4999999583333368,0.7499999403953552,0.33333336111110645,0.8888887763023376,0.7777776718139648,0.666666567325592
1,2,0.9999999166666736,0.1666666567325592,0.5416666606873395,0.8108108043670654,0.6486486196517944,0.4864864945411682
2,1,0.8333332638888947,0.3333333134651184,0.6416666866337188,0.71875,0.625,0.53125
1,2,0.5833332847222263,0.45454540848731995,0.4801587640823398,0.800000011920929,0.6285714507102966,0.7142857313156128
2,1,0.6666666111111158,0.4999999701976776,0.42361109812354747,0.8611111044883728,0.5833333134651184,0.6111111044883728
2,1,0.5833332847222263,0.45454540848731995,0.42460318203583103,0.7999999523162842,0.3999999761581421,0.35999998450279236
1,2,0.6666666111111158,0.19999998807907104,0.562500023437497,0.7692307233810425,0.5384615063667297,0.38461536169052124
1,2,0.8333332638888947,0.3333333134651184,0.3625000199999979,0.8181817531585693,0.7272726893424988,0.7272726893424988
1,2,0.8333332638888947,0.1818181723356247,0.6976190547807302,0.8666666150093079,0.5333333015441895,0.7333332896232605
1,2,0.9166665902777842,0.2499999850988388,0.5265151481758608,0.7647057771682739,0.7647057771682739,0.5294117331504822
1,2,0.9166665902777842,0.2499999850988388,0.48484849144330155,0.9999998807907104,0.4444443881511688,0.4444443881511688
1,2,0.41666663194444736,0.666666567325592,0.42500003999999203,0.863636314868927,0.6818181276321411,0.5454545021057129
1,2,0.7499999375000053,0.5454545021057129,0.5166666891588261,0.7499999403953552,0.3999999761581421,0.5499999523162842
2,1,0.9999999166666736,0.4166666269302368,0.8055555616721571,0.6363635659217834,0.7272726893424988,0.5454545021057129
1,2,0.7499999375000053,0.2222221940755844,0.3402778024691331,0.7499999403953552,0.4999999701976776,0.5833333134651184
1,2,0.4999999583333368,0.3749999701976776,0.45833336111110645,0.6249999403953552,0.5624999403953552,0.6249999403953552
1,2,0.41666663194444736,0.5454545021057129,0.5083333534651104,0.6363636255264282,0.5757575631141663,0.39393940567970276
1,2,0.9999999166666736,0.0833333283662796,0.6416666696280362,0.800000011920929,0.6857143044471741,0.7714285850524902
1,2,0.7499999375000053,0.3333333134651184,0.6388889012345665,0.7199999690055847,0.6399999260902405,0.47999995946884155
1,2,0.6666666111111158,0.27272725105285645,0.39583336670493785,0.7931033968925476,0.58620685338974,0.6551723480224609
2,1,0.4999999583333368,0.5833333134651184,0.3333333849341005,0.6999999284744263,0.7499999403953552,0.3999999761581421
2,1,0.41666663194444736,0.666666567325592,0.46666669673255123,0.8461537957191467,0.6923076510429382,0.5384615063667297
1,2,0.7499999375000053,0.5454545021057129,0.48333335781231423,0.684210479259491,0.7368420362472534,0.42105257511138916
2,1,0.7499999375000053,0.2222221940755844,0.3402778024691331,0.8333332538604736,0.916666567325592,0.8333332538604736
2,1,0.7499999375000053,0.6666666269302368,0.5666666712774326,0.8666666150093079,0.2666666507720947,0.6666666269302368
2,1,0.8333332638888947,0.45454540848731995,0.40555556724418484,0.7499999403953552,0.5833333134651184,0.5833333134651184
1,2,0.7499999375000053,0.19999998807907104,0.3194444592016923,0.3999999165534973,0.5999999046325684,0.3999999165534973
1,2,0.8333332638888947,0.4166666269302368,0.48888888070930325,0.6999999284744263,0.7999999523162842,0.19999998807907104
1,2,0.8333332638888947,0.4166666269302368,0.30000003692092647,0.6666666269302368,0.5333333015441895,0.19999998807907104
2,1,0.5833332847222263,0.5454545021057129,0.42460318203583103,0.7692307233810425,0.615384578704834,0.5384615063667297
1,2,0.9166665902777842,0.3333333134651184,0.45606063069540415,0.9999998807907104,0.3749999701976776,0.3749999701976776
1,2,0.9166665902777842,0.1666666567325592,0.5056818347107424,0.8181817531585693,0.1818181723356247,0.7272726893424988
1,2,0.41666663194444736,0.5454545021057129,0.30000003999999203,0.7272726893424988,0.45454540848731995,0.3636363446712494
1,2,0.9999999166666736,0.0833333283662796,0.6250000104166658,0.9999997019767761,0.6666664481163025,0.6666664481163025
1,2,0.8333332638888947,0.2499999850988388,0.47500001499999844,0.8333331942558289,0.9999998211860657,0.166666641831398
1,2,0.8333332638888947,0.2499999850988388,0.5166666717325576,0.8461537957191467,0.615384578704834,0.6923076510429382
2,1,0.7499999375000053,0.3636363446712494,0.3819444592016923,0.8999999165534973,0.3999999761581421,0.3999999761581421
2,1,0.7499999375000053,0.4999999701976776,0.48611111307278176,0.7037036418914795,0.6296296119689941,0.5185185074806213
2,1,0.5833332847222263,0.5454545021057129,0.3412698685707126,0.6818181276321411,0.45454540848731995,0.40909087657928467
3,1,0.8333332638888947,0.4166666269302368,0.712500009999999,0.0,0.0,0.0
2,1,0.6666666111111158,0.45454540848731995,0.31250003124999604,0.6923076510429382,0.730769157409668,0.5769230127334595
2,1,0.8333332638888947,0.1666666567325592,0.6777777732406982,0.8499999046325684,0.4999999403953552,0.6999999284744263
2,1,0.41666663194444736,0.5833333134651184,0.42500003999999203,0.863636314868927,0.4999999701976776,0.6363635659217834
2,1,0.7499999375000053,0.2499999850988388,0.6000000175251057,0.7999998331069946,0.5999999046325684,0.3999999165534973
2,1,0.9999999166666736,0.0,0.6250000039547803,0.8823528289794922,0.5882351994514465,0.5882351994514465
2,1,0.7499999375000053,0.2499999850988388,0.2777778024691331,0.8888887763023376,0.7777776718139648,0.7777776718139648
2,1,0.9999999166666736,0.0833333283662796,0.7222222342945726,0.8888887763023376,0.666666567325592,0.8888887763023376
2,1,0.6666666111111158,0.4166666269302368,0.47916668017005626,0.666666567325592,0.8888887763023376,0.3888888359069824
2,1,0.5833332847222263,0.3636363446712494,0.4801587640823398,0.7999999523162842,0.5999999642372131,0.5499999523162842
2,1,0.8333332638888947,0.2499999850988388,0.3937500199999979,0.7333332896232605,0.7999999523162842,0.5999999642372131
2,1,0.41666663194444736,0.5454545021057129,0.30000003999999203,0.7999998331069946,0.7999998331069946,0.5999999046325684
2,1,0.8333332638888947,0.1666666567325592,0.5166666717325576,0.8333331942558289,0.666666567325592,0.49999991059303284
1,2,0.6666666111111158,0.3333333134651184,0.7083333439912776,0.774193525314331,0.774193525314331,0.5483870506286621
4,1,0.7499999375000053,0.2499999850988388,0.4500000264658024,0.0,0.0,0.0
4,1,0.8333332638888947,0.1666666567325592,0.5611111135279068,0.0,0.0,0.0
2,1,0.41666663194444736,0.5833333134651184,0.30000003999999203,0.7857142090797424,0.2857142686843872,0.2857142686843872
2,1,0.5833332847222263,0.5454545021057129,0.3412698685707126,0.7499999403953552,0.6249999403953552,0.6249999403953552
2,1,0.41666663194444736,0.7272726893424988,0.30000003999999203,0.7692307233810425,0.5384615063667297,0.4615384340286255
1,2,0.9166665902777842,0.3333333134651184,0.6969697043993364,0.666666567325592,0.4999999403953552,0.4444443881511688
4,1,0.41666663194444736,0.5999999642372131,0.42500003999999203,0.0,0.0,0.0
2,1,0.7499999375000053,0.3636363446712494,0.3194444592016923,0.9999998211860657,0.49999991059303284,0.666666567325592
2,1,0.8333332638888947,0.4166666269302368,0.5000000209604629,0.928571343421936,0.5714285373687744,0.7857142090797424
1,2,0.9166665902777842,0.1818181723356247,0.4893939322395936,0.8421051502227783,0.6315788626670837,0.5263157486915588
1,2,0.4999999583333368,0.6363635659217834,0.41666667457622486,0.6470587253570557,0.8235293030738831,0.41176465153694153
1,2,0.7499999375000053,0.3636363446712494,0.3819444592016923,0.7999999523162842,0.6499999165534973,0.4999999403953552
2,1,0.7499999375000053,0.4999999701976776,0.5694444563402226,0.555555522441864,0.666666567325592,0.2222221940755844
2,1,0.9166665902777842,0.1666666567325592,0.45359849144330155,0.6666664481163025,0.33333322405815125,0.6666664481163025
2,1,0.7499999375000053,0.3333333134651184,0.3194444592016923,0.7692307233810425,0.5384615063667297,0.5384615063667297
2,1,0.4999999583333368,0.45454540848731995,0.3333333849341005,0.9999998211860657,0.9999998211860657,0.5999999046325684
2,1,0.41666663194444736,0.6666666269302368,0.6000000080790671,0.666666567325592,0.7777776718139648,0.3888888359069824
2,1,0.7499999375000053,0.3333333134651184,0.3611111159342515,0.6874999403953552,0.6874999403953552,0.6249999403953552
2,1,0.9999999166666736,0.0833333283662796,0.7222222342945726,0.8399999141693115,0.6399999260902405,0.5199999809265137
2,1,0.4999999583333368,0.45454540848731995,0.3333333849341005,0.8888887763023376,0.7777776718139648,0.666666567325592
2,1,0.6666666111111158,0.4166666269302368,0.45138888914680186,0.9999997019767761,0.9999997019767761,0.33333322405815125
4,1,0.7499999375000053,0.1818181723356247,0.4500000264658024,0.0,0.0,0.0
2,1,0.6666666111111158,0.4166666269302368,0.45833332909011637,0.6249999403953552,0.3749999701976776,0.4999999403953552
2,1,0.6666666111111158,0.4166666269302368,0.37500003124999604,0.8333332538604736,0.666666567325592,0.4999999403953552
1,2,0.4999999583333368,0.45454540848731995,0.3333333849341005,0.6315788626670837,0.7894735932350159,0.5263157486915588
1,2,0.9166665902777842,0.0,0.6969697043993364,0.7894735932350159,0.5789473056793213,0.5263157486915588
2,1,0.7499999375000053,0.1818181723356247,0.3194444592016923,0.6666664481163025,0.6666664481163025,0.6666664481163025
2,1,0.7499999375000053,0.3333333134651184,0.48333335781231423,0.7999999523162842,0.7499999403953552,0.44999995827674866
1,2,0.7499999375000053,0.2499999850988388,0.5500000205053379,0.5999999642372131,0.7499999403953552,0.14999999105930328
2,1,0.41666663194444736,0.5833333134651184,0.5083333534651104,0.6190475821495056,0.714285671710968,0.5714285373687744
2,1,0.8333332638888947,0.1666666567325592,0.3000000199999979,0.7499999403953552,0.5999999642372131,0.4999999403953552
3,1,0.5833332847222263,0.4166666269302368,0.4801587640823398,0.0,0.0,0.0
1,2,0.7499999375000053,0.2499999850988388,0.3402778024691331,0.714285671710968,0.4999999701976776,0.5714285373687744
2,1,0.8333332638888947,0.3333333134651184,0.40416667673255713,0.714285671710968,0.6785714030265808,0.6071428060531616
2,1,0.7499999375000053,0.4166666269302368,0.6567460355767601,0.7777776718139648,0.1111110970377922,0.7777776718139648
2,1,0.5833332847222263,0.45454540848731995,0.2857143163265262,0.6896551251411438,0.7241379022598267,0.4482758343219757
2,1,0.9166665902777842,0.09090908616781235,0.6136363760330568,0.9999998211860657,0.333333283662796,0.8333331942558289
2,1,0.6666666111111158,0.4999999701976776,0.43750003124999604,0.9999998807907104,0.4444443881511688,0.7777776718139648
2,1,0.9166665902777842,0.1666666567325592,0.7191919252970109,0.666666567325592,0.8333331942558289,0.8333331942558289
1,2,0.8333332638888947,0.2499999850988388,0.47500001499999844,0.7083332538604736,0.6249999403953552,0.4999999701976776
3,1,0.8333332638888947,0.2499999850988388,0.38333333346511633,0.0,0.0,0.0
2,1,0.3333333055555579,0.6363635659217834,0.2500000624999844,0.9130433797836304,0.5217390656471252,0.5652173161506653
2,1,0.9166665902777842,0.1666666567325592,0.6969697043993364,0.8260868787765503,0.5652173161506653,0.3478260636329651
3,1,0.6666666111111158,0.5454545021057129,0.37500003124999604,0.0,0.0,0.0
2,1,0.7499999375000053,0.29999998211860657,0.6388889012345665,0.7368420958518982,0.719298243522644,0.5087719559669495
2,1,0.41666663194444736,0.6999999284744263,0.30000003999999203,0.8846153020858765,0.615384578704834,0.615384578704834
2,1,0.5833332847222263,0.333333283662796,0.3412698685707126,0.8571428060531616,0.357142835855484,0.6428570747375488
2,1,0.8333332638888947,0.4999999701976776,0.30000003692092647,0.7999999523162842,0.5999999642372131,0.5999999642372131
1,2,0.6666666111111158,0.5833333134651184,0.562500023437497,0.6363636255264282,0.6727272868156433,0.4727272689342499
2,1,0.7499999375000053,0.19999998807907104,0.3194444592016923,0.19999995827674866,0.5999999046325684,0.3999999165534973
2,1,0.9166665902777842,0.3333333134651184,0.6858585939504991,0.8199999928474426,0.7400000095367432,0.6000000238418579
2,1,0.9166665902777842,0.1818181723356247,0.5473484914433016,0.2857142388820648,0.4285713732242584,0.2857142388820648
2,1,0.7499999375000053,0.3636363446712494,0.4027778024691331,0.8163265585899353,0.6326530575752258,0.5714285969734192
2,1,0.8333332638888947,0.2499999850988388,0.4250000199999979,0.8695651292800903,0.4782608151435852,0.30434781312942505
1,2,0.7499999375000053,0.1818181723356247,0.47222221469968495,0.7083332538604736,0.7083332538604736,0.458333283662796
1,2,0.8333332638888947,0.2499999850988388,0.34166667673255713,0.7499999403953552,0.6249999403953552,0.4999999701976776
1,2,0.7499999375000053,0.1818181723356247,0.3402778024691331,0.9090908169746399,0.6363635659217834,0.5454545021057129
2,1,0.8333332638888947,0.09090908616781235,0.5500000199999979,0.8571428060531616,0.5714285373687744,0.6428570747375488
2,1,0.7499999375000053,0.2499999850988388,0.603174602747857,0.7999999523162842,0.6999999284744263,0.7999999523162842
2,1,0.7499999375000053,0.2499999850988388,0.611111127973943,0.5714284777641296,0.7142856121063232,0.2857142388820648
2,1,0.9999999166666736,0.0,0.5416666606873395,0.8421051502227783,0.3684210181236267,0.473684161901474
2,1,0.5833332847222263,0.4166666269302368,0.2857143163265262,0.6666666269302368,0.7499999403953552,0.3333333134651184
2,1,0.8333332638888947,0.1666666567325592,0.38333333346511633,0.7272726893424988,0.1818181723356247,0.6363635659217834
1,2,0.7499999375000053,0.5454545021057129,0.3194444592016923,0.6999999284744263,0.5999999642372131,0.34999996423721313
2,1,0.5833332847222263,0.7272726893424988,0.4196428775510175,0.5999999642372131,0.5999999642372131,0.3999999761581421
2,1,0.6666666111111158,0.4999999403953552,0.43750002343749705,0.7777776718139648,0.611111044883728,0.4444443881511688
1,2,0.6666666111111158,0.6363635659217834,0.562500023437497,0.6874999403953552,0.5624999403953552,0.3749999701976776
2,1,0.9166665902777842,0.3636363446712494,0.5181818227898134,0.8499999046325684,0.3999999761581421,0.5999999642372131
1,1,0.9999999166666736,0.0833333283662796,0.5416666606873395,0.7619047164916992,0.5714285373687744,0.5714285373687744
2,1,0.8333332638888947,0.2499999850988388,0.38333333346511633,0.9999999403953552,0.45454540848731995,0.6363635659217834
1,2,0.8333332638888947,0.2499999850988388,0.46666667673255713,0.6666666269302368,0.3809523582458496,0.4285714030265808
2,1,0.9166665902777842,0.1666666567325592,0.7247474805214296,0.9999998807907104,0.6999999284744263,0.7999999523162842
1,2,0.9166665902777842,0.1666666567325592,0.45606063069540415,0.6666666269302368,0.4285714030265808,0.3809523582458496
1,2,0.4999999583333368,0.8333332538604736,0.3333333849341005,0.7499999403953552,0.6666666269302368,0.4999999701976776
1,2,0.6666666111111158,0.5454545021057129,0.42361109812354747,0.9999998211860657,0.333333283662796,0.666666567325592
2,1,0.7499999375000053,0.29999998211860657,0.8333333386783299,0.0,0.0,0.0
1,2,0.9166665902777842,0.4166666269302368,0.5858585850098024,0.7272726893424988,0.5454545021057129,0.27272725105285645
2,1,0.9166665902777842,0.27272725105285645,0.6719697133400331,0.7999999523162842,0.5999999642372131,0.46666663885116577
1,2,0.7499999375000053,0.4166666269302368,0.2777778024691331,0.5333333015441895,0.5333333015441895,0.13333332538604736
2,1,0.41666663194444736,0.6363635659217834,0.46666669673255123,0.7857142090797424,0.6428570747375488,0.5714285373687744
2,1,0.5833332847222263,0.5833333134651184,0.457142871590553,0.7777776718139648,0.4444443881511688,0.555555522441864
2,1,0.8333332638888947,0.1818181723356247,0.5861111194883712,0.7272726893424988,0.7272726893424988,0.6363635659217834
2,1,0.6666666111111158,0.3636363446712494,0.47916668017005626,0.49999991059303284,0.49999991059303284,0.666666567325592
2,1,0.8333332638888947,0.1818181723356247,0.48888888070930325,0.9999998807907104,0.1111110970377922,0.555555522441864
2,1,0.7499999375000053,0.4166666269302368,0.611111127973943,0.9999998211860657,0.3999999165534973,0.5999999046325684
2,1,0.8333332638888947,0.3333333134651184,0.3937500199999979,0.7894735932350159,0.473684161901474,0.473684161901474
2,1,0.6666666111111158,0.3636363446712494,0.625000015624998,0.947368323802948,0.5789473056793213,0.5789473056793213
2,1,0.5833332847222263,0.45454540848731995,0.42460318203583103,0.7619047164916992,0.714285671710968,0.6666666269302368
1,2,0.5833332847222263,0.45454540848731995,0.3412698685707126,0.7368420362472534,0.684210479259491,0.473684161901474
2,1,0.41666663194444736,0.4999999403953552,0.30000003999999203,0.7647057771682739,0.5882351994514465,0.41176465153694153
2,1,0.7499999375000053,0.27272725105285645,0.3194444592016923,0.49999991059303284,0.333333283662796,0.49999991059303284
2,1,0.5833332847222263,0.45454540848731995,0.5321428894719464,0.7058822512626648,0.5882351994514465,0.6470587253570557
2,1,0.6666666111111158,0.4999999701976776,0.5583333529319743,0.9999997615814209,0.49999988079071045,0.9999997615814209
1,2,0.9166665902777842,0.2499999850988388,0.794507581538511,0.7647057771682739,0.6470587253570557,0.5294117331504822
2,1,0.6666666111111158,0.4999999701976776,0.6666666723575572,0.9999997019767761,0.9999997019767761,0.9999997019767761
1,2,0.7499999375000053,0.4166666269302368,0.3402778024691331,0.46666663885116577,0.5999999642372131,0.3333333134651184
1,2,0.41666663194444736,0.4999999403953552,0.42500003999999203,0.8124998807907104,0.6249999403953552,0.4374999403953552
2,1,0.5833332847222263,0.45454540848731995,0.3412698685707126,0.6666664481163025,0.6666664481163025,0.33333322405815125
1,2,0.5833332847222263,0.4166666269302368,0.2857143163265262,0.7619047164916992,0.476190447807312,0.2857142686843872
2,1,0.9166665902777842,0.0833333283662796,0.6969697043993364,0.9999998807907104,0.6470587253570557,0.47058817744255066
1,2,0.9999999166666736,0.0,0.5416666606873395,0.6428570747375488,0.6428570747375488,0.4285714030265808
1,2,0.7499999375000053,0.2499999850988388,0.43055556082859536,0.8095237612724304,0.5238094925880432,0.5714285373687744
1,2,0.6666666111111158,0.3333333134651184,0.31250002343749705,0.8124998807907104,0.4374999403953552,0.5624999403953552
2,1,0.9999999166666736,0.3333333134651184,0.6416666696280362,0.9999995231628418,0.4999997615814209,0.0
2,1,0.7499999375000053,0.5833333134651184,0.4027778024691331,0.0,0.0,0.0
2,1,0.7499999375000053,0.45454540848731995,0.47222221756115457,0.8333331942558289,0.333333283662796,0.666666567325592
2,1,0.4999999583333368,0.5999999642372131,0.3333333849341005,0.9999998807907104,0.7499999403953552,0.6874999403953552
3,1,0.7499999375000053,0.45454540848731995,0.5486111308354127,0.0,0.0,0.0
2,1,0.5833332847222263,0.4999999701976776,0.3412698685707126,0.5999999642372131,0.5999999642372131,0.3999999761581421
2,1,0.41666663194444736,0.6666666269302368,0.42500003999999203,0.8333332538604736,0.6666666269302368,0.5416666269302368
2,1,0.9166665902777842,0.1666666567325592,0.50568180490842,0.7499999403953552,0.7999999523162842,0.5999999642372131
2,1,0.8333332638888947,0.2499999850988388,0.5888889045511612,0.7999999523162842,0.47999995946884155,0.4399999678134918
2,1,0.4999999583333368,0.45454540848731995,0.2500000416666597,0.8749998807907104,0.3749999701976776,0.6249999403953552
2,1,0.5833332847222263,0.6666666269302368,0.2857143163265262,0.666666567325592,0.666666567325592,0.4999999403953552
2,1,0.6666666111111158,0.5833333134651184,0.25000003124999604,0.7058822512626648,0.6470587253570557,0.6470587253570557
2,1,0.4999999583333368,0.6363635659217834,0.39583336111110645,0.9999995231628418,0.0,0.9999995231628418
3,1,0.5833332847222263,0.3999999761581421,0.2857143163265262,0.0,0.0,0.0
2,1,0.6666666111111158,0.5833333134651184,0.35416668017005626,0.49999988079071045,0.7499998211860657,0.49999988079071045
1,2,0.9166665902777842,0.2499999850988388,0.5431818287502779,0.8461537957191467,0.6923076510429382,0.4615384340286255
2,1,0.9166665902777842,0.09090908616781235,0.5369318347107424,0.7499998211860657,0.49999988079071045,0.7499998211860657
1,2,0.9166665902777842,0.2499999850988388,0.5577651481758608,0.4999999403953552,0.6999999284744263,0.09999999403953552
2,1,0.6666666111111158,0.3636363446712494,0.37500003124999604,0.6666664481163025,0.9999997019767761,0.33333322405815125
2,1,0.7499999375000053,0.27272725105285645,0.47222221756115457,0.6249999403953552,0.7499999403953552,0.3124999701976776
1,1,0.6666666111111158,0.45454540848731995,0.43750003124999604,0.7499999403953552,0.464285671710968,0.3928571045398712
2,1,0.4999999583333368,0.4999999403953552,0.45833336111110645,0.7499999403953552,0.5714285373687744,0.3928571045398712
1,2,0.9166665902777842,0.3333333134651184,0.5858585850098024,0.7499999403953552,0.4999999701976776,0.5416666269302368
1,2,0.7499999375000053,0.4999999701976776,0.6805555579671257,0.6799999475479126,0.6399999260902405,0.47999995946884155
2,1,0.6666666111111158,0.45454540848731995,0.8750000078124991,0.42105257511138916,0.7894735932350159,0.3684210181236267
2,1,0.9166665902777842,0.1666666567325592,0.4227272993488923,0.6470587253570557,0.8235293030738831,0.47058817744255066
2,1,0.8333332638888947,0.2499999850988388,0.5166666717325576,0.8181817531585693,0.45454540848731995,0.6363635659217834
2,1,0.7499999375000053,0.3333333134651184,0.3819444592016923,0.8235293030738831,0.5882351994514465,0.6470587253570557
2,1,0.8333332638888947,0.2499999850988388,0.5187500199999979,0.7999999523162842,0.7999999523162842,0.6999999284744263
1,2,0.8333332638888947,0.2499999850988388,0.6777777732406982,0.923076868057251,0.5384615063667297,0.6923076510429382
1,2,0.9166665902777842,0.3333333134651184,0.46818184067120683,0.8421051502227783,0.473684161901474,0.684210479259491
2,1,0.8333332638888947,0.4166666269302368,0.4250000199999979,0.9047618508338928,0.714285671710968,0.6190475821495056
1,2,0.6666666111111158,0.45454540848731995,0.36805557568168346,0.7777777314186096,0.6296296119689941,0.4814814329147339
2,1,0.5833332847222263,0.3999999761581421,0.457142871590553,0.8181817531585693,0.5454545021057129,0.27272725105285645
2,1,0.6666666111111158,0.45454540848731995,0.5583333529319743,0.8571427464485168,0.7142856121063232,0.8571427464485168
2,1,0.6666666111111158,0.4999999701976776,0.5069444711933107,0.9999999403953552,0.5454545021057129,0.6363635659217834
1,2,0.9166665902777842,0.2499999850988388,0.7111742457216508,0.9444443583488464,0.8333332538604736,0.9444443583488464
3,1,0.5833332847222263,0.45454540848731995,0.3412698685707126,0.0,0.0,0.0
2,1,0.6666666111111158,0.3636363446712494,0.45833332909011637,0.9999998807907104,0.5999999642372131,0.7999999523162842
2,1,0.7499999375000053,0.4166666269302368,0.5486111308354127,0.7499999403953552,0.6666666269302368,0.5416666269302368
2,1,0.9999999166666736,0.0833333283662796,0.6458333387829454,0.9999998807907104,0.47058817744255066,0.41176465153694153
1,2,0.6666666111111158,0.27272725105285645,0.39583336670493785,0.8499999046325684,0.4999999403953552,0.5499999523162842
1,2,0.5833332847222263,0.4999999701976776,0.5079365253032718,0.7499999403953552,0.5499999523162842,0.5999999642372131
1,2,0.5833332847222263,0.4999999701976776,0.369047659593967,0.9411763548851013,0.47058817744255066,0.7058822512626648
2,1,0.6666666111111158,0.4166666269302368,0.5069444711933107,0.7619047164916992,0.476190447807312,0.5238094925880432
2,1,0.7499999375000053,0.3333333134651184,0.603174602747857,0.3999999761581421,0.9333332777023315,0.3999999761581421
3,1,0.7499999375000053,0.1818181723356247,0.5166666891588261,0.0,0.0,0.0
1,2,0.9166665902777842,0.0,0.5160984914433016,0.7999998331069946,0.9999998211860657,0.3999999165534973
2,1,0.41666663194444736,0.5454545021057129,0.46666669673255123,0.7333332896232605,0.7999999523162842,0.5333333015441895
1,2,0.8333332638888947,0.2499999850988388,0.44583333346511633,0.7368420362472534,0.7368420362472534,0.473684161901474
2,1,0.9166665902777842,0.0,0.589015163077022,0.9999998807907104,0.4999999403953552,0.8749998807907104
1,2,0.7499999375000053,0.3333333134651184,0.48333335781231423,0.6363635659217834,0.5909090638160706,0.3636363446712494
1,2,0.5833332847222263,0.4999999701976776,0.3412698685707126,0.7222221493721008,0.4999999403953552,0.4999999403953552
2,1,0.4999999583333368,0.5833333134651184,0.3333333849341005,0.7499999403953552,0.3999999761581421,0.5999999642372131
2,1,0.9166665902777842,0.1666666567325592,0.35606060685354624,0.8333332538604736,0.611111044883728,0.611111044883728
2,1,0.7499999375000053,0.4166666269302368,0.3819444592016923,0.6896551251411438,0.58620685338974,0.517241358757019
2,1,0.6666666111111158,0.4999999701976776,0.562500023437497,0.7692307829856873,0.4871794879436493,0.4871794879436493
4,1,0.41666663194444736,0.7499999403953552,0.42500003999999203,0.0,0.0,0.0
2,1,0.9166665902777842,0.2499999850988388,0.5160984914433016,0.7234042286872864,0.6170212626457214,0.4893617033958435
2,1,0.7499999375000053,0.4166666269302368,0.5666666712774326,0.8684210777282715,0.44736841320991516,0.6052631735801697
2,1,0.8333332638888947,0.1818181723356247,0.30000003692092647,0.7142857313156128,0.5142857432365417,0.48571428656578064
2,1,0.9166665902777842,0.09090908616781235,0.4893939322395936,0.7027027010917664,0.8108108043670654,0.6216216087341309
1,2,0.41666663194444736,0.7499999403953552,0.5916666967325512,0.8157894611358643,0.7105262875556946,0.5526315569877625
3,1,0.9166665902777842,0.2499999850988388,0.6969697043993364,0.0,0.0,0.0
2,1,0.9999999166666736,0.1666666567325592,0.6666666820503862,0.9374998807907104,0.3749999701976776,0.9374998807907104
2,1,0.9166665902777842,0.09090908616781235,0.7320075740879304,0.9999999403953552,0.4615384340286255,0.38461536169052124
2,1,0.6666666111111158,0.4999999701976776,0.35416668017005626,0.5454545021057129,0.7272726893424988,0.27272725105285645
2,1,0.7499999375000053,0.4166666269302368,0.5138889040960362,0.8529411554336548,0.6176470518112183,0.5
2,1,0.4999999583333368,0.6666666269302368,0.4166666983992189,0.559999942779541,0.6799999475479126,0.4399999678134918
2,1,0.7499999375000053,0.4166666269302368,0.3819444592016923,0.666666567325592,0.49999991059303284,0.49999991059303284
2,1,0.9999999166666736,0.4166666269302368,0.7250000193573625,0.49999988079071045,0.49999988079071045,0.49999988079071045
2,1,0.9999999166666736,0.4166666269302368,0.6250000104166658,0.9374998807907104,0.3749999701976776,0.6874999403953552
2,1,0.7499999375000053,0.5454545021057129,0.47222221756115457,0.6249999403953552,0.8749998807907104,0.4374999403953552
2,1,0.8333332638888947,0.5833333134651184,0.30000003692092647,0.9999999403953552,0.5999999642372131,0.46666663885116577
2,1,0.8333332638888947,0.45454540848731995,0.5500000199999979,0.7499998211860657,0.49999988079071045,0.7499998211860657
2,1,0.5833332847222263,0.3636363446712494,0.6821428805312497,0.45454540848731995,0.7727271914482117,0.45454540848731995
1,2,0.7499999375000053,0.3333333134651184,0.6333333488716175,0.8999999165534973,0.3999999761581421,0.6666666269302368
2,1,0.8333332638888947,0.2499999850988388,0.3937500199999979,0.923076868057251,0.5384615063667297,0.6923076510429382
2,1,0.7499999375000053,0.1818181723356247,0.38888890409603616,0.8461537957191467,0.4999999701976776,0.615384578704834
2,1,0.7499999375000053,0.3333333134651184,0.4444444592016923,0.6538460850715637,0.7692307233810425,0.4615384340286255
1,2,0.8333332638888947,0.1818181723356247,0.3937500199999979,0.7368420362472534,0.5789473056793213,0.31578943133354187
1,2,0.8333332638888947,0.1818181723356247,0.44583333346511633,0.6428570747375488,0.714285671710968,0.5714285373687744
2,1,0.5833332847222263,0.45454540848731995,0.2857143163265262,0.3999999761581421,0.5999999642372131,0.29999998211860657
2,1,0.4999999583333368,0.5454545021057129,0.3333333849341005,0.8181817531585693,0.8181817531585693,0.6363635659217834
1,2,0.9999999166666736,0.1666666567325592,0.7222222342945726,0.9999998807907104,0.7647057771682739,0.8823528289794922
3,1,0.7499999375000053,0.27272725105285645,0.6924603340634697,0.0,0.0,0.0
2,1,0.9166665902777842,0.09090908616781235,0.6969697043993364,0.8461537957191467,0.23076921701431274,0.38461536169052124
2,1,0.7499999375000053,0.4166666269302368,0.5666666712774326,0.7199999690055847,0.4399999678134918,0.35999998450279236
2,1,0.7499999375000053,0.4166666269302368,0.611111127973943,0.6206896305084229,0.6896551251411438,0.6206896305084229
2,1,0.8333332638888947,0.1818181723356247,0.6416666866337188,0.7499999403953552,0.4999999403953552,0.5624999403953552
1,1,0.6666666111111158,0.5833333134651184,0.42361109812354747,0.75,0.4444444477558136,0.4166666567325592
2,1,0.8333332638888947,0.4166666269302368,0.7541666667325582,0.0,0.0,0.0
2,1,0.9166665902777842,0.3333333134651184,0.589015163077022,0.0,0.0,0.0
2,1,0.41666663194444736,0.7272726893424988,0.30000003999999203,0.7999999523162842,0.44999995827674866,0.3999999761581421
2,1,0.4999999583333368,0.6363635659217834,0.45833336111110645,0.863636314868927,0.4999999701976776,0.4999999701976776
2,1,0.7499999375000053,0.19999998807907104,0.38888890409603616,0.9499999284744263,0.4999999403953552,0.5499999523162842
2,1,0.9999999166666736,0.2499999850988388,0.5666666899882408,0.9090908169746399,0.4999999701976776,0.45454540848731995
2,1,0.8333332638888947,0.4166666269302368,0.3000000199999979,0.4444443881511688,0.2222221940755844,0.4444443881511688
2,1,0.7499999375000053,0.3636363446712494,0.5500000205053379,0.5357142686843872,0.6785714030265808,0.3214285373687744
2,1,0.7499999375000053,0.19999998807907104,0.3402778024691331,0.9999999403953552,0.5833333134651184,0.5833333134651184
2,1,0.7499999375000053,0.1818181723356247,0.6666666802181294,0.0,0.0,0.0
2,1,0.6666666111111158,0.27272725105285645,0.37500003124999604,0.8571427464485168,0.4285713732242584,0.5714284777641296
3,1,0.7499999375000053,0.3333333134651184,0.5277777996076634,0.0,0.0,0.0
2,1,0.5833332847222263,0.4999999701976776,0.5321428894719464,0.6666664481163025,0.6666664481163025,0.9999997019767761
2,1,0.8333332638888947,0.09090908616781235,0.622222235897673,0.666666567325592,0.7777776718139648,0.4444443881511688
1,2,0.7499999375000053,0.3333333134651184,0.5416666951192906,0.6799999475479126,0.559999942779541,0.47999995946884155
2,1,0.7499999375000053,0.3333333134651184,0.5486111308354127,0.4999997615814209,0.4999997615814209,0.0
2,1,0.4999999583333368,0.45454540848731995,0.33333336111110645,0.9545453786849976,0.6818181276321411,0.8181817531585693
3,1,0.5833332847222263,0.3636363446712494,0.4801587640823398,0.0,0.0,0.0
2,1,0.9166665902777842,0.1666666567325592,0.38068183471074235,0.8333332538604736,0.6666666269302368,0.8333332538604736
2,1,0.8333332638888947,0.2499999850988388,0.3000000199999979,0.7272726893424988,0.45454540848731995,0.5454545021057129
2,1,0.6666666111111158,0.27272725105285645,0.7083333439912776,0.714285671710968,0.6785714030265808,0.3928571045398712
2,1,0.9166665902777842,0.0,0.5858585850098024,0.714285671710968,0.6190475821495056,0.4285714030265808
2,1,0.7499999375000053,0.3333333134651184,0.37500000858440896,0.8333332538604736,0.4999999701976776,0.7499999403953552
3,1,0.7499999375000053,0.3333333134651184,0.7222222296008461,0.0,0.0,0.0
3,1,0.9166665902777842,0.09090908616781235,0.5369318347107424,0.0,0.0,0.0
2,1,0.5833332847222263,0.5833333134651184,0.5321428894719464,0.8666666150093079,0.7999999523162842,0.46666663885116577
2,1,0.9166665902777842,0.2499999850988388,0.45606063069540415,0.7368420362472534,0.5263157486915588,0.31578943133354187
2,1,0.41666663194444736,0.4999999403953552,0.46666669673255123,0.8888887763023376,0.7777776718139648,0.8888887763023376
2,1,0.7499999375000053,0.4166666269302368,0.2777778024691331,0.7199999690055847,0.47999995946884155,0.3999999761581421
2,1,0.9166665902777842,0.0833333283662796,0.64141415215515,0.8333333134651184,0.5833333134651184,0.5833333134651184
1,2,0.8333332638888947,0.1666666567325592,0.4875000199999979,0.7804877758026123,0.4878048896789551,0.39024388790130615
2,1,0.6666666111111158,0.3333333134651184,0.31250002343749705,0.8214285969734192,0.625,0.625
1,2,0.5833332847222263,0.4166666269302368,0.3412698685707126,0.8072289228439331,0.6024096608161926,0.40963855385780334
2,1,0.41666663194444736,0.5833333134651184,0.38333335346511044,0.7432432174682617,0.5,0.5675675868988037
2,1,0.9166665902777842,0.4999999701976776,0.4227272993488923,0.6857143044471741,0.7142857313156128,0.4285714328289032
2,1,0.7499999375000053,0.5454545021057129,0.4027778024691331,0.8591549396514893,0.6056337952613831,0.591549277305603
1,1,0.6666666111111158,0.6363635659217834,0.43750002343749705,0.7848101258277893,0.6202531456947327,0.5316455960273743
2,1,0.4999999583333368,0.6999999284744263,0.33333336111110645,0.8142856955528259,0.6571428775787354,0.6285714507102966
1,2,0.6666666111111158,0.7499999403953552,0.37500003124999604,0.7051281929016113,0.4871794879436493,0.42307692766189575
2,1,0.9166665902777842,0.1666666567325592,0.38068183471074235,0.6666666269302368,0.7333332896232605,0.5333333015441895
2,1,0.8333332638888947,0.2499999850988388,0.3937500199999979,0.9090908169746399,0.5909090638160706,0.4999999701976776
1,2,0.7499999375000053,0.3333333134651184,0.4027778024691331,0.7894735932350159,0.3684210181236267,0.31578943133354187
2,1,0.8333332638888947,0.2499999850988388,0.5861111194883712,0.7999999523162842,0.3999999761581421,0.4999999403953552
2,1,0.7499999375000053,0.3333333134651184,0.43055556082859536,0.6923076510429382,0.4615384340286255,0.38461536169052124
2,1,0.6666666111111158,0.29999998211860657,0.35416668017005626,0.8333331942558289,0.8333331942558289,0.49999991059303284
2,1,0.7499999375000053,0.3636363446712494,0.48333335781231423,0.6190475821495056,0.714285671710968,0.3809523582458496
4,1,0.9166665902777842,0.3333333134651184,0.6636363730528245,0.0,0.0,0.0
2,1,0.6666666111111158,0.45454540848731995,0.35416668017005626,0.6999999284744263,0.6999999284744263,0.19999998807907104
2,1,0.7499999375000053,0.3636363446712494,0.5333333697332432,0.6666664481163025,0.6666664481163025,0.6666664481163025
2,1,0.7499999375000053,0.4166666269302368,0.3194444592016923,0.9999998807907104,0.8571427464485168,0.7142856121063232
2,1,0.8333332638888947,0.1818181723356247,0.40416667673255713,0.6176470518112183,0.7058823704719543,0.4117647111415863
2,1,0.9166665902777842,0.2499999850988388,0.48484849144330155,0.7096773982048035,0.4516128897666931,0.35483869910240173
2,1,0.8333332638888947,0.3333333134651184,0.3937500199999979,0.8846153020858765,0.615384578704834,0.4999999701976776
1,2,0.9166665902777842,0.2499999850988388,0.817424248701883,0.5249999761581421,0.824999988079071,0.6000000238418579
